-1.174094000000000015e+01,1.435712000000000099e+00,-2.171088999999999825e+00,-1.690461000000000169e+01,1.552402999999999800e+01,1.257823999999999920e+01,3.307417999999999836e+01,8.009745999999999880e-03,-5.682379000000000069e+00,5.328598000000000212e+01,3.251659000000000077e+01,-4.158670000000000044e+01,-4.162518999999999778e+02,0.000000000000000000e+00,0.000000000000000000e+00,-1.174094000000000015e+01,-1.435712000000000099e+00,2.171088999999999825e+00,-2.870677999999999841e+01,4.398784000000000027e+00,7.082711999999999897e+00,2.988410000000000011e+01,-5.204257000000000133e+00,2.391445000000000043e+00,6.056916999999999263e+01,3.572849000000000075e+01,-5.276580999999999477e+01,-4.055824000000000069e+02,0.000000000000000000e+00,0.000000000000000000e+00
-1.082463000000000086e+01,9.723353000000001245e-01,-2.521409000000000233e+00,-1.587209999999999965e+01,1.557271000000000072e+01,1.330508999999999986e+01,3.335184999999999889e+01,1.112183999999999950e-01,-5.779023999999999717e+00,5.424349000000000132e+01,3.227999000000000507e+01,-4.224904000000000082e+01,-4.183242999999999938e+02,0.000000000000000000e+00,0.000000000000000000e+00,-1.082463000000000086e+01,-9.723353000000001245e-01,2.521409000000000233e+00,-2.842617000000000260e+01,4.647269999999999790e+00,7.188508000000000564e+00,2.927165999999999713e+01,-5.606786000000000492e+00,2.425136000000000180e+00,5.966949999999999932e+01,3.372522999999999627e+01,-5.743999999999999773e+01,-4.108688000000000216e+02,0.000000000000000000e+00,0.000000000000000000e+00
-1.082463000000000086e+01,9.723353000000001245e-01,-2.521409000000000233e+00,-1.562548999999999921e+01,1.514351000000000091e+01,1.245481999999999978e+01,3.342193999999999932e+01,-4.124491000000000129e-01,-5.785745999999999611e+00,5.446256999999999238e+01,3.150215000000000032e+01,-4.362151000000000067e+01,-4.184164000000000101e+02,0.000000000000000000e+00,0.000000000000000000e+00,-1.082463000000000086e+01,-9.723353000000001245e-01,2.521409000000000233e+00,-2.749702000000000268e+01,3.812189000000000050e+00,5.329448999999999437e+00,2.946840999999999866e+01,-6.780344999999999622e+00,2.268059000000000047e+00,5.974666999999999462e+01,2.995472999999999786e+01,-5.685625999999999891e+01,-4.090498999999999796e+02,0.000000000000000000e+00,0.000000000000000000e+00
-1.084113999999999933e+01,5.239262999999999559e-01,-2.874300999999999995e+00,-1.468299000000000021e+01,1.450164999999999971e+01,1.036992000000000047e+01,3.391784000000000532e+01,-6.482624000000000164e-01,-6.627621999999999680e+00,5.341120999999999697e+01,2.951238000000000028e+01,-4.279365999999999559e+01,-4.167298999999999864e+02,0.000000000000000000e+00,0.000000000000000000e+00,-1.084113999999999933e+01,-5.239262999999999559e-01,2.874300999999999995e+00,-2.667483000000000004e+01,1.630681999999999965e+00,5.679635000000000211e+00,2.962014999999999887e+01,-8.710238999999999621e+00,2.629370000000000207e+00,5.690970000000000084e+01,2.509207999999999927e+01,-5.508250999999999920e+01,-4.038202999999999747e+02,0.000000000000000000e+00,0.000000000000000000e+00
-1.084113999999999933e+01,5.239262999999999559e-01,-2.874300999999999995e+00,-1.424233999999999867e+01,1.383327999999999847e+01,9.348364000000000118e+00,3.359937999999999647e+01,-1.134241000000000055e+00,-7.112070000000000114e+00,5.201485999999999876e+01,2.802352999999999739e+01,-4.154722000000000293e+01,-4.147366000000000099e+02,0.000000000000000000e+00,0.000000000000000000e+00,-1.084113999999999933e+01,-5.239262999999999559e-01,2.874300999999999995e+00,-2.571959999999999980e+01,3.895829000000000097e-01,5.203739999999999810e+00,2.966075999999999624e+01,-1.001490000000000080e+01,2.204164000000000012e+00,5.439036000000000115e+01,2.204742000000000246e+01,-5.094617999999999824e+01,-3.978512000000000057e+02,0.000000000000000000e+00,0.000000000000000000e+00
-1.086028999999999911e+01,1.682167000000000245e-01,-2.435802000000000245e+00,-1.359120000000000061e+01,1.381947999999999865e+01,1.014227999999999952e+01,3.387098999999999904e+01,-1.486820999999999948e+00,-7.108328000000000202e+00,5.296488000000000795e+01,2.733117999999999981e+01,-4.229337000000000302e+01,-4.155106999999999857e+02,0.000000000000000000e+00,0.000000000000000000e+00,-1.086028999999999911e+01,-1.682167000000000245e-01,2.435802000000000245e+00,-2.614457000000000164e+01,8.870520000000000627e-01,5.437363999999999642e+00,2.927912000000000248e+01,-9.690699000000000396e+00,2.051290000000000280e+00,5.268050000000000210e+01,2.129389000000000109e+01,-5.001395999999999731e+01,-3.977142000000000053e+02,0.000000000000000000e+00,0.000000000000000000e+00
-1.082588999999999935e+01,6.158514000000000488e-01,-2.078908999999999896e+00,-1.351456000000000124e+01,1.313835000000000086e+01,9.632963999999999416e+00,3.432990000000000208e+01,-1.647577000000000069e+00,-6.686803999999999526e+00,5.250778999999999996e+01,2.819810999999999623e+01,-3.988472000000000151e+01,-4.139085999999999785e+02,0.000000000000000000e+00,0.000000000000000000e+00,-1.082588999999999935e+01,-6.158514000000000488e-01,2.078908999999999896e+00,-2.599267000000000039e+01,9.795476000000000738e-01,7.880014999999999326e+00,3.014937999999999718e+01,-9.544899000000000910e+00,3.004531999999999758e+00,5.054142999999999830e+01,2.390076000000000178e+01,-4.528526000000000096e+01,-3.937447999999999979e+02,0.000000000000000000e+00,0.000000000000000000e+00
-1.082588999999999935e+01,6.158514000000000488e-01,-2.078908999999999896e+00,-1.409140999999999977e+01,1.359427000000000163e+01,9.856398999999999688e+00,3.515815999999999519e+01,-1.819091000000000014e+00,-6.136626000000000580e+00,5.048628000000000071e+01,2.903430999999999784e+01,-3.738640999999999792e+01,-4.107896000000000072e+02,0.000000000000000000e+00,0.000000000000000000e+00,-1.082588999999999935e+01,-6.158514000000000488e-01,2.078908999999999896e+00,-2.599633000000000038e+01,1.807655000000000012e+00,5.825037000000000020e+00,3.169434000000000395e+01,-9.710647999999999058e+00,4.328396999999999828e+00,4.767163000000000039e+01,2.480121000000000109e+01,-4.080029000000000394e+01,-3.903625000000000114e+02,0.000000000000000000e+00,0.000000000000000000e+00
-1.074125000000000085e+01,1.629732999999999876e-01,-2.432363000000000053e+00,-1.374983999999999895e+01,1.425422000000000189e+01,9.678119000000000582e+00,3.478244000000000113e+01,-2.255409000000000219e+00,-6.205146000000000051e+00,4.145103999999999900e+01,2.727634000000000114e+01,-2.955102999999999724e+01,-4.022078000000000202e+02,0.000000000000000000e+00,0.000000000000000000e+00,-1.074125000000000085e+01,-1.629732999999999876e-01,2.432363000000000053e+00,-2.558670000000000044e+01,2.205073000000000061e+00,6.629677000000000042e+00,3.201323000000000008e+01,-9.942192999999999614e+00,5.167441999999999425e+00,3.631989999999999696e+01,2.250315000000000154e+01,-2.857717000000000240e+01,-3.826818999999999846e+02,0.000000000000000000e+00,0.000000000000000000e+00
-1.075487000000000037e+01,-1.922584999999999988e-01,-1.994307000000000052e+00,-1.338697000000000159e+01,1.339128999999999969e+01,6.540904000000000273e+00,3.356953000000000031e+01,-2.932113000000000191e+00,-7.355030000000000179e+00,2.777787999999999968e+01,2.482509999999999906e+01,-1.621639000000000053e+01,-3.874660000000000082e+02,0.000000000000000000e+00,0.000000000000000000e+00,-1.075487000000000037e+01,1.922584999999999988e-01,1.994307000000000052e+00,-2.549749999999999872e+01,2.559137999999999913e+00,6.130189999999999806e+00,3.058207000000000164e+01,-1.067586999999999975e+01,3.239283000000000357e+00,1.864222000000000179e+01,2.099859999999999971e+01,-9.364364000000000132e+00,-3.579402999999999793e+02,0.000000000000000000e+00,0.000000000000000000e+00
-1.082169000000000025e+01,2.592316000000000065e-01,-1.637844000000000078e+00,-1.333092999999999861e+01,1.365337999999999852e+01,6.633203999999999212e+00,3.295010999999999513e+01,-4.025801999999999659e+00,-7.853600999999999388e+00,9.201639000000000124e+00,2.383599999999999852e+01,2.833029000000000241e+00,-3.656918000000000006e+02,0.000000000000000000e+00,0.000000000000000000e+00,-1.082169000000000025e+01,-2.592316000000000065e-01,1.637844000000000078e+00,-2.591483999999999810e+01,2.675304000000000126e+00,1.940193000000000056e+00,2.923104000000000369e+01,-1.075178000000000011e+01,1.207549999999999901e+00,-1.542362000000000177e-01,2.118843000000000032e+01,1.387517000000000067e+01,-3.319651000000000067e+02,0.000000000000000000e+00,0.000000000000000000e+00
-1.097390000000000043e+01,1.167424999999999935e+00,-9.380985000000000573e-01,-1.348438999999999943e+01,1.318052999999999919e+01,6.397408000000000428e+00,3.092944999999999922e+01,-5.365573999999999621e+00,-8.699334000000000344e+00,-9.830092999999999748e+00,2.495504999999999995e+01,2.263325999999999993e+01,-3.461028000000000020e+02,0.000000000000000000e+00,0.000000000000000000e+00,-1.097390000000000043e+01,-1.167424999999999935e+00,9.380985000000000573e-01,-2.557415999999999912e+01,4.037601999999999691e+00,2.064674000000000120e+00,2.903782999999999959e+01,-1.109053000000000111e+01,-8.112435000000000063e-01,-1.889337000000000089e+01,2.329570999999999970e+01,3.656107999999999691e+01,-3.076121999999999730e+02,0.000000000000000000e+00,0.000000000000000000e+00
-1.107688999999999879e+01,1.615232999999999919e+00,-5.833891999999999411e-01,-1.311885999999999974e+01,1.278273000000000081e+01,4.315087999999999369e+00,3.020432000000000272e+01,-6.357855999999999952e+00,-9.637883999999999673e+00,-2.365090999999999966e+01,2.780979000000000312e+01,3.792255999999999716e+01,-3.274902000000000157e+02,0.000000000000000000e+00,0.000000000000000000e+00,-1.107688999999999879e+01,-1.615232999999999919e+00,5.833891999999999411e-01,-2.550910000000000011e+01,4.585426000000000002e+00,-4.689498999999999751e-01,2.786437000000000097e+01,-1.125818999999999903e+01,-2.824981000000000186e+00,-3.048635999999999768e+01,2.649779000000000195e+01,5.057352000000000203e+01,-2.967653999999999996e+02,0.000000000000000000e+00,0.000000000000000000e+00
-1.074546000000000134e+01,1.959759999999999946e+00,-1.026654000000000178e+00,-1.283911999999999942e+01,1.375009999999999977e+01,1.872016999999999820e+00,2.854415999999999798e+01,-7.321905000000000108e+00,-1.145614999999999917e+01,-3.363114999999999810e+01,3.140572000000000230e+01,4.839787000000000461e+01,-3.168124000000000251e+02,0.000000000000000000e+00,0.000000000000000000e+00,-1.074546000000000134e+01,-1.959759999999999946e+00,1.026654000000000178e+00,-2.486244999999999905e+01,5.620851999999999293e+00,-2.014861999999999931e+00,2.673780999999999608e+01,-1.170653000000000077e+01,-4.467927999999999678e+00,-3.960692999999999842e+01,2.863437000000000054e+01,6.069514999999999816e+01,-2.852103000000000179e+02,0.000000000000000000e+00,0.000000000000000000e+00
-1.065516000000000041e+01,2.328672999999999771e+00,-1.459470000000000045e+00,-1.375370000000000026e+01,1.370707000000000164e+01,1.036774000000000084e+00,2.644365999999999772e+01,-7.758350000000000080e+00,-1.310088000000000008e+01,-4.112284999999999968e+01,3.468802999999999770e+01,5.538076999999999828e+01,-3.106032000000000153e+02,0.000000000000000000e+00,0.000000000000000000e+00,-1.065516000000000041e+01,-2.328672999999999771e+00,1.459470000000000045e+00,-2.411749000000000009e+01,5.853525000000000311e+00,-3.276979000000000308e+00,2.677804000000000073e+01,-1.262250000000000050e+01,-4.974178000000000210e+00,-4.475692999999999699e+01,3.114519999999999911e+01,6.767412000000000205e+01,-6.167699000000000069e+02,0.000000000000000000e+00,0.000000000000000000e+00
-1.057376999999999967e+01,2.326582000000000150e+00,-1.462503000000000108e+00,-1.453061000000000114e+01,1.377480000000000082e+01,-1.077668999999999988e+00,2.433124000000000109e+01,-8.287895999999999930e+00,-1.433442000000000149e+01,-4.671580999999999761e+01,3.805431000000000097e+01,5.925348000000000326e+01,-3.058903999999999996e+02,0.000000000000000000e+00,0.000000000000000000e+00,-1.057376999999999967e+01,-2.326582000000000150e+00,1.462503000000000108e+00,-2.373662999999999812e+01,6.629528999999999783e+00,-2.620718999999999799e+00,2.608315999999999946e+01,-1.248388999999999882e+01,-6.233206000000000024e+00,-4.846557999999999566e+01,3.391284000000000276e+01,7.206806000000000267e+01,-6.325059999999999718e+02,0.000000000000000000e+00,0.000000000000000000e+00
-1.022496000000000116e+01,1.883893999999999957e+00,-1.818118000000000123e+00,-1.472755000000000081e+01,1.486277999999999899e+01,-4.079480000000000217e+00,2.247217999999999805e+01,-8.414433000000000717e+00,-1.639747000000000199e+01,-4.981717000000000439e+01,4.271414000000000044e+01,6.536243000000000336e+01,-2.976541000000000281e+02,0.000000000000000000e+00,0.000000000000000000e+00,-1.022496000000000116e+01,-1.883893999999999957e+00,1.818118000000000123e+00,-2.405897999999999826e+01,7.426741999999999955e+00,-4.026498999999999384e+00,2.463729999999999976e+01,-1.374057999999999957e+01,-7.003886999999999752e+00,-5.316895000000000238e+01,3.660634000000000299e+01,7.610772000000000048e+01,-6.262365999999999531e+02,0.000000000000000000e+00,0.000000000000000000e+00
-1.022496000000000116e+01,1.883893999999999957e+00,-1.818118000000000123e+00,-1.568942000000000192e+01,1.585222999999999871e+01,-4.520291000000000281e+00,2.076614000000000004e+01,-7.924257000000000772e+00,-1.807232999999999734e+01,-5.248349000000000331e+01,4.553047000000000111e+01,7.080674000000000490e+01,-2.932710000000000150e+02,0.000000000000000000e+00,0.000000000000000000e+00,-1.022496000000000116e+01,-1.883893999999999957e+00,1.818118000000000123e+00,-2.445968999999999838e+01,7.715558000000000582e+00,-5.686659999999999826e+00,2.350504000000000104e+01,-1.425760000000000005e+01,-8.529999000000000109e+00,-5.593456999999999368e+01,3.857580000000000098e+01,7.854426999999999737e+01,-6.262414999999999736e+02,0.000000000000000000e+00,0.000000000000000000e+00
-1.022496000000000116e+01,1.883893999999999957e+00,-1.818118000000000123e+00,-1.647640000000000171e+01,1.740197000000000216e+01,-5.106644999999999435e+00,1.869093999999999767e+01,-7.554860999999999827e+00,-1.946639000000000053e+01,-5.499170999999999765e+01,4.825256999999999863e+01,7.369830999999999221e+01,-2.908675000000000068e+02,0.000000000000000000e+00,0.000000000000000000e+00,-1.022496000000000116e+01,-1.883893999999999957e+00,1.818118000000000123e+00,-2.418426000000000187e+01,8.110764999999998892e+00,-7.848517000000000188e+00,2.242898999999999887e+01,-1.485496000000000016e+01,-9.524911999999998713e+00,-5.801386999999999716e+01,4.083661000000000030e+01,7.999690999999999974e+01,-6.235762999999999465e+02,0.000000000000000000e+00,0.000000000000000000e+00
-1.022496000000000116e+01,1.883893999999999957e+00,-1.818118000000000123e+00,-1.692927999999999855e+01,1.849112000000000222e+01,-6.037097000000000158e+00,1.723118999999999801e+01,-7.292432000000000691e+00,-2.091626000000000118e+01,-5.709300000000000352e+01,5.004926999999999992e+01,7.621665000000000134e+01,-2.887830999999999904e+02,0.000000000000000000e+00,0.000000000000000000e+00,-1.022496000000000116e+01,-1.883893999999999957e+00,1.818118000000000123e+00,-2.392471000000000103e+01,8.549424000000000134e+00,-8.425060999999999467e+00,2.114412000000000091e+01,-1.490781000000000134e+01,-1.030333999999999861e+01,-6.035116999999999621e+01,4.233295999999999992e+01,8.287269000000000574e+01,-9.855761999999999716e+02,0.000000000000000000e+00,0.000000000000000000e+00
-1.022496000000000116e+01,1.883893999999999957e+00,-1.818118000000000123e+00,-1.703358000000000061e+01,1.888800000000000168e+01,-7.249616999999999756e+00,1.571677999999999820e+01,-6.507310999999999623e+00,-2.170347999999999900e+01,-5.927713000000000676e+01,5.159467000000000070e+01,7.823780999999999608e+01,-2.858478000000000065e+02,0.000000000000000000e+00,0.000000000000000000e+00,-1.022496000000000116e+01,-1.883893999999999957e+00,1.818118000000000123e+00,-2.342788999999999788e+01,8.313342999999999705e+00,-9.435303999999998581e+00,2.077006000000000085e+01,-1.545707999999999949e+01,-1.126278000000000112e+01,-6.172373999999999938e+01,4.382704000000000377e+01,8.622983999999999583e+01,-6.129480999999999540e+02,0.000000000000000000e+00,0.000000000000000000e+00
-1.057344999999999935e+01,1.883056000000000063e+00,-1.816078999999999999e+00,-1.750044000000000111e+01,1.844603000000000037e+01,-7.729928999999999384e+00,1.466547000000000089e+01,-6.814263999999999655e+00,-2.197833999999999932e+01,-6.010173000000000343e+01,5.220703999999999922e+01,7.893775999999999726e+01,-2.836567000000000007e+02,0.000000000000000000e+00,0.000000000000000000e+00,-1.057344999999999935e+01,-1.883056000000000063e+00,1.816078999999999999e+00,-2.392040000000000077e+01,7.609774999999999956e+00,-9.903268999999999878e+00,2.044329000000000107e+01,-1.582198999999999955e+01,-1.174971999999999994e+01,-6.179169000000000267e+01,4.484510000000000218e+01,8.814856999999999232e+01,-6.025018999999999778e+02,0.000000000000000000e+00,0.000000000000000000e+00
-1.057344999999999935e+01,1.883056000000000063e+00,-1.816078999999999999e+00,-1.778855000000000075e+01,1.838892999999999844e+01,-7.607472999999999708e+00,1.406122000000000050e+01,-6.851792999999998912e+00,-2.257046000000000063e+01,-6.145100000000000051e+01,5.251856000000000080e+01,8.005571999999999377e+01,-2.837031000000000063e+02,0.000000000000000000e+00,0.000000000000000000e+00,-1.057344999999999935e+01,-1.883056000000000063e+00,1.816078999999999999e+00,-2.409042000000000172e+01,7.839000999999999664e+00,-1.173941999999999908e+01,1.975309000000000026e+01,-1.581194999999999951e+01,-1.228268999999999878e+01,-6.220138000000000744e+01,4.586085999999999530e+01,8.878913000000000011e+01,-6.071118000000000166e+02,0.000000000000000000e+00,0.000000000000000000e+00
-1.057344999999999935e+01,1.883056000000000063e+00,-1.816078999999999999e+00,-1.804241999999999990e+01,1.771448999999999785e+01,-7.514689999999998982e+00,1.329572000000000109e+01,-6.945707000000000519e+00,-2.283546000000000120e+01,-6.261019000000000290e+01,5.290773000000000792e+01,8.084274000000000626e+01,-2.823897999999999797e+02,0.000000000000000000e+00,0.000000000000000000e+00,-1.057344999999999935e+01,-1.883056000000000063e+00,1.816078999999999999e+00,-2.414756000000000213e+01,8.650036000000000058e+00,-9.002338999999999203e+00,1.913120999999999938e+01,-1.524421000000000070e+01,-1.319671000000000127e+01,-6.262758000000000180e+01,4.713092999999999932e+01,9.004968999999999824e+01,-6.084573000000000320e+02,0.000000000000000000e+00,0.000000000000000000e+00
-1.056991999999999976e+01,1.798970000000000180e+00,-2.613396999999999970e+00,-1.847250999999999976e+01,1.842627000000000237e+01,-8.022130000000000649e+00,1.272456999999999994e+01,-6.073052999999999813e+00,-2.316487000000000052e+01,-6.288566999999999751e+01,5.383438000000000301e+01,8.064513999999999783e+01,-2.817599000000000160e+02,0.000000000000000000e+00,0.000000000000000000e+00,-1.056991999999999976e+01,-1.798970000000000180e+00,2.613396999999999970e+00,-2.427930999999999884e+01,8.415440000000000254e+00,-1.003027999999999942e+01,1.845063999999999993e+01,-1.600446000000000168e+01,-1.333006000000000135e+01,-6.381258000000000408e+01,4.791031999999999869e+01,9.222499999999999432e+01,-6.082711000000000467e+02,0.000000000000000000e+00,0.000000000000000000e+00
-1.046958000000000055e+01,1.794256999999999991e+00,-2.614247999999999905e+00,-1.889766000000000190e+01,1.824152999999999736e+01,-8.199016999999999555e+00,1.215015000000000001e+01,-6.625949999999999562e+00,-2.376624999999999943e+01,-6.354729999999999990e+01,5.467479999999999762e+01,8.122166999999998893e+01,-2.806437999999999988e+02,0.000000000000000000e+00,0.000000000000000000e+00,-1.046958000000000055e+01,-1.794256999999999991e+00,2.614247999999999905e+00,-2.447367999999999810e+01,8.810071000000000652e+00,-1.155053000000000019e+01,1.790288999999999930e+01,-1.598622000000000121e+01,-1.430462000000000167e+01,-6.317645000000000266e+01,4.942573000000000150e+01,9.278910999999999376e+01,-6.061443000000000438e+02,0.000000000000000000e+00,0.000000000000000000e+00
-1.050004999999999988e+01,1.351819000000000104e+00,-2.972986999999999824e+00,-1.854080000000000084e+01,1.875732999999999961e+01,-9.362457000000000917e+00,1.195498999999999867e+01,-6.325147000000000297e+00,-2.461435000000000173e+01,-6.378408999999999907e+01,5.517385000000000161e+01,8.169691999999999155e+01,-2.803589999999999804e+02,0.000000000000000000e+00,0.000000000000000000e+00,-1.050004999999999988e+01,-1.351819000000000104e+00,2.972986999999999824e+00,-2.456601000000000212e+01,8.694980000000001041e+00,-1.306238999999999884e+01,1.747718000000000060e+01,-1.614285999999999888e+01,-1.483938999999999986e+01,-6.431754000000000815e+01,4.989504000000000161e+01,9.406555999999999074e+01,-6.051180000000000518e+02,0.000000000000000000e+00,0.000000000000000000e+00
-1.085017999999999994e+01,1.354964999999999975e+00,-2.946514000000000078e+00,-1.909417000000000186e+01,1.854269000000000034e+01,-9.080728000000000577e+00,1.150288000000000110e+01,-6.253538999999999959e+00,-2.441743999999999915e+01,-6.398198000000000718e+01,5.534555999999999898e+01,8.196866999999998882e+01,-2.823976999999999862e+02,0.000000000000000000e+00,0.000000000000000000e+00,-1.085017999999999994e+01,-1.354964999999999975e+00,2.946514000000000078e+00,-2.477697000000000216e+01,8.668782000000000210e+00,-1.255564999999999998e+01,1.751943999999999946e+01,-1.584752000000000116e+01,-1.451247000000000043e+01,-6.403283000000000413e+01,4.985669000000000040e+01,9.383178000000000907e+01,-6.044185999999999694e+02,0.000000000000000000e+00,0.000000000000000000e+00
-1.088663000000000025e+01,1.688859000000000110e+00,-3.403624999999999901e+00,-1.977099000000000117e+01,1.903037999999999741e+01,-8.553136000000000294e+00,1.114403000000000077e+01,-5.662163999999999753e+00,-2.424491000000000085e+01,-6.419029999999999347e+01,5.560294999999999987e+01,8.195284000000000901e+01,-2.803165000000000191e+02,0.000000000000000000e+00,0.000000000000000000e+00,-1.088663000000000025e+01,-1.688859000000000110e+00,3.403624999999999901e+00,-2.413065999999999889e+01,8.579034000000000049e+00,-1.250675999999999988e+01,1.792392000000000252e+01,-1.628027000000000157e+01,-1.456917999999999935e+01,-6.385750999999999777e+01,4.981852999999999554e+01,9.464230999999999483e+01,-6.035783000000000129e+02,0.000000000000000000e+00,0.000000000000000000e+00
-1.090587000000000018e+01,1.690331999999999946e+00,-3.409581999999999891e+00,-1.990097000000000094e+01,1.903166000000000224e+01,-8.919989999999998531e+00,1.036661000000000143e+01,-5.584675999999999974e+00,-2.473672999999999789e+01,-6.465854000000000212e+01,5.549809000000000481e+01,8.219301999999998998e+01,-2.815679000000000087e+02,0.000000000000000000e+00,0.000000000000000000e+00,-1.090587000000000018e+01,-1.690331999999999946e+00,3.409581999999999891e+00,-2.394192999999999927e+01,9.086926000000000059e+00,-1.135074000000000005e+01,1.739150000000000063e+01,-1.586983999999999995e+01,-1.508784999999999954e+01,-6.335693000000000552e+01,5.011522000000000077e+01,9.447851999999998895e+01,-6.029126999999999725e+02,0.000000000000000000e+00,0.000000000000000000e+00
-1.082471999999999923e+01,1.236432999999999893e+00,-3.763901000000000163e+00,-1.946715000000000018e+01,1.971218000000000004e+01,-8.978320000000000078e+00,1.072273000000000032e+01,-5.462655999999999956e+00,-2.447523999999999944e+01,-6.421023000000000991e+01,5.577435999999999439e+01,8.172154999999999347e+01,-2.805120000000000005e+02,0.000000000000000000e+00,0.000000000000000000e+00,-1.082471999999999923e+01,-1.236432999999999893e+00,3.763901000000000163e+00,-2.413241999999999976e+01,9.164475999999998734e+00,-1.342922000000000082e+01,1.747527000000000186e+01,-1.603651999999999944e+01,-1.508155000000000001e+01,-6.415525999999999840e+01,5.009979000000000582e+01,9.498405999999999949e+01,-6.023460000000000036e+02,0.000000000000000000e+00,0.000000000000000000e+00
-1.082471999999999923e+01,1.236432999999999893e+00,-3.763901000000000163e+00,-1.973192999999999842e+01,1.984658999999999907e+01,-8.357138000000000844e+00,1.072273000000000032e+01,-5.462655999999999956e+00,-2.447523999999999944e+01,-6.429863000000000284e+01,5.566400999999999755e+01,8.179591999999999530e+01,-2.808713000000000193e+02,0.000000000000000000e+00,0.000000000000000000e+00,-1.082471999999999923e+01,-1.236432999999999893e+00,3.763901000000000163e+00,-2.409187999999999974e+01,9.475891999999999982e+00,-1.220666000000000118e+01,1.752377000000000251e+01,-1.611910999999999916e+01,-1.501771000000000100e+01,-6.378070999999999913e+01,5.004417999999999722e+01,9.518859000000000492e+01,-6.032756000000000540e+02,0.000000000000000000e+00,0.000000000000000000e+00
-1.082471999999999923e+01,1.236432999999999893e+00,-3.763901000000000163e+00,-1.997647000000000261e+01,1.977413999999999916e+01,-8.474897000000000347e+00,1.020537000000000027e+01,-5.572638999999999676e+00,-2.449699000000000026e+01,-6.411298000000000741e+01,5.541689999999999827e+01,8.182762999999999920e+01,-2.846374000000000137e+02,0.000000000000000000e+00,0.000000000000000000e+00,-1.082471999999999923e+01,-1.236432999999999893e+00,3.763901000000000163e+00,-2.401747999999999905e+01,9.784843999999999653e+00,-1.128725000000000023e+01,1.736484000000000094e+01,-1.546369999999999933e+01,-1.503560000000000052e+01,-6.330715999999999610e+01,5.002727000000000146e+01,9.488483000000000800e+01,-6.033958999999999833e+02,0.000000000000000000e+00,0.000000000000000000e+00
-1.082471999999999923e+01,1.236432999999999893e+00,-3.763901000000000163e+00,-1.988406000000000162e+01,1.958183000000000007e+01,-9.212006999999999834e+00,1.020537000000000027e+01,-5.572638999999999676e+00,-2.449699000000000026e+01,-6.426843999999999824e+01,5.541449999999999676e+01,8.213519999999999754e+01,-2.815181000000000040e+02,0.000000000000000000e+00,0.000000000000000000e+00,-1.082471999999999923e+01,-1.236432999999999893e+00,3.763901000000000163e+00,-2.394033999999999907e+01,9.864063999999999055e+00,-1.129604999999999926e+01,1.736484000000000094e+01,-1.546369999999999933e+01,-1.503560000000000052e+01,-6.314094999999999658e+01,5.027826999999999913e+01,9.449448000000001002e+01,-6.030094000000000278e+02,0.000000000000000000e+00,0.000000000000000000e+00
-1.086843999999999966e+01,7.908239000000000241e-01,-4.124113999999999614e+00,-1.988135000000000119e+01,1.984335000000000093e+01,-8.874636999999999887e+00,1.064796999999999905e+01,-5.215270999999999546e+00,-2.454981000000000080e+01,-6.370978000000000208e+01,5.552296999999999372e+01,8.156114999999999782e+01,-2.824331000000000245e+02,0.000000000000000000e+00,0.000000000000000000e+00,-1.086843999999999966e+01,-7.908239000000000241e-01,4.124113999999999614e+00,-2.470587000000000089e+01,9.738880999999999233e+00,-1.330949999999999989e+01,1.681348999999999805e+01,-1.566446000000000005e+01,-1.526926000000000094e+01,-6.408438000000001011e+01,5.067483000000000004e+01,9.506920999999999822e+01,-6.023233999999999924e+02,0.000000000000000000e+00,0.000000000000000000e+00
-1.164545000000000030e+01,8.467719999999999692e-01,-4.112976999999999883e+00,-2.010478999999999772e+01,1.952861000000000047e+01,-8.005694000000000088e+00,1.051141999999999932e+01,-5.041723999999999428e+00,-2.338342000000000098e+01,-6.409836999999998852e+01,5.446269999999999811e+01,8.129886999999999375e+01,-2.814298999999999751e+02,0.000000000000000000e+00,0.000000000000000000e+00,-1.164545000000000030e+01,-8.467719999999999692e-01,4.112976999999999883e+00,-2.462719999999999843e+01,1.005506000000000100e+01,-1.056137999999999977e+01,1.689767000000000152e+01,-1.491338999999999970e+01,-1.454757000000000033e+01,-6.403537000000000035e+01,5.014235999999999649e+01,9.470650000000000546e+01,-6.029734999999999445e+02,0.000000000000000000e+00,0.000000000000000000e+00
-1.164545000000000030e+01,8.467719999999999692e-01,-4.112976999999999883e+00,-2.053326000000000207e+01,1.941681000000000168e+01,-7.946850999999999665e+00,1.053658000000000072e+01,-5.172145999999999688e+00,-2.359307000000000087e+01,-6.428025999999999840e+01,5.420788999999999902e+01,8.193640999999999508e+01,-2.806686000000000263e+02,0.000000000000000000e+00,0.000000000000000000e+00,-1.164545000000000030e+01,-8.467719999999999692e-01,4.112976999999999883e+00,-2.494887999999999906e+01,1.030976000000000070e+01,-9.573546000000000333e+00,1.690549000000000035e+01,-1.481855000000000011e+01,-1.449213999999999913e+01,-6.400121999999998934e+01,5.020279000000000025e+01,9.468619999999999948e+01,-5.916344000000000278e+02,0.000000000000000000e+00,0.000000000000000000e+00
-1.151071000000000133e+01,1.198364999999999903e+00,-4.553094999999999892e+00,-2.071836000000000055e+01,2.006862000000000279e+01,-7.387953999999999688e+00,1.019374000000000002e+01,-4.918719999999999537e+00,-2.334141999999999939e+01,-6.455810999999999922e+01,5.431929000000000229e+01,8.176184999999999548e+01,-2.820767000000000166e+02,0.000000000000000000e+00,0.000000000000000000e+00,-1.151071000000000133e+01,-1.198364999999999903e+00,4.553094999999999892e+00,-2.439657000000000053e+01,1.021228999999999942e+01,-1.160570000000000057e+01,1.660685000000000144e+01,-1.488848999999999911e+01,-1.469514999999999993e+01,-6.417737999999999943e+01,4.969839999999999947e+01,9.513642000000000110e+01,-6.023751999999999498e+02,0.000000000000000000e+00,0.000000000000000000e+00
-1.155959000000000003e+01,7.654161000000000437e-01,-5.015373000000000303e+00,-2.057741000000000042e+01,2.095795000000000030e+01,-6.647369999999999557e+00,1.039597000000000016e+01,-3.977269000000000165e+00,-2.310987000000000080e+01,-6.375455000000000183e+01,5.410555999999999699e+01,8.113318999999999903e+01,-2.825926999999999794e+02,0.000000000000000000e+00,0.000000000000000000e+00,-1.155959000000000003e+01,-7.654161000000000437e-01,5.015373000000000303e+00,-2.493102999999999980e+01,9.908962999999999965e+00,-1.050511999999999979e+01,1.663297999999999988e+01,-1.521274000000000015e+01,-1.406077000000000155e+01,-6.443983000000000061e+01,4.927022000000000190e+01,9.549323000000001116e+01,-6.019598999999999478e+02,0.000000000000000000e+00,0.000000000000000000e+00
-1.078270999999999979e+01,6.967553000000000774e-01,-5.028855000000000075e+00,-2.027710000000000079e+01,2.113006999999999991e+01,-7.675082999999999878e+00,1.036806999999999945e+01,-4.135548000000000002e+00,-2.396856000000000009e+01,-6.402033000000000129e+01,5.479968000000000217e+01,8.107509000000000299e+01,-2.820754000000000019e+02,0.000000000000000000e+00,0.000000000000000000e+00,-1.078270999999999979e+01,-6.967553000000000774e-01,5.028855000000000075e+00,-2.470600999999999914e+01,1.049361999999999995e+01,-1.078313999999999950e+01,1.632006000000000157e+01,-1.542229999999999990e+01,-1.481809999999999938e+01,-6.440189000000000874e+01,4.978972999999999871e+01,9.541361999999999455e+01,-6.024192000000000462e+02,0.000000000000000000e+00,0.000000000000000000e+00
-1.078270999999999979e+01,6.967553000000000774e-01,-5.028855000000000075e+00,-2.071603999999999957e+01,2.140137000000000000e+01,-8.103161000000000058e+00,1.036806999999999945e+01,-4.135548000000000002e+00,-2.396856000000000009e+01,-6.386379000000000161e+01,5.479220999999999719e+01,8.102343000000000472e+01,-2.825296000000000163e+02,0.000000000000000000e+00,0.000000000000000000e+00,-1.078270999999999979e+01,-6.967553000000000774e-01,5.028855000000000075e+00,-2.423239999999999839e+01,1.036363000000000056e+01,-1.072558999999999862e+01,1.633999000000000024e+01,-1.497451000000000043e+01,-1.494168999999999947e+01,-6.399096999999999724e+01,4.925555999999999557e+01,9.533695000000000164e+01,-6.020331999999999653e+02,0.000000000000000000e+00,0.000000000000000000e+00
-1.078270999999999979e+01,6.967553000000000774e-01,-5.028855000000000075e+00,-2.073557999999999879e+01,2.128155999999999892e+01,-7.365719000000000349e+00,9.717694999999999084e+00,-4.268982000000000276e+00,-2.368222000000000094e+01,-6.391026000000000096e+01,5.484544999999999959e+01,8.103503000000000611e+01,-2.820437000000000012e+02,0.000000000000000000e+00,0.000000000000000000e+00,-1.078270999999999979e+01,-6.967553000000000774e-01,5.028855000000000075e+00,-2.405297999999999803e+01,1.048336999999999897e+01,-1.039240000000000030e+01,1.694353999999999871e+01,-1.481653999999999982e+01,-1.440551000000000137e+01,-6.388436000000000092e+01,4.893242000000000047e+01,9.544123000000000445e+01,-6.026241999999999734e+02,0.000000000000000000e+00,0.000000000000000000e+00
-1.078270999999999979e+01,6.967553000000000774e-01,-5.028855000000000075e+00,-2.108510000000000062e+01,2.130320999999999998e+01,-6.618603999999999488e+00,9.508813999999999211e+00,-3.539866000000000401e+00,-2.346470000000000056e+01,-6.402594999999999459e+01,5.483171999999999713e+01,8.110135999999999967e+01,-2.821182999999999765e+02,0.000000000000000000e+00,0.000000000000000000e+00,-1.078270999999999979e+01,-6.967553000000000774e-01,5.028855000000000075e+00,-2.399950000000000117e+01,1.091908999999999885e+01,-1.149187000000000047e+01,1.693884999999999863e+01,-1.486519000000000013e+01,-1.435557999999999801e+01,-6.350008000000000408e+01,4.889788000000000068e+01,9.478788000000000125e+01,-6.032806000000000495e+02,0.000000000000000000e+00,0.000000000000000000e+00
-1.078270999999999979e+01,6.967553000000000774e-01,-5.028855000000000075e+00,-2.108151000000000153e+01,2.130433000000000021e+01,-6.619127999999999901e+00,9.508813999999999211e+00,-3.539866000000000401e+00,-2.346470000000000056e+01,-6.399031000000000091e+01,5.467016999999999882e+01,8.112369999999999948e+01,-2.817386000000000195e+02,0.000000000000000000e+00,0.000000000000000000e+00,-1.078270999999999979e+01,-6.967553000000000774e-01,5.028855000000000075e+00,-2.402871000000000024e+01,1.066334999999999944e+01,-1.239231000000000016e+01,1.693884999999999863e+01,-1.486519000000000013e+01,-1.435557999999999801e+01,-6.331804000000000343e+01,4.878410999999999831e+01,9.465026000000000295e+01,-6.037168000000000347e+02,0.000000000000000000e+00,0.000000000000000000e+00
-1.078270999999999979e+01,6.967553000000000774e-01,-5.028855000000000075e+00,-2.103930000000000078e+01,2.132442999999999955e+01,-7.196591999999999878e+00,9.531836999999999449e+00,-3.670927999999999969e+00,-2.367057000000000144e+01,-6.390705999999999420e+01,5.453150999999999726e+01,8.106349000000000160e+01,-2.821974000000000160e+02,0.000000000000000000e+00,0.000000000000000000e+00,-1.078270999999999979e+01,-6.967553000000000774e-01,5.028855000000000075e+00,-2.429537999999999798e+01,1.090559000000000012e+01,-9.737826000000000093e+00,1.670072000000000045e+01,-1.436359000000000030e+01,-1.409442000000000128e+01,-6.367734000000000094e+01,4.849004000000000048e+01,9.474197999999999809e+01,-6.037893000000000256e+02,0.000000000000000000e+00,0.000000000000000000e+00
-1.078270999999999979e+01,6.967553000000000774e-01,-5.028855000000000075e+00,-2.095514000000000010e+01,2.166427999999999798e+01,-7.121449000000000140e+00,9.532799000000000689e+00,-3.559935999999999989e+00,-2.354752000000000223e+01,-6.401560999999999524e+01,5.473719000000000534e+01,8.107000999999999635e+01,-2.813115000000000236e+02,0.000000000000000000e+00,0.000000000000000000e+00,-1.078270999999999979e+01,-6.967553000000000774e-01,5.028855000000000075e+00,-2.419029000000000096e+01,1.114141000000000048e+01,-9.625999999999999446e+00,1.671816000000000102e+01,-1.437297000000000047e+01,-1.396612000000000187e+01,-6.394455999999999563e+01,4.927680000000000149e+01,9.535942000000000007e+01,-6.030204999999999700e+02,0.000000000000000000e+00,0.000000000000000000e+00
-1.079736999999999902e+01,3.413271999999999973e-01,-4.581059999999999910e+00,-2.100576000000000221e+01,2.113063000000000002e+01,-7.676389999999999603e+00,9.245252000000000692e+00,-4.164855000000000196e+00,-2.375929999999999964e+01,-6.500320000000000675e+01,5.531945000000000334e+01,8.246401999999999077e+01,-2.764329000000000178e+02,0.000000000000000000e+00,0.000000000000000000e+00,-1.079736999999999902e+01,-3.413271999999999973e-01,4.581059999999999910e+00,-2.458211000000000013e+01,1.160847000000000051e+01,-1.055696999999999974e+01,1.579432999999999865e+01,-1.445777000000000179e+01,-1.513649999999999984e+01,-6.546941999999999950e+01,5.053916999999999859e+01,9.685679000000000372e+01,-6.025810999999999922e+02,0.000000000000000000e+00,0.000000000000000000e+00
-1.159422999999999959e+01,4.063980999999999844e-01,-4.576747000000000121e+00,-2.099381999999999948e+01,2.131306999999999974e+01,-7.506920000000000037e+00,8.798123000000000360e+00,-3.885369000000000295e+00,-2.351323000000000008e+01,-6.523841000000000179e+01,5.531680999999999671e+01,8.254260999999999626e+01,-2.815631000000000199e+02,0.000000000000000000e+00,0.000000000000000000e+00,-1.159422999999999959e+01,-4.063980999999999844e-01,4.576747000000000121e+00,-2.435301000000000116e+01,1.129083999999999932e+01,-1.083683999999999870e+01,1.550862999999999836e+01,-1.416478999999999999e+01,-1.536122999999999905e+01,-6.575950000000000273e+01,5.082988999999999891e+01,9.701724000000000103e+01,-5.993659999999999854e+02,0.000000000000000000e+00,0.000000000000000000e+00
-1.151877999999999957e+01,-1.113121000000000110e-01,-4.924335000000000129e+00,-2.037997000000000014e+01,2.187223999999999791e+01,-8.828545000000000087e+00,9.256600999999999857e+00,-3.997632999999999992e+00,-2.427747999999999706e+01,-6.517468000000000927e+01,5.600091999999999359e+01,8.220253999999999905e+01,-2.801811000000000149e+02,0.000000000000000000e+00,0.000000000000000000e+00,-1.151877999999999957e+01,1.113121000000000110e-01,4.924335000000000129e+00,-2.491750000000000043e+01,1.139338000000000051e+01,-1.158631000000000100e+01,1.455923999999999907e+01,-1.514912000000000170e+01,-1.569942000000000171e+01,-6.709288000000000807e+01,5.179563999999999879e+01,9.706801000000000101e+01,-5.975168999999999642e+02,0.000000000000000000e+00,0.000000000000000000e+00
-1.194754000000000005e+01,-8.123505000000000309e-02,-4.916680000000000383e+00,-2.108427000000000007e+01,2.170632999999999768e+01,-8.068675999999999959e+00,8.876511999999999958e+00,-3.867351000000000205e+00,-2.440047000000000210e+01,-6.522571999999999548e+01,5.662301999999999680e+01,8.232500000000000284e+01,-2.805966999999999985e+02,0.000000000000000000e+00,0.000000000000000000e+00,-1.194754000000000005e+01,8.123505000000000309e-02,4.916680000000000383e+00,-2.507225999999999999e+01,1.173925999999999981e+01,-1.411397999999999797e+01,1.404008999999999929e+01,-1.502352999999999916e+01,-1.622987000000000180e+01,-6.744450999999999397e+01,5.251303000000000765e+01,9.654088000000000136e+01,-5.967554999999999836e+02,0.000000000000000000e+00,0.000000000000000000e+00
-1.194754000000000005e+01,-8.123505000000000309e-02,-4.916680000000000383e+00,-2.079143999999999792e+01,2.152383000000000024e+01,-7.959635000000000460e+00,8.850399000000001237e+00,-3.736164000000000041e+00,-2.418397000000000219e+01,-6.546921999999999287e+01,5.726263000000000147e+01,8.247445000000000448e+01,-2.796675999999999931e+02,0.000000000000000000e+00,0.000000000000000000e+00,-1.194754000000000005e+01,8.123505000000000309e-02,4.916680000000000383e+00,-2.554165000000000063e+01,1.190238999999999869e+01,-1.199213999999999913e+01,1.339897999999999811e+01,-1.466174999999999962e+01,-1.655875999999999948e+01,-6.759201999999999089e+01,5.258106000000000080e+01,9.609483000000000175e+01,-5.972907999999999902e+02,0.000000000000000000e+00,0.000000000000000000e+00
-1.202408999999999928e+01,-1.123664000000000052e-01,-4.946486000000000161e+00,-2.107258999999999816e+01,2.193256000000000228e+01,-7.859542000000000250e+00,8.049106000000000094e+00,-3.139836999999999989e+00,-2.469304999999999950e+01,-6.562465000000000259e+01,5.771536999999999296e+01,8.226698000000000377e+01,-2.812611999999999739e+02,0.000000000000000000e+00,0.000000000000000000e+00,-1.202408999999999928e+01,1.123664000000000052e-01,4.946486000000000161e+00,-2.535480000000000089e+01,1.198639000000000010e+01,-1.353415999999999997e+01,1.333948999999999963e+01,-1.449762999999999913e+01,-1.649229000000000056e+01,-6.690191000000000088e+01,5.346081999999999823e+01,9.516976999999999975e+01,-5.979792999999999665e+02,0.000000000000000000e+00,0.000000000000000000e+00
-1.273977999999999966e+01,-4.930486000000000035e-01,-5.286927999999999628e+00,-2.167698999999999998e+01,2.315552000000000277e+01,-7.144578000000000095e+00,7.784303999999999668e+00,-1.975540999999999991e+00,-2.414759000000000100e+01,-6.448524999999999352e+01,5.830248000000000275e+01,8.058198000000000150e+01,-2.809370000000000118e+02,0.000000000000000000e+00,0.000000000000000000e+00,-1.273977999999999966e+01,4.930486000000000035e-01,5.286927999999999628e+00,-2.606892999999999816e+01,1.144268000000000107e+01,-1.166070999999999991e+01,1.319411000000000023e+01,-1.457801000000000080e+01,-1.623531000000000191e+01,-6.677311999999999159e+01,5.371648000000000422e+01,9.542045000000000243e+01,-5.980511000000000195e+02,0.000000000000000000e+00,0.000000000000000000e+00
-1.323855000000000004e+01,-5.680154000000000591e-01,-5.302101000000000397e+00,-2.211769999999999925e+01,2.010669000000000040e+01,-7.322197999999999318e+00,7.995141000000000275e+00,-1.596487999999999907e+00,-2.523216000000000037e+01,-6.479937999999999931e+01,5.895959000000000572e+01,8.105765999999999849e+01,-2.801578999999999837e+02,0.000000000000000000e+00,0.000000000000000000e+00,-1.323855000000000004e+01,5.680154000000000591e-01,5.302101000000000397e+00,-2.632516999999999996e+01,7.886139000000000010e+00,-1.095584000000000024e+01,1.342212999999999923e+01,-1.434842999999999869e+01,-1.654726000000000141e+01,-6.692441999999999780e+01,5.385365999999999786e+01,9.571393000000000484e+01,-6.131393000000000484e+02,0.000000000000000000e+00,0.000000000000000000e+00
-1.403439999999999976e+01,-8.525391999999999415e-01,-4.847048000000000023e+00,-2.203517000000000081e+01,1.963332000000000122e+01,-7.639543999999999890e+00,7.921913000000000871e+00,-1.758491000000000026e+00,-2.471985000000000099e+01,-6.447934000000000765e+01,5.909061999999999415e+01,8.105008000000000834e+01,-2.797608000000000175e+02,0.000000000000000000e+00,0.000000000000000000e+00,-1.403439999999999976e+01,8.525391999999999415e-01,4.847048000000000023e+00,-2.653017999999999788e+01,7.986755999999999744e+00,-1.143198999999999899e+01,1.275988999999999862e+01,-1.436988999999999983e+01,-1.655883000000000038e+01,-6.746786999999999068e+01,5.427896999999999395e+01,9.567404000000000508e+01,-5.988256000000000085e+02,0.000000000000000000e+00,0.000000000000000000e+00
-1.409861000000000075e+01,-8.825798000000000254e-01,-4.867856999999999879e+00,-2.220332000000000150e+01,1.960174999999999912e+01,-6.690533000000000285e+00,7.787891000000000119e+00,-1.172796999999999867e+00,-2.470189999999999841e+01,-6.470484000000000435e+01,5.926885000000000048e+01,8.089403000000000077e+01,-2.786834000000000060e+02,0.000000000000000000e+00,0.000000000000000000e+00,-1.409861000000000075e+01,8.825798000000000254e-01,4.867856999999999879e+00,-2.641217999999999932e+01,8.019803999999998823e+00,-1.146057000000000059e+01,1.284445999999999977e+01,-1.428139000000000003e+01,-1.700417999999999807e+01,-6.763318000000001007e+01,5.507193000000000183e+01,9.619584000000000401e+01,-5.988591999999999871e+02,0.000000000000000000e+00,0.000000000000000000e+00
-1.441885000000000083e+01,-8.963190999999999242e-01,-4.822756000000000043e+00,-2.257082000000000122e+01,1.936438000000000059e+01,-7.264381000000000199e+00,7.283877999999999631e+00,-1.157405999999999935e+00,-2.462992000000000203e+01,-6.524129999999999541e+01,5.935519000000000034e+01,8.145274999999999466e+01,8.014799999999999613e+01,0.000000000000000000e+00,0.000000000000000000e+00,-1.441885000000000083e+01,8.963190999999999242e-01,4.822756000000000043e+00,-2.660769000000000162e+01,8.035974000000001283e+00,-1.117673000000000094e+01,1.299598999999999904e+01,-1.402727000000000146e+01,-1.689154999999999873e+01,-6.706345999999999208e+01,5.545768999999999949e+01,9.536984999999999957e+01,-5.986130000000000564e+02,0.000000000000000000e+00,0.000000000000000000e+00
-1.436655000000000015e+01,-1.349037000000000042e+00,-5.177095999999999698e+00,-2.263497999999999877e+01,1.973813999999999780e+01,-6.339550000000000018e+00,7.336831000000000103e+00,-2.079711000000000060e-02,-2.515847999999999729e+01,-6.502575000000000216e+01,6.013506999999999181e+01,8.121008000000000493e+01,8.000685000000000002e+01,0.000000000000000000e+00,0.000000000000000000e+00,-1.436655000000000015e+01,1.349037000000000042e+00,5.177095999999999698e+00,-2.678565000000000040e+01,7.686894999999999811e+00,-1.127854999999999919e+01,1.263461000000000034e+01,-1.428974999999999973e+01,-1.752763999999999811e+01,-6.683868000000001075e+01,5.591249000000000535e+01,9.564163999999999533e+01,-5.980846999999999980e+02,0.000000000000000000e+00,0.000000000000000000e+00
-1.488286000000000087e+01,-1.355383000000000004e+00,-5.198108999999999646e+00,-2.298613999999999891e+01,1.999193999999999960e+01,-8.121558000000000277e+00,6.906835000000000946e+00,-1.079613000000000100e-01,-2.462096999999999980e+01,-6.489924000000000603e+01,5.987319000000000102e+01,8.106255000000000166e+01,8.054408000000000811e+01,0.000000000000000000e+00,0.000000000000000000e+00,-1.488286000000000087e+01,1.355383000000000004e+00,5.198108999999999646e+00,-2.621699000000000268e+01,7.739169000000000409e+00,-1.069833999999999996e+01,1.269392000000000031e+01,-1.417658999999999914e+01,-1.712462999999999980e+01,-6.652891999999999939e+01,5.552488000000000312e+01,9.536364000000000374e+01,-5.982128000000000156e+02,0.000000000000000000e+00,0.000000000000000000e+00
-1.524099000000000004e+01,-1.662131000000000025e+00,-4.753104000000000440e+00,-2.311616000000000071e+01,1.913156999999999996e+01,-6.045980999999999383e+00,7.376367999999999370e+00,-4.829201000000000188e-01,-2.452872999999999948e+01,-6.465456999999999255e+01,5.950546999999999542e+01,8.133858999999999639e+01,-1.226131000000000029e+02,0.000000000000000000e+00,0.000000000000000000e+00,-1.524099000000000004e+01,1.662131000000000025e+00,4.753104000000000440e+00,-2.687839000000000311e+01,7.858308999999999322e+00,-1.023856999999999928e+01,1.239546999999999954e+01,-1.360376000000000118e+01,-1.711706000000000216e+01,-6.664520999999999162e+01,5.530960000000000321e+01,9.470195999999999970e+01,-5.995707999999999629e+02,0.000000000000000000e+00,0.000000000000000000e+00
-1.523852999999999902e+01,-1.668384000000000089e+00,-4.651432999999999929e+00,-2.297736000000000089e+01,1.922637000000000285e+01,-7.915189000000000252e-01,7.366647000000000389e+00,-5.694885000000000641e-01,-2.457303999999999888e+01,-6.441186000000000433e+01,5.913054000000000343e+01,8.127698000000000889e+01,-1.229599000000000046e+02,0.000000000000000000e+00,0.000000000000000000e+00,-1.523852999999999902e+01,1.668384000000000089e+00,4.651432999999999929e+00,-2.710804999999999865e+01,8.098751000000000033e+00,-6.776741999999999599e+00,1.240061999999999998e+01,-1.356269999999999953e+01,-1.691991000000000156e+01,-6.587354999999999450e+01,5.494946999999999804e+01,9.469626999999999839e+01,-5.994479999999999791e+02,0.000000000000000000e+00,0.000000000000000000e+00
-1.523852999999999902e+01,-1.668384000000000089e+00,-4.651432999999999929e+00,-2.262608999999999781e+01,1.917722999999999800e+01,-7.348477000000000814e+00,7.747681000000000040e+00,-4.664147000000000154e-01,-2.430303999999999931e+01,-6.411136999999999375e+01,5.917420999999999509e+01,8.181860000000000355e+01,-1.248980999999999995e+02,0.000000000000000000e+00,0.000000000000000000e+00,-1.523852999999999902e+01,1.668384000000000089e+00,4.651432999999999929e+00,-2.696705000000000041e+01,7.925011000000000472e+00,-1.085428000000000104e+01,1.293363000000000085e+01,-1.338824999999999932e+01,-1.676332999999999984e+01,-6.555455000000000609e+01,5.500739000000000090e+01,9.451940999999999349e+01,-5.995302000000000362e+02,0.000000000000000000e+00,0.000000000000000000e+00
-1.523852999999999902e+01,-1.668384000000000089e+00,-4.651432999999999929e+00,-2.269050999999999974e+01,1.938818999999999804e+01,-6.326214000000000226e+00,7.614339999999999442e+00,4.471441999999999778e-02,-2.428422000000000125e+01,-6.440684000000000253e+01,5.941634000000000526e+01,8.174518000000000484e+01,-1.222094000000000023e+02,0.000000000000000000e+00,0.000000000000000000e+00,-1.523852999999999902e+01,1.668384000000000089e+00,4.651432999999999929e+00,-2.685013000000000005e+01,8.124574000000000851e+00,-1.111082000000000036e+01,1.293363000000000085e+01,-1.338824999999999932e+01,-1.676332999999999984e+01,-6.560750000000000171e+01,5.504330000000000211e+01,9.463168000000000291e+01,-5.993573999999999842e+02,0.000000000000000000e+00,0.000000000000000000e+00
-1.523852999999999902e+01,-1.668384000000000089e+00,-4.651432999999999929e+00,-2.279412999999999911e+01,1.966953999999999780e+01,-6.275314999999999976e+00,7.192578999999999390e+00,9.578369000000000466e-02,-2.482187000000000054e+01,-6.440460999999999103e+01,5.945671000000000106e+01,8.183044999999999902e+01,8.077245999999999526e+01,0.000000000000000000e+00,0.000000000000000000e+00,-1.523852999999999902e+01,1.668384000000000089e+00,4.651432999999999929e+00,-2.666055999999999671e+01,8.415592999999999435e+00,-1.065193999999999974e+01,1.293363000000000085e+01,-1.338824999999999932e+01,-1.676332999999999984e+01,-6.616852000000000089e+01,5.536808000000000618e+01,9.529811999999999728e+01,-5.991486999999999625e+02,0.000000000000000000e+00,0.000000000000000000e+00
-1.523852999999999902e+01,-1.668384000000000089e+00,-4.651432999999999929e+00,-2.235630000000000095e+01,1.970554999999999879e+01,-7.189964999999999051e+00,7.326438000000000450e+00,-4.158197000000000143e-01,-2.484142999999999901e+01,-6.412718999999999880e+01,6.004133000000000209e+01,8.173458999999999719e+01,-1.250668000000000006e+02,0.000000000000000000e+00,0.000000000000000000e+00,-1.523852999999999902e+01,1.668384000000000089e+00,4.651432999999999929e+00,-2.667092999999999847e+01,8.570894000000000901e+00,-1.049355000000000082e+01,1.303420999999999985e+01,-1.329214999999999947e+01,-1.727672000000000097e+01,-6.614463999999999544e+01,5.601983000000000601e+01,9.539475999999999090e+01,-5.981909000000000560e+02,0.000000000000000000e+00,0.000000000000000000e+00
-1.575957000000000185e+01,-1.675408999999999926e+00,-4.669750999999999763e+00,-2.230164999999999864e+01,1.976386000000000109e+01,-6.183841999999999395e+00,8.019280000000000186e+00,-1.671773000000000009e-01,-2.463854999999999862e+01,-6.396826000000000079e+01,5.964240000000000208e+01,8.146441999999998984e+01,-1.223448999999999955e+02,0.000000000000000000e+00,0.000000000000000000e+00,-1.575957000000000185e+01,1.675408999999999926e+00,4.669750999999999763e+00,-2.656924000000000063e+01,8.480830000000000979e+00,-1.052041999999999966e+01,1.255118000000000045e+01,-1.320143999999999984e+01,-1.703327000000000169e+01,-6.616486000000000445e+01,5.603589999999999804e+01,9.564533000000000129e+01,-5.986391999999999598e+02,0.000000000000000000e+00,0.000000000000000000e+00
-1.562467999999999968e+01,-1.354702000000000073e+00,-5.070805000000000007e+00,-2.272381000000000029e+01,2.020779999999999887e+01,-7.247082000000000690e+00,7.136819999999999276e+00,2.311522999999999772e-01,-2.504737000000000080e+01,-6.529564000000000590e+01,6.015553000000000594e+01,8.145841000000000065e+01,8.018328000000001055e+01,0.000000000000000000e+00,0.000000000000000000e+00,-1.562467999999999968e+01,1.354702000000000073e+00,5.070805000000000007e+00,-2.631259999999999977e+01,9.011611000000000260e+00,-1.103741999999999912e+01,1.268144000000000027e+01,-1.297400000000000020e+01,-1.755574999999999974e+01,-6.567995999999999412e+01,5.657308000000000447e+01,9.612569000000000585e+01,-5.964611999999999625e+02,0.000000000000000000e+00,0.000000000000000000e+00
-1.611936999999999998e+01,-2.165389999999999926e+00,-5.111623000000000694e+00,-2.233170000000000144e+01,1.984283999999999892e+01,-8.612750999999999379e+00,7.294108999999999732e+00,2.628341000000000149e-01,-2.515521000000000029e+01,-6.456239999999999668e+01,6.038040999999999769e+01,8.150404000000000337e+01,8.205413000000000068e+01,0.000000000000000000e+00,0.000000000000000000e+00,-1.611936999999999998e+01,2.165389999999999926e+00,5.111623000000000694e+00,-2.709729000000000099e+01,8.753702000000000538e+00,-1.027666999999999931e+01,1.269444999999999979e+01,-1.270185999999999993e+01,-1.745039999999999836e+01,-6.560134999999999650e+01,5.699903000000000475e+01,9.604231000000000051e+01,-5.956187999999999647e+02,0.000000000000000000e+00,0.000000000000000000e+00
-1.645497999999999905e+01,-2.108229000000000131e+00,-5.102705999999999520e+00,-2.267638999999999783e+01,1.998896000000000228e+01,-7.457616999999999940e+00,6.637247999999999593e+00,9.880844000000000849e-01,-2.516238999999999848e+01,-6.494371999999999900e+01,6.092103000000000179e+01,8.115129000000000303e+01,-1.222905999999999977e+02,0.000000000000000000e+00,0.000000000000000000e+00,-1.645497999999999905e+01,2.108229000000000131e+00,5.102705999999999520e+00,-2.685305999999999926e+01,8.548053999999998709e+00,-1.101891999999999960e+01,1.304397999999999946e+01,-1.302101000000000042e+01,-1.769207999999999714e+01,-6.605960999999999217e+01,5.749428000000000338e+01,9.576550000000000296e+01,-5.947052999999999656e+02,0.000000000000000000e+00,0.000000000000000000e+00
-1.737722000000000122e+01,-2.168481000000000325e+00,-5.001751000000000502e+00,-2.317950000000000088e+01,2.005027000000000115e+01,-5.168598999999999499e+00,6.619816999999999396e+00,1.459589000000000025e+00,-2.425347000000000008e+01,-6.433337000000000216e+01,5.998366000000000042e+01,8.054946999999999946e+01,8.435472000000000037e+01,0.000000000000000000e+00,0.000000000000000000e+00,-1.737722000000000122e+01,2.168481000000000325e+00,5.001751000000000502e+00,-2.746808000000000050e+01,8.289939999999999642e+00,-1.051779999999999937e+01,1.253359999999999985e+01,-1.290543999999999869e+01,-1.716982999999999748e+01,-6.659859000000000151e+01,5.674413000000000551e+01,9.531014999999999304e+01,-5.953407999999999447e+02,0.000000000000000000e+00,0.000000000000000000e+00
-1.700497999999999976e+01,-1.731288999999999856e+00,-4.656119000000000341e+00,-2.284421000000000035e+01,2.039658000000000015e+01,-4.800326999999999344e+00,7.400980000000000558e+00,1.277490999999999932e+00,-2.402765000000000128e+01,-6.364968999999999966e+01,5.984788000000000352e+01,8.084721999999999298e+01,4.557765999999999622e+03,0.000000000000000000e+00,0.000000000000000000e+00,-1.700497999999999976e+01,1.731288999999999856e+00,4.656119000000000341e+00,-2.718199999999999861e+01,8.490147999999999584e+00,-5.986067000000000249e+00,1.197196999999999889e+01,-1.230048000000000030e+01,-1.743305000000000149e+01,-6.615699999999999648e+01,5.577839999999999776e+01,9.546989999999999554e+01,-5.968218000000000529e+02,0.000000000000000000e+00,0.000000000000000000e+00
-1.704936999999999969e+01,-1.227657999999999916e+00,-4.298429000000000499e+00,-2.318242000000000047e+01,2.024192000000000036e+01,-4.964771999999999963e+00,6.897469000000000072e+00,9.332931000000000976e-01,-2.399184999999999945e+01,-6.433525000000000205e+01,5.968305000000000149e+01,8.117103000000000179e+01,-2.776503000000000156e+02,0.000000000000000000e+00,0.000000000000000000e+00,-1.704936999999999969e+01,1.227657999999999916e+00,4.298429000000000499e+00,-2.682652000000000214e+01,9.471925000000000594e+00,-1.022517000000000031e+01,1.249057999999999957e+01,-1.198910000000000053e+01,-1.719321000000000055e+01,-6.515909000000000617e+01,5.589233000000000118e+01,9.508374999999999488e+01,-5.943979000000000497e+02,0.000000000000000000e+00,0.000000000000000000e+00
-1.704936999999999969e+01,-1.227657999999999916e+00,-4.298429000000000499e+00,-2.300150999999999968e+01,2.082867000000000246e+01,-6.143870999999999860e+00,6.239030000000000520e+00,1.099727000000000121e+00,-2.506867000000000090e+01,-6.523309999999999320e+01,6.083689000000000391e+01,8.189846999999998900e+01,-9.965832000000000335e+02,0.000000000000000000e+00,0.000000000000000000e+00,-1.704936999999999969e+01,1.227657999999999916e+00,4.298429000000000499e+00,-2.592328999999999795e+01,9.722072000000000713e+00,-1.094446999999999903e+01,1.273991000000000007e+01,-1.235164999999999935e+01,-1.788827999999999818e+01,-6.604734000000000549e+01,5.757139999999999702e+01,9.587454999999999927e+01,-5.939742999999999711e+02,0.000000000000000000e+00,0.000000000000000000e+00
-1.744697999999999993e+01,-1.265886000000000067e+00,-4.282716000000000633e+00,-2.286195000000000022e+01,2.048058999999999941e+01,-7.550261999999999141e+00,6.029683999999999600e+00,6.462196999999999525e-01,-2.523492999999999853e+01,-6.544845999999999719e+01,6.085708999999999946e+01,8.219580999999999449e+01,-8.404065000000000509e+02,0.000000000000000000e+00,0.000000000000000000e+00,-1.744697999999999993e+01,1.265886000000000067e+00,4.282716000000000633e+00,-2.618182000000000187e+01,1.003423000000000087e+01,-1.138361000000000089e+01,1.232763999999999882e+01,-1.233291000000000004e+01,-1.817114000000000118e+01,-6.635134000000000754e+01,5.766111999999999682e+01,9.629558000000000106e+01,-5.935733999999999924e+02,0.000000000000000000e+00,0.000000000000000000e+00
-1.831944999999999979e+01,-8.650128000000000261e-01,-4.734323000000000725e+00,-2.356162999999999741e+01,2.395721999999999952e+01,-6.125234999999999985e+00,5.941362000000000698e+00,8.499245000000000827e-01,-2.493286000000000158e+01,-6.548416000000000281e+01,6.058450999999999453e+01,8.197805999999999926e+01,-9.955434000000000196e+02,0.000000000000000000e+00,0.000000000000000000e+00,-1.831944999999999979e+01,8.650128000000000261e-01,4.734323000000000725e+00,-2.651834000000000202e+01,1.294633999999999929e+01,-1.109226000000000134e+01,1.243477000000000032e+01,-1.256204999999999927e+01,-1.771764999999999901e+01,-6.636934999999999718e+01,5.766499999999999915e+01,9.637174000000000262e+01,-5.936512999999999920e+02,0.000000000000000000e+00,0.000000000000000000e+00
-1.848052000000000206e+01,-1.323833000000000037e+00,-5.219479999999999897e+00,-2.301322000000000045e+01,2.434786000000000072e+01,-5.828644999999999854e+00,6.481405000000000527e+00,1.173518999999999979e+00,-2.458712999999999838e+01,-6.414144000000000290e+01,6.016680000000000206e+01,8.201115000000000066e+01,-9.965893999999999551e+02,0.000000000000000000e+00,0.000000000000000000e+00,-1.848052000000000206e+01,1.323833000000000037e+00,5.219479999999999897e+00,-2.745674999999999955e+01,1.252539999999999942e+01,-1.356297999999999959e+01,1.202810000000000024e+01,-1.301559999999999917e+01,-1.738364999999999938e+01,-6.699788999999999817e+01,5.715874000000000166e+01,9.678194999999999482e+01,-5.941259999999999764e+02,0.000000000000000000e+00,0.000000000000000000e+00
-1.846706000000000003e+01,-8.796959999999999225e-01,-4.872691000000000550e+00,-2.325403999999999982e+01,2.402104999999999890e+01,-5.587705999999999840e+00,6.543657999999999753e+00,9.995332000000000106e-01,-2.455565999999999960e+01,-6.485796999999999457e+01,6.010713000000000505e+01,8.237874999999999659e+01,-1.561407999999999902e+03,0.000000000000000000e+00,0.000000000000000000e+00,-1.846706000000000003e+01,8.796959999999999225e-01,4.872691000000000550e+00,-2.744692000000000220e+01,1.285720000000000063e+01,-1.325927999999999862e+01,1.215773000000000081e+01,-1.266561000000000092e+01,-1.751749999999999829e+01,-6.648113000000000739e+01,5.738565999999999434e+01,9.646980999999999540e+01,-5.937065000000000055e+02,0.000000000000000000e+00,0.000000000000000000e+00
-1.856410999999999945e+01,-8.716608000000000134e-01,-4.869921999999999862e+00,-2.303293000000000035e+01,2.358581000000000216e+01,-5.206297000000000175e+00,6.397672000000000025e+00,9.744181999999999011e-01,-2.422602000000000189e+01,-6.459569999999999368e+01,5.959859999999999758e+01,8.242513999999999896e+01,-6.371096000000000004e+02,0.000000000000000000e+00,0.000000000000000000e+00,-1.856410999999999945e+01,8.716608000000000134e-01,4.869921999999999862e+00,-2.745572999999999908e+01,1.279167999999999950e+01,-1.031639999999999979e+01,1.199306999999999945e+01,-1.212857999999999947e+01,-1.748705999999999960e+01,-6.651158000000000925e+01,5.653968000000000416e+01,9.647491999999999734e+01,-5.934180999999999813e+02,0.000000000000000000e+00,0.000000000000000000e+00
-1.853780000000000072e+01,-5.160541000000000711e-01,-5.309728999999999921e+00,-2.350483999999999796e+01,2.399716000000000093e+01,-3.654837000000000113e+00,6.505114999999999981e+00,1.788988000000000023e+00,-2.312048000000000059e+01,-6.371615999999999502e+01,5.851241999999999877e+01,8.119682000000000244e+01,-6.369389999999999645e+02,0.000000000000000000e+00,0.000000000000000000e+00,-1.853780000000000072e+01,5.160541000000000711e-01,5.309728999999999921e+00,-2.701645999999999859e+01,1.213330000000000020e+01,-1.111038999999999888e+01,1.236133000000000060e+01,-1.265137000000000000e+01,-1.662497000000000114e+01,-6.580993999999999744e+01,5.517498000000000502e+01,9.705543000000000120e+01,-5.931894999999999527e+02,0.000000000000000000e+00,0.000000000000000000e+00
-1.767030000000000101e+01,-5.618721999999999328e-01,-5.301345999999999670e+00,-2.398020999999999958e+01,2.424240999999999957e+01,-3.197999000000000258e+00,7.288025999999999449e+00,1.841824000000000128e+00,-2.181520000000000081e+01,-6.228141000000000105e+01,5.699756999999999607e+01,8.081900999999999158e+01,-6.391572999999999638e+02,0.000000000000000000e+00,0.000000000000000000e+00,-1.767030000000000101e+01,5.618721999999999328e-01,5.301345999999999670e+00,-2.765390999999999622e+01,1.262258999999999887e+01,-9.000657999999999603e+00,1.354565000000000019e+01,-1.224536999999999942e+01,-1.526197999999999944e+01,-6.414459999999999695e+01,5.339224000000000103e+01,9.584319999999999595e+01,-5.955176999999999907e+02,0.000000000000000000e+00,0.000000000000000000e+00
-1.629861999999999966e+01,-5.329648000000000163e-01,-5.279480000000000395e+00,-2.370217000000000240e+01,2.400547999999999860e+01,-9.083531999999999718e-01,8.439724999999999255e+00,2.302202999999999999e+00,-2.059972999999999743e+01,-6.084139000000000408e+01,5.527086999999999506e+01,8.031521999999999650e+01,-2.801870999999999867e+02,0.000000000000000000e+00,0.000000000000000000e+00,-1.629861999999999966e+01,5.329648000000000163e-01,5.279480000000000395e+00,-2.748052000000000206e+01,1.224771000000000143e+01,-7.177830000000000155e+00,1.413737000000000066e+01,-1.080053000000000019e+01,-1.405644999999999989e+01,-6.239935999999999439e+01,5.167351000000000028e+01,9.486078000000000543e+01,-5.988623000000000047e+02,0.000000000000000000e+00,0.000000000000000000e+00
-1.546959999999999980e+01,-5.154680000000000373e-01,-5.309248000000000189e+00,-2.377257000000000176e+01,2.384449000000000041e+01,2.032362000000000057e-01,9.217413000000000523e+00,2.338141999999999943e+00,-1.971474999999999866e+01,-5.913089000000000084e+01,5.328681999999999874e+01,7.872984999999999900e+01,-2.825289000000000215e+02,0.000000000000000000e+00,0.000000000000000000e+00,-1.546959999999999980e+01,5.154680000000000373e-01,5.309248000000000189e+00,-2.791942000000000235e+01,1.299939000000000000e+01,-5.512002999999999986e+00,1.454931000000000019e+01,-1.004091999999999985e+01,-1.206649999999999956e+01,-6.097455999999999676e+01,4.886279000000000394e+01,9.330673000000000172e+01,-6.183899999999999864e+02,0.000000000000000000e+00,0.000000000000000000e+00
-1.451626000000000083e+01,-5.288891999999999483e-01,-5.265036000000000271e+00,-2.391676999999999964e+01,2.379835999999999885e+01,1.304681999999999897e+00,1.023826999999999998e+01,2.132848000000000077e+00,-1.843325000000000102e+01,-5.712879000000000218e+01,5.163042999999999694e+01,7.801745999999999981e+01,-2.834499000000000137e+02,0.000000000000000000e+00,0.000000000000000000e+00,-1.451626000000000083e+01,5.288891999999999483e-01,5.265036000000000271e+00,-2.864535000000000053e+01,1.353918999999999961e+01,-4.063403000000000098e+00,1.531365000000000087e+01,-8.619298999999999822e+00,-1.032551999999999914e+01,-5.890738000000000341e+01,4.642271999999999821e+01,9.110188999999999737e+01,-6.057573999999999614e+02,0.000000000000000000e+00,0.000000000000000000e+00
-1.406545000000000023e+01,-4.481628000000000001e-02,-4.929607999999999990e+00,-2.393958999999999904e+01,2.337862000000000151e+01,3.069474000000000036e+00,1.064678999999999931e+01,2.721236000000000210e+00,-1.712921000000000049e+01,-5.505506999999999351e+01,4.944557000000000357e+01,7.589457000000000164e+01,-2.882773000000000252e+02,0.000000000000000000e+00,0.000000000000000000e+00,-1.406545000000000023e+01,4.481628000000000001e-02,4.929607999999999990e+00,-2.844535999999999731e+01,1.324096000000000117e+01,-9.094866999999999813e-01,1.634586000000000183e+01,-7.391828999999999539e+00,-8.712407000000000679e+00,-5.473604000000000269e+01,4.368956000000000017e+01,8.745891000000000304e+01,-6.067725000000000364e+02,0.000000000000000000e+00,0.000000000000000000e+00
-1.339507000000000048e+01,-1.047507000000000021e-01,-4.943760000000000154e+00,-2.395856000000000208e+01,2.419536000000000087e+01,4.161847999999999992e+00,1.221206999999999887e+01,3.409095999999999904e+00,-1.628235000000000099e+01,-5.082854000000000383e+01,4.786988000000000198e+01,7.299899999999999523e+01,-2.897259999999999991e+02,0.000000000000000000e+00,0.000000000000000000e+00,-1.339507000000000048e+01,1.047507000000000021e-01,4.943760000000000154e+00,-2.843799000000000277e+01,1.280527000000000015e+01,3.678841999999999945e-01,1.773629999999999995e+01,-7.014155000000000584e+00,-7.290869999999999962e+00,-5.075679999999999836e+01,4.063544000000000267e+01,8.436735999999999081e+01,-6.126970000000000027e+02,0.000000000000000000e+00,0.000000000000000000e+00
-1.325225999999999971e+01,3.624686999999999770e-01,-4.452965999999999980e+00,-2.421509000000000000e+01,2.311238999999999777e+01,3.976466999999999974e+00,1.364230000000000054e+01,2.837889000000000106e+00,-1.520902000000000065e+01,-4.671132999999999669e+01,4.546833000000000169e+01,6.965931999999999391e+01,-2.928564000000000078e+02,0.000000000000000000e+00,0.000000000000000000e+00,-1.325225999999999971e+01,-3.624686999999999770e-01,4.452965999999999980e+00,-2.806162000000000134e+01,1.208600999999999992e+01,1.724559999999999982e-01,1.937346000000000146e+01,-6.597332999999999892e+00,-5.833848000000000589e+00,-4.492569000000000301e+01,3.790127000000000379e+01,7.975914000000000215e+01,-6.126748999999999796e+02,0.000000000000000000e+00,0.000000000000000000e+00
-1.290142999999999951e+01,4.307984000000000258e-01,-3.662471000000000032e+00,-2.361919999999999931e+01,2.252534999999999954e+01,6.200432000000000166e+00,1.541145999999999994e+01,2.279561999999999866e+00,-1.337021000000000015e+01,-4.177750000000000341e+01,4.214345999999999748e+01,6.603893000000000768e+01,-2.985058000000000220e+02,0.000000000000000000e+00,0.000000000000000000e+00,-1.290142999999999951e+01,-4.307984000000000258e-01,3.662471000000000032e+00,-2.900122000000000000e+01,1.182453000000000110e+01,3.058981999999999868e+00,1.995205999999999946e+01,-6.229093999999999909e+00,-5.113417000000000101e+00,-3.772894000000000148e+01,3.494240999999999531e+01,7.277313000000000898e+01,-6.308336000000000467e+02,0.000000000000000000e+00,0.000000000000000000e+00
-1.287185999999999986e+01,9.239205999999999808e-01,-3.309493000000000240e+00,-2.350746000000000180e+01,2.165512000000000015e+01,5.989444000000000656e+00,1.698727000000000231e+01,1.888124000000000136e+00,-1.264606999999999992e+01,-3.574699000000000382e+01,3.866964000000000112e+01,5.825836999999999222e+01,-3.075437000000000012e+02,0.000000000000000000e+00,0.000000000000000000e+00,-1.287185999999999986e+01,-9.239205999999999808e-01,3.309493000000000240e+00,-2.849745999999999668e+01,1.125872000000000028e+01,2.145394000000000023e+00,2.163854999999999862e+01,-5.929078999999999766e+00,-3.525042000000000009e+00,-2.944501999999999953e+01,3.160426999999999964e+01,6.432276999999999134e+01,-6.379451000000000249e+02,0.000000000000000000e+00,0.000000000000000000e+00
-1.210278000000000098e+01,5.229583999999999344e-01,-2.875172999999999757e+00,-2.286392000000000024e+01,2.090917999999999921e+01,6.574852000000000807e+00,1.931268999999999991e+01,1.687100999999999740e+00,-1.181861000000000139e+01,-2.810884000000000071e+01,3.404832999999999998e+01,4.920715999999999468e+01,-3.198204000000000065e+02,0.000000000000000000e+00,0.000000000000000000e+00,-1.210278000000000098e+01,-5.229583999999999344e-01,2.875172999999999757e+00,-2.926242999999999839e+01,1.009600000000000009e+01,2.116106000000000265e+00,2.202661000000000158e+01,-6.386085999999999707e+00,-3.609216000000000424e+00,-2.057253000000000043e+01,2.755179000000000400e+01,5.230993000000000137e+01,-2.962044000000000210e+02,0.000000000000000000e+00,0.000000000000000000e+00
-1.210205000000000020e+01,6.462704999999999700e-01,-2.082596000000000114e+00,-2.246246999999999971e+01,1.903852999999999795e+01,7.948239000000000054e+00,2.101372000000000284e+01,-1.017159999999999939e-02,-1.011113000000000106e+01,-1.716480999999999923e+01,2.896044000000000196e+01,3.346097000000000321e+01,-3.353512000000000057e+02,0.000000000000000000e+00,0.000000000000000000e+00,-1.210205000000000020e+01,-6.462704999999999700e-01,2.082596000000000114e+00,-2.964770000000000039e+01,9.230367999999998574e+00,3.620114000000000054e+00,2.288133999999999801e+01,-6.444173000000000151e+00,-2.727084000000000064e+00,-6.108908000000000449e+00,2.375302000000000291e+01,3.096530999999999878e+01,-3.195717999999999961e+02,0.000000000000000000e+00,0.000000000000000000e+00
-1.166688000000000081e+01,2.705622999999999778e-01,-1.643340000000000245e+00,-2.101086000000000098e+01,1.799447999999999936e+01,8.760640999999999678e+00,2.434252000000000038e+01,-5.507170999999999594e-01,-9.819283000000000428e+00,-1.754970000000000141e+00,2.535069000000000017e+01,1.608718000000000004e+01,-3.529275000000000091e+02,0.000000000000000000e+00,0.000000000000000000e+00,-1.166688000000000081e+01,-2.705622999999999778e-01,1.643340000000000245e+00,-3.029087999999999781e+01,7.332808999999999244e+00,4.117067999999999728e+00,2.343315000000000126e+01,-7.401428999999999370e+00,-2.184934000000000154e+00,1.341632000000000069e+01,2.058892000000000166e+01,3.118692999999999937e+00,-3.528462999999999852e+02,0.000000000000000000e+00,0.000000000000000000e+00
-1.165853000000000073e+01,7.157352999999999632e-01,-1.289784000000000042e+00,-2.070186999999999955e+01,1.621852000000000160e+01,8.228389999999999205e+00,2.598518999999999934e+01,-1.371010999999999980e+00,-8.646361000000000629e+00,1.624027000000000243e+01,2.414793999999999841e+01,-6.471470000000000000e-02,-3.714295000000000186e+02,0.000000000000000000e+00,0.000000000000000000e+00,-1.165853000000000073e+01,-7.157352999999999632e-01,1.289784000000000042e+00,-3.049520000000000053e+01,5.275827999999999740e+00,3.907345999999999986e+00,2.463973000000000013e+01,-7.880010999999999655e+00,-9.542255999999998961e-01,3.431369000000000113e+01,2.169526000000000110e+01,-2.253851000000000226e+01,-3.788575000000000159e+02,0.000000000000000000e+00,0.000000000000000000e+00
-1.163796000000000141e+01,7.151338999999999890e-01,-1.287539999999999907e+00,-1.964883000000000024e+01,1.553078999999999965e+01,9.584925000000000139e+00,2.814512000000000214e+01,-1.418077000000000032e+00,-8.010431000000000523e+00,2.999620999999999782e+01,2.460111000000000203e+01,-1.384117000000000175e+01,-3.845693999999999733e+02,0.000000000000000000e+00,0.000000000000000000e+00,-1.163796000000000141e+01,-7.151338999999999890e-01,1.287539999999999907e+00,-3.027740999999999616e+01,4.575651000000000579e+00,3.918714000000000031e+00,2.588288999999999973e+01,-7.800680000000000724e+00,-3.498839000000000254e-01,4.625995000000000346e+01,2.425112000000000023e+01,-3.614732000000000056e+01,-3.896132999999999811e+02,0.000000000000000000e+00,0.000000000000000000e+00
-1.081320999999999977e+01,7.083873000000000530e-01,-1.285468999999999973e+00,-1.805480999999999980e+01,1.473117999999999839e+01,8.488028999999999158e+00,2.966509999999999891e+01,-2.489025999999999961e+00,-8.181991000000000014e+00,3.943160000000000309e+01,2.484348999999999918e+01,-2.351768999999999821e+01,-3.940362000000000080e+02,0.000000000000000000e+00,0.000000000000000000e+00,-1.081320999999999977e+01,-7.083873000000000530e-01,1.285468999999999973e+00,-2.881905999999999679e+01,4.609405999999999892e+00,3.775416000000000327e+00,2.733464999999999989e+01,-8.090607000000000326e+00,-5.869678000000000395e-01,5.079214999999999947e+01,2.562872000000000128e+01,-4.265840000000000032e+01,-3.956290999999999940e+02,0.000000000000000000e+00,0.000000000000000000e+00
-1.080359999999999943e+01,2.691140999999999672e-01,-1.650777999999999857e+00,-1.578181000000000012e+01,1.390549999999999997e+01,6.791469999999999452e+00,3.136830000000000140e+01,-3.245338999999999974e+00,-8.720508000000000592e+00,4.221459999999999724e+01,2.416403000000000034e+01,-2.650320999999999927e+01,-3.982285999999999717e+02,0.000000000000000000e+00,0.000000000000000000e+00,-1.080359999999999943e+01,-2.691140999999999672e-01,1.650777999999999857e+00,-2.875485000000000113e+01,3.918898999999999688e+00,4.182526000000000188e+00,2.707294999999999874e+01,-8.945239000000000829e+00,-4.878716999999999776e-02,5.296903999999999968e+01,2.515380000000000038e+01,-4.771918000000000148e+01,-3.990371000000000095e+02,0.000000000000000000e+00,0.000000000000000000e+00
-1.075487000000000037e+01,-1.922584999999999988e-01,-1.994307000000000052e+00,-1.367547999999999853e+01,1.299063999999999908e+01,7.503286000000000122e+00,3.287187999999999732e+01,-4.016975000000000406e+00,-9.454757999999999996e+00,4.367707000000000050e+01,2.149481000000000108e+01,-2.981625999999999621e+01,-4.006113000000000284e+02,0.000000000000000000e+00,0.000000000000000000e+00,-1.075487000000000037e+01,1.922584999999999988e-01,1.994307000000000052e+00,-2.784969999999999857e+01,2.735366999999999660e+00,3.674555000000000238e+00,2.754629000000000261e+01,-9.604748999999999981e+00,-8.656989999999999963e-01,5.299629000000000190e+01,2.242712000000000216e+01,-5.013445000000000107e+01,-4.019678000000000111e+02,0.000000000000000000e+00,0.000000000000000000e+00
-1.075487000000000037e+01,-1.922584999999999988e-01,-1.994307000000000052e+00,-1.355581000000000103e+01,1.231831999999999994e+01,6.348141000000000034e+00,3.248002000000000322e+01,-4.660646999999999984e+00,-1.010226000000000113e+01,4.152837000000000245e+01,1.908222999999999914e+01,-2.972922999999999760e+01,-4.002001999999999953e+02,0.000000000000000000e+00,0.000000000000000000e+00,-1.075487000000000037e+01,1.922584999999999988e-01,1.994307000000000052e+00,-2.717910999999999788e+01,2.339138000000000162e+00,2.396112000000000020e+00,2.796244000000000085e+01,-1.015569999999999951e+01,-9.213694000000000051e-01,4.986164999999999736e+01,1.954381000000000057e+01,-4.796330999999999989e+01,-3.978376999999999839e+02,0.000000000000000000e+00,0.000000000000000000e+00
-1.145711000000000013e+01,-2.504462000000000077e-01,-2.783472999999999864e+00,-1.359975000000000023e+01,1.199951000000000079e+01,6.260661999999999949e+00,3.196482999999999919e+01,-4.778052999999999884e+00,-9.625000000000000000e+00,3.497156999999999982e+01,1.740469999999999828e+01,-2.543417999999999779e+01,-3.939107999999999947e+02,0.000000000000000000e+00,0.000000000000000000e+00,-1.145711000000000013e+01,2.504462000000000077e-01,2.783472999999999864e+00,-2.689354000000000156e+01,1.156612999999999891e+00,2.122792000000000012e+00,2.820867999999999753e+01,-1.097576000000000107e+01,-6.546581999999999679e-01,4.735427999999999571e+01,1.568479999999999919e+01,-4.550383000000000067e+01,-3.953826000000000249e+02,0.000000000000000000e+00,0.000000000000000000e+00
-1.145711000000000013e+01,-2.504462000000000077e-01,-2.783472999999999864e+00,-1.351293999999999862e+01,1.138297000000000025e+01,6.571979999999999933e+00,3.191413000000000011e+01,-4.835833999999999300e+00,-9.735416000000000736e+00,3.135024999999999906e+01,1.533841000000000143e+01,-2.411482999999999777e+01,-3.908084000000000060e+02,0.000000000000000000e+00,0.000000000000000000e+00,-1.145711000000000013e+01,2.504462000000000077e-01,2.783472999999999864e+00,-2.652104000000000283e+01,5.908518999999999854e-01,2.093913000000000135e+00,2.779224999999999923e+01,-1.092347999999999963e+01,-1.114424999999999999e+00,4.425878000000000156e+01,1.331962000000000046e+01,-4.248350999999999544e+01,-3.922441000000000031e+02,0.000000000000000000e+00,0.000000000000000000e+00
-1.157518999999999920e+01,-7.110530999999999935e-01,-3.160511999999999766e+00,-1.340067999999999948e+01,1.079303999999999952e+01,6.055048000000000208e+00,3.163429999999999964e+01,-5.209145999999999610e+00,-9.273443999999999576e+00,3.064658000000000015e+01,1.411037999999999926e+01,-2.427658999999999878e+01,-3.906288999999999874e+02,0.000000000000000000e+00,0.000000000000000000e+00,-1.157518999999999920e+01,7.110530999999999935e-01,3.160511999999999766e+00,-2.664587000000000216e+01,8.698752999999999347e-02,2.086050000000000182e+00,2.737650999999999613e+01,-1.121323999999999899e+01,-8.520632999999999679e-01,4.636796999999999969e+01,1.191732999999999976e+01,-4.504388000000000147e+01,-3.946148000000000025e+02,0.000000000000000000e+00,0.000000000000000000e+00
-1.150666999999999973e+01,-1.160754000000000064e+00,-3.517023000000000454e+00,-1.354252999999999929e+01,7.191933000000000575e+00,4.361301000000000094e+00,3.207771999999999935e+01,-5.109219000000000399e+00,-9.415380000000000749e+00,3.270499999999999829e+01,1.367118999999999929e+01,-2.618782000000000210e+01,-3.924694999999999823e+02,0.000000000000000000e+00,0.000000000000000000e+00,-1.150666999999999973e+01,1.160754000000000064e+00,3.517023000000000454e+00,-2.670684000000000324e+01,-4.177715000000000067e+00,3.754869000000000234e+00,2.732703000000000060e+01,-1.144932000000000016e+01,-3.162245999999999668e-01,4.812744000000000000e+01,1.116287999999999947e+01,-4.593137000000000114e+01,-3.957964000000000055e+02,0.000000000000000000e+00,0.000000000000000000e+00
-1.150666999999999973e+01,-1.160754000000000064e+00,-3.517023000000000454e+00,-1.361030000000000051e+01,6.656244000000000050e+00,4.576348999999999556e+00,3.207771999999999935e+01,-5.109219000000000399e+00,-9.415380000000000749e+00,3.396400999999999470e+01,1.353950999999999993e+01,-2.734049999999999869e+01,-3.939476999999999975e+02,0.000000000000000000e+00,0.000000000000000000e+00,-1.150666999999999973e+01,1.160754000000000064e+00,3.517023000000000454e+00,-2.693337000000000003e+01,-4.407173999999999481e+00,7.597017999999999827e-01,2.724825999999999837e+01,-1.095366000000000106e+01,-1.018595000000000056e-01,5.241199999999999903e+01,1.118948999999999927e+01,-4.854147999999999996e+01,-3.983890999999999849e+02,0.000000000000000000e+00,0.000000000000000000e+00
-1.140639999999999965e+01,-1.166744000000000003e+00,-3.518272000000000066e+00,-1.345698999999999934e+01,6.696216999999999864e+00,6.109914999999999985e+00,3.206974999999999909e+01,-5.159764000000000017e+00,-9.502574000000000964e+00,3.390173000000000059e+01,1.321731000000000122e+01,-2.729832000000000036e+01,-3.941680000000000064e+02,0.000000000000000000e+00,0.000000000000000000e+00,-1.140639999999999965e+01,1.166744000000000003e+00,3.518272000000000066e+00,-2.677719000000000094e+01,-4.218325000000000102e+00,3.835862000000000105e+00,2.723140000000000072e+01,-1.100254999999999939e+01,-1.912827000000000277e-01,5.293899000000000399e+01,1.133351000000000042e+01,-4.823787999999999698e+01,-3.982626999999999953e+02,0.000000000000000000e+00,0.000000000000000000e+00
-1.133511999999999986e+01,-1.146093999999999946e+00,-3.496977999999999920e+00,-1.366613999999999862e+01,6.368038999999999561e+00,4.924424000000000134e+00,3.204034999999999656e+01,-5.213676999999999673e+00,-9.551460000000000505e+00,3.384450999999999965e+01,1.328202999999999889e+01,-2.722625000000000028e+01,-3.939875000000000114e+02,0.000000000000000000e+00,0.000000000000000000e+00,-1.133511999999999986e+01,1.146093999999999946e+00,3.496977999999999920e+00,-2.643609999999999971e+01,-4.613789999999999836e+00,3.885848999999999887e+00,2.772630999999999801e+01,-1.085989999999999966e+01,-1.341448999999999836e-01,5.312644000000000233e+01,1.146311999999999998e+01,-4.837880999999999432e+01,-3.971960000000000264e+02,0.000000000000000000e+00,0.000000000000000000e+00
-1.133511999999999986e+01,-1.146093999999999946e+00,-3.496977999999999920e+00,-1.383820000000000050e+01,6.554585000000000328e+00,3.585501000000000271e+00,3.205901000000000067e+01,-5.344037999999999400e+00,-9.662224000000000146e+00,3.506819999999999737e+01,1.305685000000000073e+01,-2.857912999999999926e+01,-3.959619000000000142e+02,0.000000000000000000e+00,0.000000000000000000e+00,-1.133511999999999986e+01,1.146093999999999946e+00,3.496977999999999920e+00,-2.641279000000000110e+01,-4.302411000000000207e+00,4.468059999999999476e+00,2.772630999999999801e+01,-1.085989999999999966e+01,-1.341448999999999836e-01,5.429865000000000208e+01,1.141727999999999987e+01,-4.947007999999999583e+01,-3.985425000000000182e+02,0.000000000000000000e+00,0.000000000000000000e+00
-1.094141000000000119e+01,-1.603075999999999945e+00,-3.856068000000000051e+00,-1.311172999999999966e+01,6.385130999999999446e+00,4.419509999999999827e+00,3.243845000000000312e+01,-5.257577999999999641e+00,-1.021822000000000052e+01,3.456055999999999528e+01,1.312548999999999921e+01,-2.806607999999999947e+01,-3.948229000000000042e+02,0.000000000000000000e+00,0.000000000000000000e+00,-1.094141000000000119e+01,1.603075999999999945e+00,3.856068000000000051e+00,-2.681794000000000366e+01,-5.052046999999999954e+00,2.257381000000000082e+00,2.725534000000000390e+01,-1.138165000000000049e+01,-3.423604000000000092e-01,5.537783000000000300e+01,1.071553000000000111e+01,-5.099718000000000018e+01,-4.000880000000000223e+02,0.000000000000000000e+00,0.000000000000000000e+00
-1.052923000000000009e+01,-1.621558999999999973e+00,-3.837198000000000331e+00,-1.331647999999999854e+01,6.524112000000000577e+00,5.516388000000000069e+00,3.228076000000000079e+01,-5.515544000000000224e+00,-1.027004999999999946e+01,3.434429999999999694e+01,1.279413999999999874e+01,-2.771667000000000058e+01,-3.953133000000000266e+02,0.000000000000000000e+00,0.000000000000000000e+00,-1.052923000000000009e+01,1.621558999999999973e+00,3.837198000000000331e+00,-2.680227000000000004e+01,-4.873211000000000404e+00,3.196928999999999910e+00,2.711210000000000164e+01,-1.103932000000000002e+01,-1.132843000000000044e+00,5.535560000000000258e+01,1.034304000000000023e+01,-5.011312999999999818e+01,-4.002481999999999971e+02,0.000000000000000000e+00,0.000000000000000000e+00
-1.050769999999999982e+01,-1.600843000000000016e+00,-3.867387999999999604e+00,-1.320107999999999926e+01,6.834274000000000626e+00,5.339656999999999876e+00,3.225542000000000087e+01,-5.500226999999999755e+00,-1.030362000000000045e+01,3.473564000000000362e+01,1.278386000000000067e+01,-2.807935000000000159e+01,-3.956797000000000253e+02,0.000000000000000000e+00,0.000000000000000000e+00,-1.050769999999999982e+01,1.600843000000000016e+00,3.867387999999999604e+00,-2.705949000000000382e+01,-4.663726999999999734e+00,3.860675000000000079e+00,2.713347000000000264e+01,-1.107587999999999973e+01,-1.136749999999999927e+00,5.668104999999999905e+01,1.029509999999999970e+01,-5.010664000000000584e+01,-3.998392000000000053e+02,0.000000000000000000e+00,0.000000000000000000e+00
-1.050769999999999982e+01,-1.600843000000000016e+00,-3.867387999999999604e+00,-1.335953999999999908e+01,6.537486000000000352e+00,5.731703999999999688e+00,3.219030999999999665e+01,-4.986267999999999923e+00,-1.030018000000000100e+01,3.501093000000000188e+01,1.270323999999999920e+01,-2.834269000000000105e+01,-3.954107999999999947e+02,0.000000000000000000e+00,0.000000000000000000e+00,-1.050769999999999982e+01,1.600843000000000016e+00,3.867387999999999604e+00,-2.703512000000000270e+01,-4.820510999999999768e+00,1.154142000000000001e+00,2.713347000000000264e+01,-1.107587999999999973e+01,-1.136749999999999927e+00,5.677730999999999995e+01,1.008413000000000004e+01,-4.939279000000000508e+01,-3.987212000000000103e+02,0.000000000000000000e+00,0.000000000000000000e+00
-1.050769999999999982e+01,-1.600843000000000016e+00,-3.867387999999999604e+00,-1.352597000000000094e+01,6.659463999999999828e+00,5.099518999999999913e+00,3.227233999999999980e+01,-5.009093000000000018e+00,-1.006733999999999973e+01,3.470615999999999701e+01,1.247888999999999982e+01,-2.869940000000000069e+01,-3.956551000000000045e+02,0.000000000000000000e+00,0.000000000000000000e+00,-1.050769999999999982e+01,1.600843000000000016e+00,3.867387999999999604e+00,-2.720620999999999867e+01,-4.873969000000000662e+00,3.676705000000000112e+00,2.705570000000000164e+01,-1.111538000000000004e+01,-6.148329999999999629e-01,5.547781999999999414e+01,9.973986999999999270e+00,-4.856278999999999968e+01,-3.975382000000000176e+02,0.000000000000000000e+00,0.000000000000000000e+00
-1.050769999999999982e+01,-1.600843000000000016e+00,-3.867387999999999604e+00,-1.351326000000000072e+01,6.509532000000000096e+00,5.794623000000000523e+00,3.200110999999999706e+01,-4.933583000000000496e+00,-1.007704999999999984e+01,3.503985000000000127e+01,1.238398999999999894e+01,-2.975254999999999939e+01,-3.968897999999999797e+02,0.000000000000000000e+00,0.000000000000000000e+00,-1.050769999999999982e+01,1.600843000000000016e+00,3.867387999999999604e+00,-2.743854999999999933e+01,-4.906413999999999831e+00,2.981224000000000096e+00,2.656669000000000125e+01,-1.126588000000000100e+01,-7.476050999999999114e-01,5.688611999999999824e+01,9.926807000000000158e+00,-5.156764000000000436e+01,-4.008007000000000062e+02,0.000000000000000000e+00,0.000000000000000000e+00
-1.060802999999999940e+01,-1.594300000000000050e+00,-3.866124999999999812e+00,-1.364145000000000074e+01,6.645824000000000176e+00,6.080080000000000595e+00,3.200885000000000247e+01,-4.883755999999999986e+00,-9.989346000000001169e+00,3.566758000000000095e+01,1.236486000000000018e+01,-3.038081999999999994e+01,-3.976700999999999908e+02,0.000000000000000000e+00,0.000000000000000000e+00,-1.060802999999999940e+01,1.594300000000000050e+00,3.866124999999999812e+00,-2.732394999999999996e+01,-4.889660000000000117e+00,3.075633999999999979e+00,2.658395999999999759e+01,-1.121728000000000058e+01,-6.578071999999999253e-01,5.676731999999999800e+01,9.945771000000000583e+00,-5.144252000000000180e+01,-4.013824000000000183e+02,0.000000000000000000e+00,0.000000000000000000e+00
-1.060802999999999940e+01,-1.594300000000000050e+00,-3.866124999999999812e+00,-1.348202000000000034e+01,6.535334999999999894e+00,-1.716562000000000088e-01,3.200885000000000247e+01,-4.883755999999999986e+00,-9.989346000000001169e+00,3.542900999999999812e+01,1.244003000000000014e+01,-3.011047999999999902e+01,-3.972054999999999723e+02,0.000000000000000000e+00,0.000000000000000000e+00,-1.060802999999999940e+01,1.594300000000000050e+00,3.866124999999999812e+00,-2.717317000000000249e+01,-4.854851999999999279e+00,3.662916000000000505e+00,2.658395999999999759e+01,-1.121728000000000058e+01,-6.578071999999999253e-01,5.817918000000000234e+01,1.000699999999999967e+01,-5.367640999999999707e+01,-4.032375000000000114e+02,0.000000000000000000e+00,0.000000000000000000e+00
-1.052923000000000009e+01,-1.621558999999999973e+00,-3.837198000000000331e+00,-1.325112999999999808e+01,6.461828999999999823e+00,4.190496999999999694e+00,3.202610999999999564e+01,-4.949048999999999587e+00,-1.004358000000000040e+01,3.603475999999999857e+01,1.226459000000000010e+01,-3.063517999999999830e+01,-3.979843000000000188e+02,0.000000000000000000e+00,0.000000000000000000e+00,-1.052923000000000009e+01,1.621558999999999973e+00,3.837198000000000331e+00,-2.730125999999999920e+01,-4.932436000000000043e+00,1.527048999999999879e+00,2.627908000000000044e+01,-1.117061999999999955e+01,-8.155898000000000314e-01,5.867246000000000095e+01,1.007761999999999958e+01,-5.496291000000000082e+01,-4.040625000000000000e+02,0.000000000000000000e+00,0.000000000000000000e+00
