-2.301009000000000082e+00,3.820866999999999791e+00,-3.822008999999999546e+00,-3.267774000000000001e+01,2.264486000000000132e+01,4.354137999999999842e+00,4.407578000000000173e+01,3.011465999999999710e+01,8.135402000000000911e+00,6.050450000000000017e+01,8.850585999999999842e+01,-5.014497999999999678e+01,-5.452320000000000277e+01,0.000000000000000000e+00,0.000000000000000000e+00,-2.301009000000000082e+00,-3.820866999999999791e+00,3.822008999999999546e+00,-2.864845000000000041e+01,8.664108999999999838e+00,1.144357000000000013e-01,2.912529999999999930e+01,2.716832999999999743e+01,1.944997000000000043e+01,6.943994999999999607e+01,8.586696999999999491e+01,-7.033235999999999422e+01,-7.264916999999999803e+01,0.000000000000000000e+00,0.000000000000000000e+00
-2.282030999999999921e+00,3.801822000000000035e+00,-3.788424000000000014e+00,-3.255375999999999692e+01,2.252571999999999974e+01,4.280247000000000135e+00,4.408787000000000234e+01,3.007560999999999751e+01,8.146684000000000481e+00,6.052278000000000446e+01,8.847115999999999758e+01,-5.016539999999999822e+01,-5.463304000000000116e+01,0.000000000000000000e+00,0.000000000000000000e+00,-2.282030999999999921e+00,-3.801822000000000035e+00,3.788424000000000014e+00,-2.845417000000000129e+01,8.538911000000000584e+00,8.138109000000000315e-02,2.912530999999999892e+01,2.718895999999999802e+01,1.941111000000000075e+01,6.937787000000000148e+01,8.584784999999999400e+01,-7.028945999999999117e+01,-7.270134000000000185e+01,0.000000000000000000e+00,0.000000000000000000e+00
-2.282030999999999921e+00,3.801822000000000035e+00,-3.788424000000000014e+00,-3.247409000000000390e+01,2.248104999999999976e+01,4.249594999999999345e+00,4.408787000000000234e+01,3.007560999999999751e+01,8.146684000000000481e+00,6.061401999999999646e+01,8.838101000000000340e+01,-4.969350000000000023e+01,-5.496361999999999881e+01,0.000000000000000000e+00,0.000000000000000000e+00,-2.282030999999999921e+00,-3.801822000000000035e+00,3.788424000000000014e+00,-2.857482000000000255e+01,8.526332000000000022e+00,9.964050000000000684e-02,2.912530999999999892e+01,2.718895999999999802e+01,1.941111000000000075e+01,6.941504000000000474e+01,8.585641999999999996e+01,-7.029222000000000037e+01,-7.275866999999999507e+01,0.000000000000000000e+00,0.000000000000000000e+00
-2.282030999999999921e+00,3.801822000000000035e+00,-3.788424000000000014e+00,-3.253540999999999883e+01,2.240043000000000006e+01,4.273213000000000150e+00,4.408787000000000234e+01,3.007560999999999751e+01,8.146684000000000481e+00,6.060806999999999789e+01,8.837568000000000268e+01,-4.969424000000000063e+01,-5.497225000000000250e+01,0.000000000000000000e+00,0.000000000000000000e+00,-2.282030999999999921e+00,-3.801822000000000035e+00,3.788424000000000014e+00,-2.853329000000000093e+01,8.566880000000001161e+00,9.335506000000000359e-02,2.912530999999999892e+01,2.718895999999999802e+01,1.941111000000000075e+01,6.927830000000000155e+01,8.584619999999999607e+01,-7.028208999999999662e+01,-7.258294999999999675e+01,0.000000000000000000e+00,0.000000000000000000e+00
-2.282030999999999921e+00,3.801822000000000035e+00,-3.788424000000000014e+00,-3.277974999999999994e+01,2.239376000000000033e+01,4.367211000000000176e+00,4.408787000000000234e+01,3.007560999999999751e+01,8.146684000000000481e+00,6.061196999999999235e+01,8.837313000000000329e+01,-4.969427999999999912e+01,-5.486144999999999783e+01,0.000000000000000000e+00,0.000000000000000000e+00,-2.282030999999999921e+00,-3.801822000000000035e+00,3.788424000000000014e+00,-2.866544999999999987e+01,8.402673000000000059e+00,1.133564999999999989e-01,2.912530999999999892e+01,2.718895999999999802e+01,1.941111000000000075e+01,6.927027999999999963e+01,8.594781999999999300e+01,-7.028206000000000131e+01,-7.266037000000000035e+01,0.000000000000000000e+00,0.000000000000000000e+00
-2.282030999999999921e+00,3.801822000000000035e+00,-3.788424000000000014e+00,-3.261825999999999937e+01,2.244392000000000209e+01,4.305081999999999631e+00,4.408787000000000234e+01,3.007560999999999751e+01,8.146684000000000481e+00,6.066395999999999589e+01,8.847974999999999568e+01,-4.968254000000000303e+01,-5.486908000000000385e+01,0.000000000000000000e+00,0.000000000000000000e+00,-2.282030999999999921e+00,-3.801822000000000035e+00,3.788424000000000014e+00,-2.877269000000000077e+01,8.404232000000000369e+00,1.295863999999999905e-01,2.912530999999999892e+01,2.718895999999999802e+01,1.941111000000000075e+01,6.941277999999999793e+01,8.596269000000000915e+01,-7.042005000000000337e+01,-7.275516999999999257e+01,0.000000000000000000e+00,0.000000000000000000e+00
-2.282030999999999921e+00,3.801822000000000035e+00,-3.788424000000000014e+00,-3.287767999999999802e+01,2.259077999999999875e+01,4.404832999999999998e+00,4.408787000000000234e+01,3.007560999999999751e+01,8.146684000000000481e+00,6.055390999999999480e+01,8.838200000000000500e+01,-5.046654999999999802e+01,-5.505205999999999733e+01,0.000000000000000000e+00,0.000000000000000000e+00,-2.282030999999999921e+00,-3.801822000000000035e+00,3.788424000000000014e+00,-2.882679000000000258e+01,8.489573000000000036e+00,1.377723999999999893e-01,2.912530999999999892e+01,2.718895999999999802e+01,1.941111000000000075e+01,6.893595999999999435e+01,8.603114000000000772e+01,-7.057756999999999437e+01,-7.278135000000000332e+01,0.000000000000000000e+00,0.000000000000000000e+00
-2.301009000000000082e+00,3.820866999999999791e+00,-3.822008999999999546e+00,-3.282321999999999917e+01,2.246072000000000202e+01,4.410161000000000442e+00,4.407578000000000173e+01,3.011465999999999710e+01,8.135402000000000911e+00,5.993795000000000073e+01,8.783751999999999782e+01,-5.187154999999999916e+01,-5.717821999999999605e+01,0.000000000000000000e+00,0.000000000000000000e+00,-2.301009000000000082e+00,-3.820866999999999791e+00,3.822008999999999546e+00,-2.888980999999999710e+01,8.341561999999999699e+00,1.507952000000000181e-01,2.806589000000000311e+01,2.703822000000000259e+01,1.982483999999999824e+01,6.816679999999999495e+01,8.567331999999998970e+01,-7.205367999999999995e+01,-7.490995999999999810e+01,0.000000000000000000e+00,0.000000000000000000e+00
-2.287275999999999865e+00,4.325016999999999889e+00,-3.559728999999999921e+00,-3.303902000000000072e+01,2.205517000000000039e+01,4.624316999999999567e+00,4.242222000000000293e+01,2.990305000000000035e+01,9.359475999999999019e+00,5.899850999999999601e+01,8.752167000000000030e+01,-5.349203000000000685e+01,-5.967673000000000627e+01,0.000000000000000000e+00,0.000000000000000000e+00,-2.287275999999999865e+00,-4.325016999999999889e+00,3.559728999999999921e+00,-2.838972000000000051e+01,8.233577000000000368e+00,-5.405858000000000052e-01,2.850607000000000113e+01,2.710294999999999987e+01,1.956159999999999854e+01,6.749644999999999584e+01,8.607451000000000363e+01,-7.389960000000000662e+01,-7.749533999999999878e+01,0.000000000000000000e+00,0.000000000000000000e+00
-1.556907000000000041e+00,4.070908999999999445e+00,-3.034380000000000077e+00,-3.207715000000000316e+01,2.174073999999999884e+01,3.982844000000000051e+00,4.260687000000000069e+01,2.900257000000000218e+01,9.783439999999998804e+00,5.862840999999999525e+01,8.665373000000001014e+01,-5.541734000000000293e+01,-6.235120999999999469e+01,0.000000000000000000e+00,0.000000000000000000e+00,-1.556907000000000041e+00,-4.070908999999999445e+00,3.034380000000000077e+00,-2.848735999999999891e+01,8.938349000000000544e+00,-9.032339999999999813e-01,2.775684000000000395e+01,2.693445999999999785e+01,1.908088000000000051e+01,6.611303000000000907e+01,8.568806999999999618e+01,-7.509492000000000189e+01,-7.942520000000000380e+01,0.000000000000000000e+00,0.000000000000000000e+00
-1.556907000000000041e+00,4.070908999999999445e+00,-3.034380000000000077e+00,-3.225941999999999865e+01,2.081416000000000111e+01,2.233159999999999812e+00,4.168169999999999931e+01,2.840712000000000259e+01,1.019226999999999883e+01,5.835629000000000133e+01,8.659702000000000055e+01,-5.745118000000000791e+01,-6.514983999999999753e+01,0.000000000000000000e+00,0.000000000000000000e+00,-1.556907000000000041e+00,-4.070908999999999445e+00,3.034380000000000077e+00,-2.918805999999999656e+01,8.218821000000000154e+00,-7.183293000000000594e-01,2.625310999999999595e+01,2.672402999999999906e+01,2.012277000000000271e+01,6.460438000000000613e+01,8.596344999999999459e+01,-7.600835999999999615e+01,-8.179675000000000296e+01,0.000000000000000000e+00,0.000000000000000000e+00
-1.106271000000000004e+00,4.567550999999999917e+00,-2.760470999999999897e+00,-3.200488000000000000e+01,2.044904000000000011e+01,1.682952000000000004e+00,4.065849999999999653e+01,2.778804000000000229e+01,1.076903999999999861e+01,5.710009000000000157e+01,8.609184000000000481e+01,-5.878690999999999889e+01,-6.713257000000000119e+01,0.000000000000000000e+00,0.000000000000000000e+00,-1.106271000000000004e+00,-4.567550999999999917e+00,2.760470999999999897e+00,-2.901079000000000363e+01,8.301031000000000049e+00,-1.108673000000000020e+00,2.610487000000000180e+01,2.657247000000000270e+01,1.983431000000000211e+01,6.333820000000000050e+01,8.583919000000000210e+01,-7.554385000000000616e+01,-8.285583000000001164e+01,0.000000000000000000e+00,0.000000000000000000e+00
-1.115432999999999897e+00,4.580873000000000417e+00,-2.784963999999999995e+00,-3.185262000000000171e+01,1.995918999999999954e+01,2.739495999999999931e+00,4.008475999999999573e+01,2.792810000000000059e+01,1.159466999999999892e+01,5.574361999999999284e+01,8.602751999999999555e+01,-5.940881999999999863e+01,-6.912169000000000096e+01,0.000000000000000000e+00,0.000000000000000000e+00,-1.115432999999999897e+00,-4.580873000000000417e+00,2.784963999999999995e+00,-2.933534999999999826e+01,7.753342999999999208e+00,-1.114578000000000069e+00,2.502107000000000170e+01,2.623940999999999590e+01,2.033102999999999838e+01,6.184018000000000370e+01,8.575749999999999318e+01,-7.631144999999999357e+01,-8.428551000000000215e+01,0.000000000000000000e+00,0.000000000000000000e+00
-4.042460999999999971e-01,5.101816000000000351e+00,-2.507890000000000175e+00,-3.245174000000000092e+01,1.950062999999999747e+01,2.206250999999999962e+00,3.926370999999999611e+01,2.764530999999999850e+01,1.131638000000000055e+01,5.373075000000000045e+01,8.553759000000000867e+01,-5.973173000000000599e+01,-7.002082000000000050e+01,0.000000000000000000e+00,0.000000000000000000e+00,-4.042460999999999971e-01,-5.101816000000000351e+00,2.507890000000000175e+00,-2.928117999999999910e+01,7.972561999999999927e+00,-1.502568000000000126e+00,2.494532000000000238e+01,2.596837000000000018e+01,2.011166000000000054e+01,6.080753000000000696e+01,8.488201999999999714e+01,-7.615724000000000160e+01,-8.379551999999999623e+01,0.000000000000000000e+00,0.000000000000000000e+00
-4.042460999999999971e-01,5.101816000000000351e+00,-2.507890000000000175e+00,-3.228052000000000277e+01,1.887359999999999971e+01,2.650724999999999998e+00,3.874535999999999802e+01,2.778099999999999881e+01,1.181301999999999985e+01,5.246146999999999849e+01,8.524514999999999532e+01,-6.012576999999999572e+01,-7.125554999999999950e+01,0.000000000000000000e+00,0.000000000000000000e+00,-4.042460999999999971e-01,-5.101816000000000351e+00,2.507890000000000175e+00,-2.979580999999999591e+01,7.259164999999999424e+00,-1.555128999999999984e+00,2.367426999999999992e+01,2.594714000000000098e+01,1.995440999999999931e+01,5.947868000000000421e+01,8.462476999999999805e+01,-7.634569000000000472e+01,-8.405575000000000330e+01,0.000000000000000000e+00,0.000000000000000000e+00
3.124412999999999843e-02,5.593276000000000359e+00,-2.235615000000000130e+00,-3.260965000000000202e+01,1.821650999999999954e+01,2.128924000000000039e+00,3.729523999999999972e+01,2.729377999999999815e+01,1.255274999999999963e+01,5.017631000000000085e+01,8.437583999999999662e+01,-6.068336000000000041e+01,-7.186490999999999474e+01,0.000000000000000000e+00,0.000000000000000000e+00,3.124412999999999843e-02,-5.593276000000000359e+00,2.235615000000000130e+00,-2.942154000000000380e+01,7.014742999999999284e+00,-1.473624999999999963e+00,2.346678999999999959e+01,2.592497999999999791e+01,2.000864999999999938e+01,5.846475000000000222e+01,8.424008000000000607e+01,-7.670990000000000464e+01,-8.450464000000000908e+01,0.000000000000000000e+00,0.000000000000000000e+00
2.358164999999999914e-02,6.107266000000000084e+00,-1.991856000000000071e+00,-3.216409999999999769e+01,2.045628999999999920e+01,2.565987999999999936e+00,3.579520000000000124e+01,2.715418000000000021e+01,1.298494999999999955e+01,4.821096000000000004e+01,8.398373999999999739e+01,-6.165080999999999989e+01,-7.359211999999999421e+01,0.000000000000000000e+00,0.000000000000000000e+00,2.358164999999999914e-02,-6.107266000000000084e+00,1.991856000000000071e+00,-2.887709999999999866e+01,9.925672999999999746e+00,-8.085441999999999352e-01,2.308924999999999983e+01,2.595821000000000112e+01,2.032439000000000107e+01,5.817561999999999500e+01,8.430794000000000210e+01,-7.697919000000000267e+01,-8.486527999999999849e+01,0.000000000000000000e+00,0.000000000000000000e+00
7.291026999999998814e-01,6.114042999999999672e+00,-1.989524000000000070e+00,-3.198990999999999829e+01,1.995194000000000045e+01,1.130630000000000024e+00,3.502865999999999502e+01,2.668770999999999916e+01,1.327185000000000059e+01,4.730239000000000260e+01,8.317480000000000473e+01,-6.208033999999999963e+01,-7.552109000000000094e+01,0.000000000000000000e+00,0.000000000000000000e+00,7.291026999999998814e-01,-6.114042999999999672e+00,1.989524000000000070e+00,-2.863230999999999682e+01,9.700262000000000384e+00,-1.417982999999999993e+00,2.257992000000000132e+01,2.568132999999999910e+01,2.001411000000000229e+01,5.718681999999999732e+01,8.323593999999999937e+01,-7.670995999999999526e+01,-8.616974000000000444e+01,0.000000000000000000e+00,0.000000000000000000e+00
7.133937000000000195e-01,6.637933000000000305e+00,-1.717977999999999783e+00,-3.233994000000000568e+01,1.892553999999999803e+01,1.596357000000000026e+00,3.346550999999999476e+01,2.650199999999999889e+01,1.402028999999999925e+01,4.573409999999999798e+01,8.256973000000000695e+01,-6.411679000000000883e+01,-7.790586000000000411e+01,0.000000000000000000e+00,0.000000000000000000e+00,7.133937000000000195e-01,-6.637933000000000305e+00,1.717977999999999783e+00,-2.820464000000000127e+01,9.050819000000000614e+00,-1.881666999999999756e+00,2.221058000000000021e+01,2.569247999999999976e+01,2.023170000000000002e+01,5.689198999999999984e+01,8.344451999999999714e+01,-7.775956999999999653e+01,-8.758670999999999651e+01,0.000000000000000000e+00,0.000000000000000000e+00
1.909820000000000073e+00,7.137233999999999412e+00,-1.460545999999999900e+00,-3.199987000000000137e+01,1.727121999999999957e+01,-7.439274999999999638e-01,3.183070999999999628e+01,2.562747000000000241e+01,1.425907000000000124e+01,4.489970000000000283e+01,8.122741999999999507e+01,-6.426918000000000575e+01,-7.877646000000000015e+01,0.000000000000000000e+00,0.000000000000000000e+00,1.909820000000000073e+00,-7.137233999999999412e+00,1.460545999999999900e+00,-2.731578000000000017e+01,8.981230000000000047e+00,-2.250306000000000139e+00,2.184854999999999947e+01,2.518837999999999866e+01,2.003359000000000023e+01,5.741841999999999757e+01,8.185410999999999149e+01,-7.888255999999999801e+01,-8.872799000000000547e+01,0.000000000000000000e+00,0.000000000000000000e+00
2.676461000000000201e+00,7.174642999999999660e+00,-1.457730999999999888e+00,-3.065544000000000224e+01,1.586868999999999907e+01,-1.618849999999999900e+00,3.143815999999999633e+01,2.491720000000000113e+01,1.497557999999999900e+01,4.465731999999999857e+01,7.969814999999999827e+01,-6.511204000000000747e+01,-8.050648999999999944e+01,0.000000000000000000e+00,0.000000000000000000e+00,2.676461000000000201e+00,-7.174642999999999660e+00,1.457730999999999888e+00,-2.697279000000000337e+01,7.949967000000000006e+00,-3.318292000000000019e+00,2.066022000000000247e+01,2.430741000000000085e+01,1.973782000000000281e+01,5.740886999999999318e+01,8.096263000000000432e+01,-7.991611999999999227e+01,-9.049266999999998973e+01,0.000000000000000000e+00,0.000000000000000000e+00
3.153690000000000104e+00,7.907350999999999352e+00,-1.696104000000000056e+00,-3.027724999999999866e+01,1.441061000000000014e+01,-3.051225000000000076e+00,3.006769000000000247e+01,2.441122999999999976e+01,1.428807000000000116e+01,4.428524000000000171e+01,7.916566999999999155e+01,-6.662626000000000204e+01,-8.190518000000000143e+01,0.000000000000000000e+00,0.000000000000000000e+00,3.153690000000000104e+00,-7.907350999999999352e+00,1.696104000000000056e+00,-2.539352999999999838e+01,6.789817999999999465e+00,-3.818276000000000003e+00,2.100332000000000221e+01,2.384297999999999718e+01,1.961163999999999774e+01,5.884058999999999884e+01,7.949058999999999742e+01,-8.189688999999999908e+01,-9.179415000000000191e+01,0.000000000000000000e+00,0.000000000000000000e+00
3.952317999999999998e+00,7.924508000000000330e+00,-1.709833000000000158e+00,-2.990624000000000393e+01,1.415189999999999948e+01,-4.049730000000000274e+00,2.977102000000000004e+01,2.402495000000000047e+01,1.411456000000000088e+01,4.475954000000000121e+01,7.784718999999999767e+01,-6.689376000000000033e+01,-8.313757999999999981e+01,0.000000000000000000e+00,0.000000000000000000e+00,3.952317999999999998e+00,-7.924508000000000330e+00,1.709833000000000158e+00,-2.519525000000000148e+01,6.668010000000000659e+00,-4.505338000000000065e+00,2.121692999999999785e+01,2.294993999999999801e+01,1.874461000000000155e+01,5.952740000000000009e+01,7.843901999999999930e+01,-8.201373000000000957e+01,-9.231043000000001086e+01,0.000000000000000000e+00,0.000000000000000000e+00
4.436319999999999375e+00,7.884808999999999735e+00,-1.700809000000000015e+00,-2.946172999999999931e+01,1.322114999999999974e+01,-2.588883000000000045e+00,2.908661999999999992e+01,2.377008000000000010e+01,1.393707999999999814e+01,4.546249000000000251e+01,7.686888000000000432e+01,-6.832281000000000404e+01,-8.453878000000000270e+01,0.000000000000000000e+00,0.000000000000000000e+00,4.436319999999999375e+00,-7.884808999999999735e+00,1.700809000000000015e+00,-2.464384000000000086e+01,6.081305999999999656e+00,-5.098589999999999733e+00,2.117527999999999722e+01,2.271535000000000082e+01,1.896391000000000204e+01,6.093121999999999616e+01,7.779565999999999804e+01,-8.335500000000000398e+01,-9.369980999999999938e+01,0.000000000000000000e+00,0.000000000000000000e+00
5.199729000000000489e+00,7.920535000000000991e+00,-1.698513000000000162e+00,-2.933527000000000129e+01,1.272468999999999895e+01,-3.198015000000000274e+00,2.838704000000000249e+01,2.331066000000000216e+01,1.375996000000000130e+01,4.659752000000000294e+01,7.592306999999999562e+01,-6.932080999999999449e+01,-8.581386999999999432e+01,0.000000000000000000e+00,0.000000000000000000e+00,5.199729000000000489e+00,-7.920535000000000991e+00,1.698513000000000162e+00,-2.433892000000000166e+01,5.996379000000000126e+00,-4.488782999999999745e+00,2.084832000000000107e+01,2.289660999999999902e+01,1.907297000000000153e+01,6.165853000000000605e+01,7.673946999999999719e+01,-8.404926000000000386e+01,-9.438951999999999032e+01,0.000000000000000000e+00,0.000000000000000000e+00
5.810508000000000450e+00,8.136646999999999963e+00,-2.217782000000000142e+00,-2.935143000000000058e+01,1.254823000000000022e+01,-3.398580000000000378e+00,2.830062000000000211e+01,2.289708999999999861e+01,1.353599999999999959e+01,4.628019000000000460e+01,7.536645000000000039e+01,-6.922033000000000413e+01,-8.609539999999999793e+01,0.000000000000000000e+00,0.000000000000000000e+00,5.810508000000000450e+00,-8.136646999999999963e+00,2.217782000000000142e+00,-2.387572999999999723e+01,5.381371999999999822e+00,-4.788134999999999586e+00,2.125192999999999799e+01,2.227716000000000207e+01,1.863828999999999780e+01,6.213981999999999317e+01,7.581570000000000675e+01,-8.442983000000000970e+01,-9.541178000000000736e+01,0.000000000000000000e+00,0.000000000000000000e+00
6.075198000000000320e+00,8.200155999999999779e+00,-2.217134999999999856e+00,-2.931851999999999947e+01,1.217389000000000010e+01,-3.670609999999999928e+00,2.740868000000000038e+01,2.268555999999999884e+01,1.389876000000000111e+01,4.611589000000000027e+01,7.445819000000000187e+01,-6.910429999999999495e+01,-8.613166999999999973e+01,0.000000000000000000e+00,0.000000000000000000e+00,6.075198000000000320e+00,-8.200155999999999779e+00,2.217134999999999856e+00,-2.383527000000000129e+01,5.344548999999999772e+00,-5.242297999999999902e+00,2.144412999999999769e+01,2.224141000000000190e+01,1.847762999999999778e+01,6.214338000000000761e+01,7.492109999999999559e+01,-8.476869999999999550e+01,-9.546075999999999340e+01,0.000000000000000000e+00,0.000000000000000000e+00
6.575533000000000072e+00,8.143625000000000114e+00,-2.214774999999999938e+00,-2.915262999999999849e+01,1.194271999999999956e+01,-6.675016999999999534e+00,2.762004999999999910e+01,2.191257999999999839e+01,1.302641000000000027e+01,4.585379000000000360e+01,7.353883000000000436e+01,-6.929959000000000913e+01,-8.616424000000000660e+01,0.000000000000000000e+00,0.000000000000000000e+00,6.575533000000000072e+00,-8.143625000000000114e+00,2.214774999999999938e+00,-2.364030999999999949e+01,5.288351999999999720e+00,-7.112767999999999091e+00,2.141240000000000165e+01,2.138712999999999909e+01,1.779997000000000185e+01,6.189939999999999998e+01,7.387695999999999685e+01,-8.519870999999999128e+01,-9.511372000000000071e+01,0.000000000000000000e+00,0.000000000000000000e+00
6.575533000000000072e+00,8.143625000000000114e+00,-2.214774999999999938e+00,-2.907429000000000130e+01,1.161462000000000039e+01,-6.964091000000000697e+00,2.762004999999999910e+01,2.191257999999999839e+01,1.302641000000000027e+01,4.582470999999999606e+01,7.296075000000000443e+01,-6.890572000000000230e+01,-8.634121999999999275e+01,0.000000000000000000e+00,0.000000000000000000e+00,6.575533000000000072e+00,-8.143625000000000114e+00,2.214774999999999938e+00,-2.355127999999999844e+01,4.936101999999999990e+00,-7.637950999999999269e+00,2.075688999999999851e+01,2.103441000000000116e+01,1.769092999999999805e+01,6.146684000000000481e+01,7.264853999999999701e+01,-8.499427000000000021e+01,-9.525078000000000600e+01,0.000000000000000000e+00,0.000000000000000000e+00
6.495727999999999724e+00,7.894514999999999283e+00,-1.703786000000000023e+00,-2.871715000000000018e+01,1.129224999999999923e+01,-6.796780000000000044e+00,2.777235999999999905e+01,2.145890999999999948e+01,1.330632999999999910e+01,4.557621999999999929e+01,7.192824000000000240e+01,-6.920226999999999862e+01,-8.649033000000000015e+01,0.000000000000000000e+00,0.000000000000000000e+00,6.495727999999999724e+00,-7.894514999999999283e+00,1.703786000000000023e+00,-2.372047999999999845e+01,5.353011000000000408e+00,-7.456736000000000253e+00,2.054821000000000097e+01,2.152698999999999785e+01,1.757248999999999839e+01,6.075534000000000390e+01,7.218340000000000600e+01,-8.450305000000000177e+01,-9.469946000000000197e+01,0.000000000000000000e+00,0.000000000000000000e+00
6.567986000000000324e+00,8.142623999999999640e+00,-2.212253000000000025e+00,-2.899464000000000397e+01,1.160289999999999999e+01,-5.675856999999999708e+00,2.767692999999999870e+01,2.188811000000000107e+01,1.271341999999999928e+01,4.485570999999999486e+01,7.168846999999999525e+01,-6.871425999999999590e+01,-8.607170000000000698e+01,0.000000000000000000e+00,0.000000000000000000e+00,6.567986000000000324e+00,-8.142623999999999640e+00,2.212253000000000025e+00,-2.385755999999999943e+01,4.844425000000000203e+00,-7.433332000000000939e+00,2.075312999999999874e+01,2.103839999999999932e+01,1.769782000000000011e+01,6.075163000000000579e+01,7.195243999999999573e+01,-8.501578999999999553e+01,-9.509604000000000212e+01,0.000000000000000000e+00,0.000000000000000000e+00
6.538517999999999830e+00,8.154992999999999270e+00,-2.202281999999999851e+00,-2.931813000000000002e+01,1.090962000000000032e+01,-6.435486000000000040e+00,2.675045999999999680e+01,2.146784999999999854e+01,1.278528000000000020e+01,4.363474999999999682e+01,7.133046999999999116e+01,-6.802755000000000507e+01,-8.542919000000000551e+01,0.000000000000000000e+00,0.000000000000000000e+00,6.538517999999999830e+00,-8.154992999999999270e+00,2.202281999999999851e+00,-2.445699000000000112e+01,4.461890000000000356e+00,-6.406951999999999536e+00,2.007769000000000048e+01,2.105373999999999768e+01,1.748058999999999941e+01,5.973986000000000018e+01,7.121323000000001002e+01,-8.493119000000000085e+01,-9.511445999999999401e+01,0.000000000000000000e+00,0.000000000000000000e+00
6.435274999999999856e+00,8.403990000000000293e+00,-1.431810000000000027e+00,-2.935939000000000121e+01,1.008638000000000012e+01,-6.855236999999999803e+00,2.640140999999999849e+01,2.081829000000000107e+01,1.296077999999999975e+01,4.292922999999999689e+01,7.025430000000000064e+01,-6.862793999999999528e+01,-8.654431999999999903e+01,0.000000000000000000e+00,0.000000000000000000e+00,6.435274999999999856e+00,-8.403990000000000293e+00,1.431810000000000027e+00,-2.408699000000000012e+01,5.102305000000000312e+00,-7.422411999999999566e+00,2.038537000000000177e+01,2.180076999999999998e+01,1.731077999999999761e+01,5.832395999999999958e+01,7.151597999999999900e+01,-8.399823000000000661e+01,-9.416459999999999297e+01,0.000000000000000000e+00,0.000000000000000000e+00
6.575807000000001068e+00,8.659272999999998888e+00,-1.957699999999999996e+00,-2.936599999999999966e+01,1.061753999999999998e+01,-8.336990000000000123e+00,2.637641999999999953e+01,2.072768999999999906e+01,1.156080000000000041e+01,4.248306999999999789e+01,7.015458999999999889e+01,-6.815991999999999962e+01,-8.624551999999999907e+01,0.000000000000000000e+00,0.000000000000000000e+00,6.575807000000001068e+00,-8.659272999999998888e+00,1.957699999999999996e+00,-2.372958999999999818e+01,4.995530000000000470e+00,-7.769425000000000026e+00,2.044706000000000046e+01,2.108732999999999791e+01,1.708405000000000129e+01,5.873409999999999798e+01,7.070596000000000458e+01,-8.439901000000000408e+01,-9.491849000000000558e+01,0.000000000000000000e+00,0.000000000000000000e+00
6.518178999999999945e+00,8.656907999999999603e+00,-1.940633000000000274e+00,-2.921384000000000114e+01,1.035668999999999862e+01,-9.145395999999999859e+00,2.687394000000000105e+01,2.053362000000000265e+01,1.149967999999999968e+01,4.222438999999999965e+01,6.969254999999999711e+01,-6.744084000000000856e+01,-8.594637000000000171e+01,0.000000000000000000e+00,0.000000000000000000e+00,6.518178999999999945e+00,-8.656907999999999603e+00,1.940633000000000274e+00,-2.360082000000000235e+01,5.044128999999999863e+00,-6.395876999999999590e+00,2.061381000000000085e+01,2.163834999999999908e+01,1.694463999999999970e+01,5.866525999999999641e+01,7.038800000000000523e+01,-8.384947999999999979e+01,-9.465388000000000090e+01,0.000000000000000000e+00,0.000000000000000000e+00
6.547712000000000643e+00,8.647475999999999274e+00,-1.949433000000000193e+00,-2.928094000000000108e+01,1.046390000000000065e+01,-8.330546999999999258e+00,2.689095999999999620e+01,2.004511000000000109e+01,1.101086000000000098e+01,4.238871999999999929e+01,6.956166999999999234e+01,-6.688531999999999300e+01,-8.496971999999999525e+01,0.000000000000000000e+00,0.000000000000000000e+00,6.547712000000000643e+00,-8.647475999999999274e+00,1.949433000000000193e+00,-2.344819000000000031e+01,5.293471000000000259e+00,-7.428992999999999292e+00,2.134837999999999880e+01,2.157582999999999984e+01,1.625576000000000221e+01,5.902108000000000487e+01,7.026569999999999538e+01,-8.257031999999999528e+01,-9.279873000000000616e+01,0.000000000000000000e+00,0.000000000000000000e+00
5.699530999999999459e+00,7.870085000000000441e+00,-1.696949000000000263e+00,-2.909127000000000152e+01,1.032948000000000022e+01,-8.682515999999999678e+00,2.746369999999999933e+01,2.020970000000000155e+01,1.165761999999999965e+01,4.302985999999999933e+01,7.023742000000000019e+01,-6.491669000000000267e+01,-8.168298000000000059e+01,0.000000000000000000e+00,0.000000000000000000e+00,5.699530999999999459e+00,-7.870085000000000441e+00,1.696949000000000263e+00,-2.379589999999999961e+01,5.478101999999999805e+00,-6.353919999999999568e+00,2.167138999999999882e+01,2.211142000000000252e+01,1.638914000000000115e+01,5.988416999999999746e+01,7.111704000000000292e+01,-7.972950000000000159e+01,-8.904068000000000893e+01,0.000000000000000000e+00,0.000000000000000000e+00
5.313591999999999871e+00,7.394822999999999702e+00,-1.971875999999999740e+00,-2.892909000000000219e+01,1.191448999999999891e+01,-7.642322000000000060e+00,2.917537000000000091e+01,1.998877000000000237e+01,1.140765999999999991e+01,4.368672999999999718e+01,7.040205999999999165e+01,-6.115903000000000134e+01,-7.646569000000000926e+01,0.000000000000000000e+00,0.000000000000000000e+00,5.313591999999999871e+00,-7.394822999999999702e+00,1.971875999999999740e+00,-2.357257999999999853e+01,5.896939999999999849e+00,-7.309613999999999834e+00,2.272384999999999877e+01,2.175637000000000043e+01,1.576512000000000135e+01,6.098333000000000226e+01,7.213551999999999964e+01,-7.599436000000000035e+01,-8.503213999999999828e+01,0.000000000000000000e+00,0.000000000000000000e+00
4.584158000000000399e+00,6.869763000000000730e+00,-2.217837999999999976e+00,-2.860905999999999594e+01,1.194456000000000095e+01,-8.920068999999999804e+00,3.042634999999999934e+01,2.008909999999999840e+01,1.123258000000000045e+01,4.608845999999999776e+01,7.093511999999999773e+01,-5.815829999999999700e+01,-7.162458999999999776e+01,0.000000000000000000e+00,0.000000000000000000e+00,4.584158000000000399e+00,-6.869763000000000730e+00,2.217837999999999976e+00,-2.395569000000000059e+01,5.745467999999999797e+00,-7.718711999999999129e+00,2.319527000000000072e+01,2.173836000000000013e+01,1.604344000000000037e+01,6.299368000000000478e+01,7.231709999999999638e+01,-7.258916999999999575e+01,-8.086768999999999608e+01,0.000000000000000000e+00,0.000000000000000000e+00
4.102857000000000198e+00,6.904844999999999899e+00,-2.229547999999999863e+00,-2.858962000000000003e+01,1.217986000000000146e+01,-7.364685999999999844e+00,3.160487999999999786e+01,2.017333999999999961e+01,1.137100000000000044e+01,4.854326999999999970e+01,7.097551999999998884e+01,-5.467288000000000636e+01,-6.585639000000000465e+01,0.000000000000000000e+00,0.000000000000000000e+00,4.102857000000000198e+00,-6.904844999999999899e+00,2.229547999999999863e+00,-2.365109999999999957e+01,6.193353000000000108e+00,-6.759552999999999479e+00,2.446872000000000114e+01,2.174457999999999913e+01,1.624566000000000088e+01,6.471005999999999858e+01,7.309109999999999729e+01,-6.831470000000000198e+01,-7.570368000000000563e+01,0.000000000000000000e+00,0.000000000000000000e+00
3.334041999999999728e+00,6.377035000000000231e+00,-2.486007999999999996e+00,-2.822100000000000009e+01,1.239151000000000025e+01,-8.191397000000000261e+00,3.337667000000000428e+01,2.011417000000000144e+01,1.096607000000000021e+01,5.052221000000000117e+01,7.109487000000000023e+01,-5.014387999999999579e+01,-5.858670000000000044e+01,0.000000000000000000e+00,0.000000000000000000e+00,3.334041999999999728e+00,-6.377035000000000231e+00,2.486007999999999996e+00,-2.419369999999999976e+01,5.776698000000000555e+00,-6.040701000000000320e+00,2.445387999999999806e+01,2.197719000000000023e+01,1.674322000000000088e+01,6.461813000000000784e+01,7.409980999999999085e+01,-6.384721999999999298e+01,-6.829605999999999710e+01,0.000000000000000000e+00,0.000000000000000000e+00
3.348535000000000039e+00,6.357555000000000511e+00,-2.497332000000000107e+00,-2.807330999999999932e+01,1.287459999999999916e+01,-6.941610999999999976e+00,3.470264000000000237e+01,2.025463999999999842e+01,1.033646000000000065e+01,5.261019999999999897e+01,6.943444000000000926e+01,-4.602617999999999654e+01,-5.473633000000000237e+01,0.000000000000000000e+00,0.000000000000000000e+00,3.348535000000000039e+00,-6.357555000000000511e+00,2.497332000000000107e+00,-2.394597999999999871e+01,6.160251000000000587e+00,-6.820555000000000589e+00,2.586378999999999806e+01,2.155120000000000147e+01,1.628406999999999982e+01,6.550820999999999117e+01,7.365806999999999505e+01,-6.091720999999999719e+01,-6.411714999999999520e+01,0.000000000000000000e+00,0.000000000000000000e+00
2.910206999999999766e+00,6.398950000000000138e+00,-2.498488999999999738e+00,-2.785265000000000057e+01,1.314213999999999949e+01,-1.192657999999999952e+01,3.506859000000000037e+01,2.037389999999999901e+01,1.032419999999999938e+01,5.284660999999999831e+01,6.962259000000000242e+01,-4.435999999999999943e+01,-5.315571999999999520e+01,0.000000000000000000e+00,0.000000000000000000e+00,2.910206999999999766e+00,-6.398950000000000138e+00,2.498488999999999738e+00,-2.383712999999999838e+01,5.870677999999999841e+00,-7.986692999999998932e+00,2.656735000000000113e+01,2.121770000000000067e+01,1.636778999999999940e+01,6.605431999999998993e+01,7.397580000000000666e+01,-5.853870999999999469e+01,-6.143084000000000344e+01,0.000000000000000000e+00,0.000000000000000000e+00
2.644476000000000049e+00,6.353043000000000440e+00,-2.498766999999999960e+00,-2.779855999999999838e+01,1.310707999999999984e+01,-6.690678999999999377e+00,3.590028000000000219e+01,2.050969999999999871e+01,1.036111000000000004e+01,5.298975999999999686e+01,7.042688000000001125e+01,-4.182710000000000150e+01,-4.908702000000000254e+01,0.000000000000000000e+00,0.000000000000000000e+00,2.644476000000000049e+00,-6.353043000000000440e+00,2.498766999999999960e+00,-2.376405000000000101e+01,5.806644000000000361e+00,-4.969244999999999912e+00,2.641362000000000165e+01,2.130782999999999916e+01,1.663351000000000113e+01,6.637194000000000926e+01,7.438156999999999641e+01,-5.750124000000000279e+01,-5.894393000000000171e+01,0.000000000000000000e+00,0.000000000000000000e+00
2.632066999999999712e+00,6.324290000000000411e+00,-2.488107999999999986e+00,-2.768400000000000105e+01,1.323312999999999917e+01,-8.553894999999998916e+00,3.597777999999999565e+01,2.052501000000000175e+01,1.009751999999999938e+01,5.274045000000000272e+01,7.118594000000000221e+01,-3.933554000000000173e+01,-4.559333000000000169e+01,0.000000000000000000e+00,0.000000000000000000e+00,2.632066999999999712e+00,-6.324290000000000411e+00,2.488107999999999986e+00,-2.413563999999999865e+01,6.072445000000000093e+00,-6.844300999999999746e+00,2.722494000000000369e+01,2.130186000000000135e+01,1.616778000000000048e+01,6.465823000000000320e+01,7.613613999999999749e+01,-5.278556999999999277e+01,-5.339726999999999180e+01,0.000000000000000000e+00,0.000000000000000000e+00
2.129961999999999911e+00,6.374592999999999954e+00,-2.489155999999999924e+00,-2.857734000000000307e+01,1.370839999999999925e+01,-6.869794999999999874e+00,3.635511999999999944e+01,2.152015000000000100e+01,9.839330000000000354e+00,5.271269999999999811e+01,7.229827000000000226e+01,-3.592234000000000549e+01,-4.055870999999999782e+01,0.000000000000000000e+00,0.000000000000000000e+00,2.129961999999999911e+00,-6.374592999999999954e+00,2.489155999999999924e+00,-2.436962999999999724e+01,6.092984999999999651e+00,-6.473601000000000383e+00,2.782954000000000150e+01,2.201246000000000080e+01,1.732821000000000211e+01,6.335094000000000136e+01,7.891406999999999528e+01,-4.644814000000000220e+01,-4.640209999999999724e+01,0.000000000000000000e+00,0.000000000000000000e+00
2.129961999999999911e+00,6.374592999999999954e+00,-2.489155999999999924e+00,-2.860800999999999661e+01,1.389155000000000051e+01,-4.631359999999999921e+00,3.682652999999999821e+01,2.191518999999999906e+01,9.727700999999999709e+00,5.205611999999999995e+01,7.315493999999999630e+01,-3.135745999999999611e+01,-3.452002999999999844e+01,0.000000000000000000e+00,0.000000000000000000e+00,2.129961999999999911e+00,-6.374592999999999954e+00,2.489155999999999924e+00,-2.449011000000000138e+01,6.729774000000000811e+00,-6.343253999999999948e+00,2.894824000000000197e+01,2.218812999999999747e+01,1.710989999999999966e+01,6.080485999999999791e+01,8.117110999999999876e+01,-3.998161999999999949e+01,-3.842535000000000167e+01,0.000000000000000000e+00,0.000000000000000000e+00
2.134859999999999758e+00,5.868059999999999832e+00,-2.750658000000000047e+00,-2.873567999999999856e+01,1.458748999999999896e+01,-4.649708000000000396e+00,3.792752999999999730e+01,2.225831000000000159e+01,8.825319999999999609e+00,5.168305999999999756e+01,7.389330999999999960e+01,-2.652832000000000079e+01,-2.873229999999999862e+01,0.000000000000000000e+00,0.000000000000000000e+00,2.134859999999999758e+00,-5.868059999999999832e+00,2.750658000000000047e+00,-2.523792999999999864e+01,6.840808999999999251e+00,-4.009360000000000035e+00,2.921669000000000338e+01,2.223722000000000065e+01,1.725492000000000203e+01,5.811596999999999724e+01,8.312744000000000710e+01,-3.506607999999999947e+01,-3.230830000000000268e+01,0.000000000000000000e+00,0.000000000000000000e+00
1.372951000000000032e+00,5.855862000000000123e+00,-2.764213999999999949e+00,-2.922790999999999784e+01,1.459593999999999880e+01,-3.096238000000000046e+00,3.832827999999999946e+01,2.315437999999999974e+01,8.717957999999999430e+00,5.041897999999999769e+01,7.540174000000000376e+01,-2.209943999999999775e+01,-2.202992000000000061e+01,0.000000000000000000e+00,0.000000000000000000e+00,1.372951000000000032e+00,-5.855862000000000123e+00,2.764213999999999949e+00,-2.574676000000000187e+01,6.609099999999999753e+00,-6.131770999999999638e+00,2.949914000000000058e+01,2.229652999999999707e+01,1.757431000000000054e+01,5.547108000000000771e+01,8.458826999999999430e+01,-3.007635999999999754e+01,-2.695690999999999704e+01,0.000000000000000000e+00,0.000000000000000000e+00
1.360365000000000046e+00,5.844699999999999562e+00,-2.739940000000000264e+00,-3.030367000000000033e+01,1.537536000000000058e+01,-2.088417999999999886e+00,3.894713000000000136e+01,2.377257999999999782e+01,7.789347999999999494e+00,5.011088000000000164e+01,7.584211999999999421e+01,-1.742436000000000007e+01,-1.662040999999999968e+01,0.000000000000000000e+00,0.000000000000000000e+00,1.360365000000000046e+00,-5.844699999999999562e+00,2.739940000000000264e+00,-2.615381000000000000e+01,7.314080000000000581e+00,-5.261058999999999486e+00,2.969331999999999994e+01,2.304080000000000084e+01,1.751415000000000077e+01,5.294491999999999621e+01,8.606219000000000108e+01,-2.486497999999999919e+01,-2.125163999999999831e+01,0.000000000000000000e+00,0.000000000000000000e+00
8.627923000000000675e-01,5.871553999999999718e+00,-2.752991000000000188e+00,-3.076155999999999935e+01,1.573254999999999981e+01,-4.067232999999999876e+00,3.898100000000000165e+01,2.465566000000000102e+01,7.262564999999999493e+00,4.934205999999999648e+01,7.739078000000000657e+01,-1.388321000000000005e+01,-1.189203000000000010e+01,0.000000000000000000e+00,0.000000000000000000e+00,8.627923000000000675e-01,-5.871553999999999718e+00,2.752991000000000188e+00,-2.664989999999999881e+01,7.819163999999999781e+00,-3.567918000000000145e+00,3.049790000000000134e+01,2.347157999999999944e+01,1.743613999999999820e+01,5.095712000000000330e+01,8.740628000000000952e+01,-2.171539999999999893e+01,-1.728623999999999938e+01,0.000000000000000000e+00,0.000000000000000000e+00
8.627923000000000675e-01,5.871553999999999718e+00,-2.752991000000000188e+00,-3.260013000000000005e+01,1.305649000000000015e+01,1.912252000000000063e+00,3.872189000000000192e+01,2.538945999999999970e+01,6.420132999999999868e+00,4.819872000000000156e+01,7.914894999999999925e+01,-9.969433999999999685e+00,-5.868159999999999599e+00,0.000000000000000000e+00,0.000000000000000000e+00,8.627923000000000675e-01,-5.871553999999999718e+00,2.752991000000000188e+00,-2.758874000000000137e+01,5.328078999999999787e+00,-2.755581000000000280e+00,3.037974000000000174e+01,2.411919999999999931e+01,1.773613999999999891e+01,4.858750999999999465e+01,8.923875999999999920e+01,-1.713650000000000162e+01,-1.061361000000000132e+01,0.000000000000000000e+00,0.000000000000000000e+00
8.627923000000000675e-01,5.871553999999999718e+00,-2.752991000000000188e+00,-3.330299999999999727e+01,1.378304999999999936e+01,1.418252999999999986e+00,3.930397999999999570e+01,2.615219000000000094e+01,5.612708999999999726e+00,4.790195999999999543e+01,8.027965999999999269e+01,-6.886457000000000939e+00,-1.550861000000000045e+00,0.000000000000000000e+00,0.000000000000000000e+00,8.627923000000000675e-01,-5.871553999999999718e+00,2.752991000000000188e+00,-2.817022000000000048e+01,6.200446000000000346e+00,-3.810928000000000093e+00,3.079627999999999943e+01,2.480451000000000050e+01,1.722109999999999985e+01,4.839403000000000077e+01,8.814874000000000365e+01,-1.331977000000000189e+01,-5.960918000000000383e+00,0.000000000000000000e+00,0.000000000000000000e+00
9.411643999999999566e-02,5.858729000000000298e+00,-2.765741999999999923e+00,-3.447673999999999950e+01,1.428692999999999813e+01,2.653277999999999803e+00,3.923700999999999794e+01,2.770122999999999891e+01,5.630213999999999608e+00,4.837648000000000081e+01,8.191698999999999842e+01,-3.902655000000000207e+00,2.631504999999999761e+00,0.000000000000000000e+00,0.000000000000000000e+00,9.411643999999999566e-02,-5.858729000000000298e+00,2.765741999999999923e+00,-2.831662999999999997e+01,6.715677000000000341e+00,-1.596667000000000058e+00,3.123845000000000027e+01,2.552217000000000269e+01,1.719669000000000025e+01,4.852494999999999692e+01,8.909345000000000425e+01,-1.087693999999999939e+01,-1.758374000000000104e+00,0.000000000000000000e+00,0.000000000000000000e+00
9.626666000000000389e-02,5.585042999999999758e+00,-2.235590000000000188e+00,-3.443318000000000012e+01,1.455400000000000027e+01,3.223856999999999751e+00,4.042645000000000266e+01,2.775328000000000017e+01,4.817330000000000112e+00,4.923284000000000304e+01,8.234931000000000267e+01,-9.955771000000001036e-01,7.445739999999999803e+00,0.000000000000000000e+00,0.000000000000000000e+00,9.626666000000000389e-02,-5.585042999999999758e+00,2.235590000000000188e+00,-2.896500999999999593e+01,8.658780999999999395e+00,-1.832518000000000091e+00,3.217379999999999995e+01,2.747857000000000127e+01,1.590872000000000064e+01,5.007066999999999979e+01,8.937064999999999770e+01,-5.322533999999999210e+00,3.865055000000000351e+00,0.000000000000000000e+00,0.000000000000000000e+00
9.626666000000000389e-02,5.585042999999999758e+00,-2.235590000000000188e+00,-3.528374000000000166e+01,1.569364000000000026e+01,3.704442999999999930e+00,4.107052999999999798e+01,2.843200999999999823e+01,3.714458999999999733e+00,4.997930999999999813e+01,8.226654999999999518e+01,1.518858000000000041e+00,9.936808000000000973e+00,0.000000000000000000e+00,0.000000000000000000e+00,9.626666000000000389e-02,-5.585042999999999758e+00,2.235590000000000188e+00,-2.947680999999999685e+01,1.001511999999999958e+01,-9.835184999999999622e-01,3.306233999999999895e+01,2.878717999999999932e+01,1.449947999999999837e+01,5.081000999999999834e+01,8.936173000000000854e+01,-2.597297000000000189e+00,7.982636999999999539e+00,0.000000000000000000e+00,0.000000000000000000e+00
-4.077607999999999788e-01,5.609687999999999342e+00,-2.245820999999999845e+00,-3.517025999999999897e+01,1.643887000000000143e+01,3.383673000000000375e+00,4.138219999999999743e+01,2.862739000000000189e+01,3.643041000000000196e+00,5.063232999999999606e+01,8.257598000000000127e+01,3.314673999999999676e+00,1.216140000000000043e+01,0.000000000000000000e+00,0.000000000000000000e+00,-4.077607999999999788e-01,-5.609687999999999342e+00,2.245820999999999845e+00,-2.974009000000000214e+01,1.073776999999999937e+01,-3.420327000000000228e-01,3.371347999999999701e+01,2.943945999999999685e+01,1.429922999999999966e+01,5.124622999999999706e+01,8.975300000000000011e+01,-6.423284999999999689e-01,1.045524999999999949e+01,0.000000000000000000e+00,0.000000000000000000e+00
-4.042460999999999971e-01,5.101816000000000351e+00,-2.507890000000000175e+00,-3.459814000000000078e+01,1.809134999999999849e+01,3.160984999999999712e+00,4.308520999999999646e+01,2.967562999999999818e+01,2.447022000000000030e+00,5.193287000000000120e+01,8.225433999999999912e+01,7.183288000000000117e+00,1.532866000000000106e+01,0.000000000000000000e+00,0.000000000000000000e+00,-4.042460999999999971e-01,-5.101816000000000351e+00,2.507890000000000175e+00,-3.036577999999999733e+01,1.212790999999999997e+01,7.915283000000000735e-01,3.368992999999999682e+01,3.021365999999999730e+01,1.351810000000000045e+01,5.216743999999999915e+01,8.836865999999999133e+01,2.622231000000000201e+00,1.432906000000000013e+01,0.000000000000000000e+00,0.000000000000000000e+00
-6.150340999999999170e-01,5.295422000000000295e+00,-3.028793999999999986e+00,-3.486713999999999913e+01,2.061279000000000039e+01,3.727691999999999783e+00,4.420237999999999801e+01,3.063740999999999914e+01,6.055437000000000181e-01,5.239462000000000330e+01,8.232777000000000100e+01,1.085308999999999990e+01,1.930917000000000172e+01,0.000000000000000000e+00,0.000000000000000000e+00,-6.150340999999999170e-01,-5.295422000000000295e+00,3.028793999999999986e+00,-2.908837999999999724e+01,1.332422000000000040e+01,3.448772999999999422e-01,3.435332999999999970e+01,3.007397999999999882e+01,1.276086999999999883e+01,5.380731999999999715e+01,8.651009000000000526e+01,4.894929000000000308e+00,1.692666000000000182e+01,0.000000000000000000e+00,0.000000000000000000e+00
-1.110929000000000055e+00,5.331033999999999828e+00,-3.001891999999999783e+00,-3.478420999999999452e+01,2.220598000000000027e+01,3.943867000000000012e+00,4.514658000000000015e+01,3.092585000000000051e+01,-5.802139000000000602e-01,5.263094999999999857e+01,8.215139999999999532e+01,1.294908000000000037e+01,2.172445000000000093e+01,0.000000000000000000e+00,0.000000000000000000e+00,-1.110929000000000055e+00,-5.331033999999999828e+00,3.001891999999999783e+00,-2.889724999999999966e+01,1.502747000000000099e+01,5.345035000000000203e-01,3.570647999999999911e+01,3.112487999999999744e+01,1.130936999999999948e+01,5.494671999999999201e+01,8.472758000000000322e+01,6.562178000000000289e+00,1.889601000000000042e+01,0.000000000000000000e+00,0.000000000000000000e+00
-1.175804999999999989e+00,5.339799000000000184e+00,-3.001850000000000129e+00,-3.465861999999999910e+01,2.371179000000000059e+01,3.850541000000000214e+00,4.613119999999999976e+01,3.147592999999999819e+01,-1.298670999999999909e+00,5.277673000000000769e+01,8.144301000000000101e+01,1.538771000000000022e+01,2.448010999999999981e+01,0.000000000000000000e+00,0.000000000000000000e+00,-1.175804999999999989e+00,-5.339799000000000184e+00,3.001850000000000129e+00,-2.870354000000000383e+01,1.688427000000000078e+01,1.883896000000000015e+00,3.660367999999999711e+01,3.162994000000000128e+01,1.063551000000000002e+01,5.529858000000000118e+01,8.416342000000000212e+01,8.444741999999999749e+00,2.077887999999999735e+01,0.000000000000000000e+00,0.000000000000000000e+00
-1.687038999999999955e+00,5.365529000000000437e+00,-3.018400999999999890e+00,-3.431472999999999729e+01,2.462249999999999872e+01,4.307411000000000101e+00,4.656635999999999598e+01,3.153566999999999965e+01,-1.746531999999999973e+00,5.369945999999999486e+01,8.154645999999999617e+01,1.644595999999999947e+01,2.582052000000000191e+01,0.000000000000000000e+00,0.000000000000000000e+00,-1.687038999999999955e+00,-5.365529000000000437e+00,3.018400999999999890e+00,-2.876317000000000235e+01,1.793243000000000009e+01,8.760846999999999385e-01,3.661943000000000126e+01,3.242219000000000051e+01,1.044768000000000008e+01,5.641445000000000221e+01,8.380969000000000335e+01,9.701261000000000578e+00,2.247081999999999979e+01,0.000000000000000000e+00,0.000000000000000000e+00
-1.623842000000000008e+00,5.618852999999999653e+00,-3.526413999999999938e+00,-3.451272000000000162e+01,2.565377000000000152e+01,3.887230999999999881e+00,4.694919000000000153e+01,3.158436999999999983e+01,-2.296058000000000376e+00,5.377065999999999946e+01,8.136809999999999832e+01,1.773800999999999917e+01,2.728287999999999869e+01,0.000000000000000000e+00,0.000000000000000000e+00,-1.623842000000000008e+00,-5.618852999999999653e+00,3.526413999999999938e+00,-2.793024000000000129e+01,1.895671000000000106e+01,5.472383000000000663e-01,3.698270000000000124e+01,3.244796999999999798e+01,1.047072999999999965e+01,5.744560999999999495e+01,8.252756999999999721e+01,1.083438999999999908e+01,2.375926000000000116e+01,0.000000000000000000e+00,0.000000000000000000e+00
-1.625464999999999938e+00,5.622741999999999685e+00,-3.530473000000000194e+00,-3.346603999999999957e+01,2.570120000000000005e+01,4.022730999999999391e+00,4.791769000000000034e+01,3.148337000000000074e+01,-2.931230999999999920e+00,5.499683000000000277e+01,8.053099000000000274e+01,1.926542999999999850e+01,2.879410999999999632e+01,0.000000000000000000e+00,0.000000000000000000e+00,-1.625464999999999938e+00,-5.622741999999999685e+00,3.530473000000000194e+00,-2.773665000000000092e+01,2.100204000000000093e+01,2.816284000000000010e+00,3.830190000000000339e+01,3.339737000000000222e+01,9.859582000000001401e+00,5.824760999999999456e+01,8.190489999999999782e+01,1.262063000000000024e+01,2.604048999999999836e+01,0.000000000000000000e+00,0.000000000000000000e+00
-1.559180000000000010e+00,5.879361000000000281e+00,-4.043686000000000114e+00,-3.325457000000000107e+01,2.647084000000000259e+01,4.769060999999999773e+00,4.782412999999999670e+01,3.127077000000000240e+01,-3.029118999999999673e+00,5.523619000000000057e+01,8.016745000000000232e+01,1.989607999999999777e+01,2.971007000000000176e+01,0.000000000000000000e+00,0.000000000000000000e+00,-1.559180000000000010e+00,-5.879361000000000281e+00,4.043686000000000114e+00,-2.677534000000000347e+01,2.150514000000000081e+01,4.679583000000000048e+00,3.843054000000000059e+01,3.352618999999999971e+01,9.712659000000000376e+00,5.966830999999999818e+01,8.123409999999999798e+01,1.374132000000000176e+01,2.680335999999999785e+01,0.000000000000000000e+00,0.000000000000000000e+00
-2.264718999999999927e+00,5.597294000000000658e+00,-4.789276000000000089e+00,-3.316514999999999702e+01,2.634907000000000110e+01,5.784101000000000603e+00,4.825452999999999548e+01,3.232077000000000311e+01,-3.209613000000000049e+00,5.588535000000000252e+01,7.992088000000001102e+01,2.112650000000000006e+01,3.064380999999999844e+01,0.000000000000000000e+00,0.000000000000000000e+00,-2.264718999999999927e+00,-5.597294000000000658e+00,4.789276000000000089e+00,-2.761130999999999602e+01,2.102398999999999774e+01,3.748225000000000140e+00,3.768925000000000125e+01,3.417701999999999884e+01,1.094091000000000058e+01,5.974909999999999854e+01,8.131600000000000250e+01,1.339633999999999858e+01,2.626930000000000121e+01,0.000000000000000000e+00,0.000000000000000000e+00
-2.266865000000000130e+00,5.602602000000000082e+00,-4.794773000000000174e+00,-3.259949000000000296e+01,2.644587000000000288e+01,5.765266000000000446e+00,4.868787999999999982e+01,3.208194999999999908e+01,-3.646923999999999833e+00,5.664423000000000741e+01,7.974741000000000213e+01,2.127674999999999983e+01,3.148432999999999993e+01,0.000000000000000000e+00,0.000000000000000000e+00,-2.266865000000000130e+00,-5.602602000000000082e+00,4.794773000000000174e+00,-2.757027000000000072e+01,2.233132000000000161e+01,2.706547000000000036e+00,3.866834999999999667e+01,3.485224999999999795e+01,1.038700000000000045e+01,6.030905999999999523e+01,8.121706000000000358e+01,1.512567999999999913e+01,2.758157000000000281e+01,0.000000000000000000e+00,0.000000000000000000e+00
-2.196054999999999868e+00,5.857458999999999527e+00,-5.306976999999999833e+00,-3.314363000000000170e+01,2.714709999999999823e+01,6.005872000000000099e+00,4.922937000000000296e+01,3.250889000000000095e+01,-4.345454000000000150e+00,5.642314000000000362e+01,7.960221999999998843e+01,2.236035000000000039e+01,3.198522000000000176e+01,0.000000000000000000e+00,0.000000000000000000e+00,-2.196054999999999868e+00,-5.857458999999999527e+00,5.306976999999999833e+00,-2.723377999999999943e+01,2.232136000000000209e+01,2.807084000000000135e+00,3.908525000000000205e+01,3.471939000000000419e+01,1.060973999999999862e+01,6.068131999999999238e+01,8.104070000000000107e+01,1.469871000000000016e+01,2.768352999999999753e+01,0.000000000000000000e+00,0.000000000000000000e+00
-2.196054999999999868e+00,5.857458999999999527e+00,-5.306976999999999833e+00,-3.307784999999999798e+01,2.740625999999999607e+01,5.869087000000000387e+00,4.922937000000000296e+01,3.250889000000000095e+01,-4.345454000000000150e+00,5.658888000000000318e+01,7.927322999999999809e+01,2.257681000000000182e+01,3.209615999999999758e+01,0.000000000000000000e+00,0.000000000000000000e+00,-2.196054999999999868e+00,-5.857458999999999527e+00,5.306976999999999833e+00,-2.722459999999999880e+01,2.258080999999999960e+01,2.395827999999999847e+00,3.908525000000000205e+01,3.471939000000000419e+01,1.060973999999999862e+01,6.065905999999999665e+01,8.096184000000000935e+01,1.504297000000000040e+01,2.781653000000000020e+01,0.000000000000000000e+00,0.000000000000000000e+00
-2.218277000000000054e+00,5.354496000000000144e+00,-5.564751999999999477e+00,-3.227357999999999549e+01,2.754060999999999737e+01,5.539551000000000336e+00,4.977186999999999983e+01,3.214086999999999961e+01,-4.205068999999999946e+00,5.721379000000000303e+01,7.914782999999999902e+01,2.275652000000000186e+01,3.258109000000000322e+01,0.000000000000000000e+00,0.000000000000000000e+00,-2.218277000000000054e+00,-5.354496000000000144e+00,5.564751999999999477e+00,-2.756865000000000165e+01,2.279660000000000153e+01,3.674177999999999944e+00,3.857363000000000142e+01,3.502855000000000274e+01,1.052797999999999945e+01,6.088009000000000270e+01,8.085781000000000063e+01,1.567885000000000062e+01,2.836075999999999908e+01,0.000000000000000000e+00,0.000000000000000000e+00
-2.220222999999999836e+00,5.360609999999999431e+00,-5.571149000000000129e+00,-3.162434000000000367e+01,2.753801999999999950e+01,5.169308000000000014e+00,5.014575999999999567e+01,3.198622999999999905e+01,-4.377136000000000138e+00,5.788765000000000072e+01,7.852430999999999983e+01,2.291797000000000040e+01,3.243442999999999898e+01,0.000000000000000000e+00,0.000000000000000000e+00,-2.220222999999999836e+00,-5.360609999999999431e+00,5.571149000000000129e+00,-2.779807999999999879e+01,2.307364000000000104e+01,4.102488000000000135e+00,3.893041999999999803e+01,3.532080999999999449e+01,1.041291000000000011e+01,6.074074999999999847e+01,8.108203000000000316e+01,1.646202999999999861e+01,2.884533000000000058e+01,0.000000000000000000e+00,0.000000000000000000e+00
-2.146104999999999929e+00,5.609351000000000198e+00,-6.077148999999999468e+00,-3.174302999999999741e+01,2.791365000000000052e+01,5.291141999999999790e+00,5.020044000000000040e+01,3.223928000000000083e+01,-5.114780999999999800e+00,5.776530000000000342e+01,7.828333000000000652e+01,2.368186000000000035e+01,3.349340000000000117e+01,0.000000000000000000e+00,0.000000000000000000e+00,-2.146104999999999929e+00,-5.609351000000000198e+00,6.077148999999999468e+00,-2.749912999999999741e+01,2.283797999999999817e+01,4.416710000000000136e+00,3.899112000000000222e+01,3.490258000000000038e+01,1.075063000000000102e+01,6.114660999999999547e+01,8.061803000000000452e+01,1.603487999999999758e+01,2.852409000000000106e+01,0.000000000000000000e+00,0.000000000000000000e+00
-2.146104999999999929e+00,5.609351000000000198e+00,-6.077148999999999468e+00,-3.143427999999999756e+01,2.825494000000000128e+01,4.455566000000000138e+00,5.070069000000000159e+01,3.238602999999999810e+01,-5.081351999999999869e+00,5.771130999999999744e+01,7.782730999999999710e+01,2.374275000000000091e+01,3.383822999999999581e+01,0.000000000000000000e+00,0.000000000000000000e+00,-2.146104999999999929e+00,-5.609351000000000198e+00,6.077148999999999468e+00,-2.735710999999999871e+01,2.300583999999999918e+01,3.796247000000000149e+00,3.899112000000000222e+01,3.490258000000000038e+01,1.075063000000000102e+01,6.125023000000000195e+01,8.066619000000000028e+01,1.625346000000000046e+01,2.919869999999999877e+01,0.000000000000000000e+00,0.000000000000000000e+00
-2.146104999999999929e+00,5.609351000000000198e+00,-6.077148999999999468e+00,-3.141114999999999924e+01,2.821482999999999919e+01,5.600501999999999647e+00,5.077405999999999864e+01,3.240144000000000091e+01,-5.419863999999999571e+00,5.802681999999999363e+01,7.770177999999999940e+01,2.417635999999999896e+01,3.426671999999999940e+01,0.000000000000000000e+00,0.000000000000000000e+00,-2.146104999999999929e+00,-5.609351000000000198e+00,6.077148999999999468e+00,-2.760528000000000048e+01,2.303852000000000189e+01,4.242601000000000511e+00,3.892094000000000165e+01,3.535853000000000179e+01,1.081475000000000009e+01,6.145321999999999463e+01,8.046679000000000315e+01,1.676838000000000051e+01,2.955815000000000126e+01,0.000000000000000000e+00,0.000000000000000000e+00
-2.081691000000000180e+00,5.597046999999999883e+00,-6.077348000000000638e+00,-3.113697999999999766e+01,2.836350999999999800e+01,4.357550999999999952e+00,5.080259000000000214e+01,3.234719000000000477e+01,-5.462966999999999906e+00,5.833781999999999357e+01,7.731994000000000256e+01,2.508008999999999844e+01,3.494069999999999965e+01,0.000000000000000000e+00,0.000000000000000000e+00,-2.081691000000000180e+00,-5.597046999999999883e+00,6.077348000000000638e+00,-2.746369000000000327e+01,2.306583999999999790e+01,4.046968999999999816e+00,3.895409000000000077e+01,3.532237999999999545e+01,1.074802999999999997e+01,6.130033000000000243e+01,7.989489000000000374e+01,1.708798999999999779e+01,2.974182000000000059e+01,0.000000000000000000e+00,0.000000000000000000e+00
-2.597166000000000086e+00,5.619513999999999676e+00,-6.102699999999999569e+00,-3.147902999999999807e+01,2.863944000000000401e+01,5.049818000000000140e+00,5.070786999999999978e+01,3.276594000000000051e+01,-5.422660999999999731e+00,5.849375999999999465e+01,7.762418999999999869e+01,2.487237000000000009e+01,3.523149000000000086e+01,0.000000000000000000e+00,0.000000000000000000e+00,-2.597166000000000086e+00,-5.619513999999999676e+00,6.102699999999999569e+00,-2.783892999999999773e+01,2.290108000000000033e+01,4.962460000000000093e+00,3.860374000000000194e+01,3.558434000000000452e+01,1.129672000000000054e+01,6.168304000000000542e+01,7.990742000000000189e+01,1.704455000000000098e+01,2.961860999999999677e+01,0.000000000000000000e+00,0.000000000000000000e+00
-2.627547000000000299e+00,5.115505999999999887e+00,-6.360566000000000386e+00,-3.078397000000000006e+01,2.970934000000000097e+01,5.168898999999999688e+00,5.134757000000000460e+01,3.284403999999999968e+01,-5.689670999999999701e+00,5.897051999999999339e+01,7.777613000000000909e+01,2.579928999999999917e+01,3.618283999999999878e+01,0.000000000000000000e+00,0.000000000000000000e+00,-2.627547000000000299e+00,-5.115505999999999887e+00,6.360566000000000386e+00,-2.805202000000000240e+01,2.271931000000000012e+01,4.033240000000000158e+00,3.806719000000000364e+01,3.495349000000000217e+01,1.142513000000000112e+01,6.143379999999999797e+01,7.950081000000000131e+01,1.705320999999999998e+01,2.955839000000000283e+01,0.000000000000000000e+00,0.000000000000000000e+00
-2.597936999999999941e+00,4.599635000000000140e+00,-6.618555000000000632e+00,-2.920949000000000240e+01,3.263294000000000494e+01,4.969580999999999804e+00,5.312966000000000122e+01,3.280550000000000210e+01,-7.354455999999999882e+00,5.897044999999999959e+01,7.740045999999999538e+01,2.717845999999999762e+01,3.778837999999999653e+01,0.000000000000000000e+00,0.000000000000000000e+00,-2.597936999999999941e+00,-4.599635000000000140e+00,6.618555000000000632e+00,-2.808677000000000135e+01,2.288863999999999876e+01,3.786188999999999805e+00,3.784907000000000465e+01,3.500178999999999974e+01,1.141442999999999941e+01,6.109663000000000466e+01,7.847065000000000623e+01,1.654929999999999879e+01,2.942659000000000091e+01,0.000000000000000000e+00,0.000000000000000000e+00
-2.665655000000000108e+00,4.350173000000000734e+00,-6.112465000000000259e+00,-2.891975000000000051e+01,3.251411999999999836e+01,4.542927999999999855e+00,5.316551999999999367e+01,3.256380000000000052e+01,-7.076336000000000404e+00,5.904141999999999513e+01,7.741738000000000852e+01,2.672742000000000218e+01,3.755216000000000065e+01,0.000000000000000000e+00,0.000000000000000000e+00,-2.665655000000000108e+00,-4.350173000000000734e+00,6.112465000000000259e+00,-2.844322000000000017e+01,2.320042000000000115e+01,4.044620000000000104e+00,3.799880000000000280e+01,3.536410000000000053e+01,1.062338000000000093e+01,6.113454000000000121e+01,7.819606999999999175e+01,1.673817999999999984e+01,2.946781999999999968e+01,0.000000000000000000e+00,0.000000000000000000e+00
-2.665655000000000108e+00,4.350173000000000734e+00,-6.112465000000000259e+00,-2.935257000000000005e+01,3.218137000000000114e+01,5.193602999999999525e+00,5.316551999999999367e+01,3.256380000000000052e+01,-7.076336000000000404e+00,5.787680999999999898e+01,7.669344999999999857e+01,2.665446999999999989e+01,3.645014000000000465e+01,0.000000000000000000e+00,0.000000000000000000e+00,-2.665655000000000108e+00,-4.350173000000000734e+00,6.112465000000000259e+00,-2.806530000000000058e+01,2.286276000000000153e+01,4.037971999999999895e+00,3.764907999999999788e+01,3.501910000000000167e+01,1.072498000000000040e+01,6.100604000000000582e+01,7.739121000000000095e+01,1.578275000000000006e+01,2.873212999999999795e+01,0.000000000000000000e+00,0.000000000000000000e+00
