8.299887e+00,6.500491e-01,2.878738e+00,-3.113885e+01,1.650773e+00,-8.632264e+00,2.851958e+01,-1.717662e+00,-1.135391e+01,1.363379e+01,1.169296e+01,6.608466e+00,3.646144e+02,0,0,8.299887e+00,-6.500491e-01,-2.878738e+00,-2.392124e+01,6.647322e+00,-6.380881e+00,2.145280e+01,4.596173e+00,-1.332326e+01,-2.426168e+01,1.423773e+01,5.201505e+01,4.036051e+02,0,0
8.268922e+00,1.184035e+00,3.077396e+00,-3.143619e+01,1.581362e+00,-8.738863e+00,2.785328e+01,-1.870734e+00,-1.090930e+01,1.335647e+01,1.151978e+01,6.346400e+00,3.645078e+02,0,0,8.268922e+00,-1.184035e+00,-3.077396e+00,-2.319894e+01,6.661660e+00,-6.321302e+00,2.199345e+01,4.781436e+00,-1.339389e+01,-2.338431e+01,1.441750e+01,5.166301e+01,4.032732e+02,0,0
8.268922e+00,1.184035e+00,3.077396e+00,-3.165513e+01,1.600829e+00,-8.733277e+00,2.785328e+01,-1.870734e+00,-1.090930e+01,1.384164e+01,1.154166e+01,5.881589e+00,3.638610e+02,0,0,8.268922e+00,-1.184035e+00,-3.077396e+00,-2.322090e+01,6.652998e+00,-6.318702e+00,2.204437e+01,4.784913e+00,-1.325538e+01,-2.410721e+01,1.450238e+01,5.234267e+01,4.035322e+02,0,0
8.268922e+00,1.184035e+00,3.077396e+00,-3.154673e+01,1.742619e+00,-8.736140e+00,2.785328e+01,-1.870734e+00,-1.090930e+01,1.492124e+01,1.268653e+01,5.915599e+00,3.642348e+02,0,0,8.268922e+00,-1.184035e+00,-3.077396e+00,-2.338082e+01,6.669057e+00,-6.299720e+00,2.191192e+01,4.809841e+00,-1.363868e+01,-2.328617e+01,1.449455e+01,5.141239e+01,4.032619e+02,0,0
8.299887e+00,6.500491e-01,2.878738e+00,-3.129802e+01,2.397210e+00,-7.479438e+00,2.843870e+01,-1.180244e+00,-1.100182e+01,1.880555e+01,1.465437e+01,4.206620e+00,3.619573e+02,0,0,8.299887e+00,-6.500491e-01,-2.878738e+00,-2.399274e+01,6.743816e+00,-6.372607e+00,2.135574e+01,4.845872e+00,-1.367600e+01,-2.413623e+01,1.431083e+01,5.173864e+01,4.033909e+02,0,0
8.299887e+00,6.500491e-01,2.878738e+00,-3.127558e+01,2.552848e+00,-7.257892e+00,2.843870e+01,-1.180244e+00,-1.100182e+01,2.061848e+01,1.656600e+01,4.367622e+00,3.615876e+02,0,0,8.299887e+00,-6.500491e-01,-2.878738e+00,-2.402379e+01,6.912681e+00,-6.369062e+00,2.143702e+01,4.852492e+00,-1.381330e+01,-2.398244e+01,1.415604e+01,5.160596e+01,4.031762e+02,0,0
8.304817e+00,6.528441e-01,2.880483e+00,-3.142836e+01,2.909935e+00,-7.663473e+00,2.857030e+01,-1.205098e+00,-1.135378e+01,2.250619e+01,1.769569e+01,3.033367e+00,3.609078e+02,0,0,8.304817e+00,-6.528441e-01,-2.880483e+00,-2.385628e+01,6.819103e+00,-6.392009e+00,2.126111e+01,4.837752e+00,-1.382216e+01,-2.489102e+01,1.416211e+01,5.247460e+01,4.033243e+02,0,0
8.304817e+00,6.528441e-01,2.880483e+00,-3.150285e+01,2.915920e+00,-7.706495e+00,2.848090e+01,-1.210945e+00,-1.154811e+01,2.152852e+01,1.879348e+01,4.064126e+00,3.608808e+02,0,0,8.304817e+00,-6.528441e-01,-2.880483e+00,-2.407413e+01,6.669050e+00,-6.842819e+00,2.081541e+01,5.065794e+00,-1.387205e+01,-2.425064e+01,1.429572e+01,5.192702e+01,4.036099e+02,0,0
8.227314e+00,6.592440e-01,2.853947e+00,-3.279912e+01,3.574342e+00,-7.519699e+00,2.863788e+01,9.211100e-02,-1.083845e+01,2.400302e+01,2.185535e+01,1.082414e+00,3.566399e+02,0,0,8.227314e+00,-6.592440e-01,-2.853947e+00,-2.452073e+01,6.770660e+00,-6.255145e+00,2.128612e+01,4.980066e+00,-1.377812e+01,-2.342114e+01,1.428985e+01,5.104997e+01,4.069459e+02,0,0
8.032835e+00,6.472856e-01,2.855332e+00,-3.477360e+01,4.956292e+00,-5.366328e+00,2.867407e+01,1.923023e+00,-1.038777e+01,2.652883e+01,2.765078e+01,-3.891905e+00,3.453212e+02,0,0,8.032835e+00,-6.472856e-01,-2.855332e+00,-2.427887e+01,6.532711e+00,-6.107317e+00,2.126790e+01,5.049986e+00,-1.359558e+01,-2.308189e+01,1.425124e+01,5.066537e+01,4.020802e+02,0,0
7.590195e+00,1.189671e-01,2.670767e+00,-3.609482e+01,6.978605e+00,-2.828513e+00,2.924524e+01,4.435300e+00,-9.545658e+00,2.900067e+01,3.420866e+01,-1.017149e+01,3.470435e+02,0,0,7.590195e+00,-1.189671e-01,-2.670767e+00,-2.477172e+01,6.266131e+00,-5.763408e+00,2.089593e+01,5.060531e+00,-1.308663e+01,-2.227539e+01,1.410217e+01,4.928537e+01,4.009894e+02,0,0
7.590195e+00,1.189671e-01,2.670767e+00,-3.820881e+01,8.557345e+00,-6.707690e-01,2.992865e+01,6.508404e+00,-9.516819e+00,3.129836e+01,3.976368e+01,-1.555989e+01,3.406464e+02,0,0,7.590195e+00,-1.189671e-01,-2.670767e+00,-2.485995e+01,6.268638e+00,-5.753900e+00,2.089593e+01,5.060531e+00,-1.308663e+01,-2.170050e+01,1.416696e+01,4.873256e+01,4.007410e+02,0,0
7.721375e+00,-1.146307e+00,2.811617e+00,-3.966765e+01,1.007532e+01,3.789374e+00,3.242407e+01,8.763246e+00,-9.117638e+00,3.407134e+01,4.607791e+01,-2.062634e+01,3.366868e+02,0,0,7.721375e+00,1.146307e+00,-2.811617e+00,-2.579135e+01,6.675676e+00,-5.794861e+00,1.979729e+01,5.124395e+00,-1.372336e+01,-2.283687e+01,1.439919e+01,4.872380e+01,4.007905e+02,0,0
7.781124e+00,-1.678817e+00,2.616006e+00,-4.028954e+01,1.206471e+01,6.735370e+00,3.381217e+01,1.135352e+01,-9.398640e+00,3.481919e+01,5.285371e+01,-2.518425e+01,3.338457e+02,0,0,7.781124e+00,1.678817e+00,-2.616006e+00,-2.601846e+01,6.811460e+00,-5.944890e+00,1.925962e+01,4.927134e+00,-1.368982e+01,-2.290542e+01,1.426318e+01,4.904433e+01,4.038880e+02,0,0
7.863575e+00,-2.411419e+00,2.955665e+00,-4.230213e+01,1.333266e+01,9.966685e+00,3.577089e+01,1.364105e+01,-8.645630e+00,3.866727e+01,5.849212e+01,-3.110426e+01,3.266535e+02,0,0,7.863575e+00,2.411419e+00,-2.955665e+00,-2.700967e+01,7.204223e+00,-5.070294e+00,1.920821e+01,5.618041e+00,-1.346801e+01,-2.230825e+01,1.478511e+01,4.722072e+01,3.973376e+02,0,0
7.187053e+00,-2.963943e+00,2.763500e+00,-4.350693e+01,1.442399e+01,1.306207e+01,3.708519e+01,1.635154e+01,-8.268592e+00,4.110526e+01,6.539231e+01,-3.540645e+01,3.221287e+02,0,0,7.187053e+00,2.963943e+00,-2.763500e+00,-2.707320e+01,6.930645e+00,-5.309006e+00,1.859415e+01,5.752855e+00,-1.236123e+01,-2.037685e+01,1.451133e+01,4.515868e+01,3.939869e+02,0,0
7.279154e+00,-3.695684e+00,3.104856e+00,-4.371497e+01,1.569386e+01,1.399297e+01,3.850615e+01,1.808572e+01,-8.950709e+00,4.327725e+01,7.031530e+01,-3.892271e+01,3.195244e+02,0,0,7.279154e+00,3.695684e+00,-3.104856e+00,-2.811713e+01,7.830276e+00,-4.163462e+00,1.785549e+01,5.913506e+00,-1.248241e+01,-2.077475e+01,1.493936e+01,4.431673e+01,3.922764e+02,0,0
7.323843e+00,-4.230179e+00,2.906520e+00,-4.440017e+01,1.650718e+01,1.744532e+01,4.003515e+01,2.021691e+01,-8.874107e+00,4.412376e+01,7.580075e+01,-4.209581e+01,3.172086e+02,0,0,7.323843e+00,4.230179e+00,-2.906520e+00,-2.888544e+01,7.655566e+00,-4.211133e+00,1.731480e+01,5.716513e+00,-1.243705e+01,-2.039253e+01,1.487624e+01,4.347388e+01,3.945857e+02,0,0
7.323843e+00,-4.230179e+00,2.906520e+00,-4.680259e+01,1.386925e+01,1.881739e+01,4.142382e+01,2.200551e+01,-9.673235e+00,4.450579e+01,8.154310e+01,-4.582324e+01,3.110279e+02,0,0,7.323843e+00,4.230179e+00,-2.906520e+00,-3.153757e+01,5.280804e+00,-4.545895e+00,1.744744e+01,5.693578e+00,-1.206163e+01,-1.986498e+01,1.503988e+01,4.293838e+01,3.941761e+02,0,0
7.375593e+00,-4.428641e+00,3.444935e+00,-4.726112e+01,1.412502e+01,2.024577e+01,4.232112e+01,2.287459e+01,-8.894334e+00,4.425641e+01,8.803386e+01,-5.155471e+01,3.046442e+02,0,0,7.375593e+00,4.428641e+00,-3.444935e+00,-3.218419e+01,5.783445e+00,-1.938547e+00,1.712457e+01,6.729389e+00,-1.188661e+01,-1.930966e+01,1.583735e+01,4.165597e+01,3.925970e+02,0,0
7.410445e+00,-4.430699e+00,3.444684e+00,-4.782069e+01,1.385868e+01,2.053624e+01,4.295840e+01,2.319169e+01,-9.094218e+00,4.273839e+01,9.315472e+01,-5.669712e+01,2.981309e+02,0,0,7.410445e+00,4.430699e+00,-3.444684e+00,-3.282567e+01,5.659909e+00,-3.461524e+00,1.693829e+01,6.691659e+00,-1.191740e+01,-1.809404e+01,1.580050e+01,4.036397e+01,3.915196e+02,0,0
7.485046e+00,-4.597970e+00,3.993867e+00,-4.834163e+01,1.293732e+01,2.033520e+01,4.290065e+01,2.313082e+01,-8.930832e+00,4.046665e+01,9.734077e+01,-6.313641e+01,2.901177e+02,0,0,7.485046e+00,4.597970e+00,-3.993867e+00,-3.328837e+01,6.150956e+00,-3.298991e+00,1.632451e+01,7.278705e+00,-1.213205e+01,-1.727624e+01,1.670361e+01,3.944530e+01,3.906486e+02,0,0
7.485046e+00,-4.597970e+00,3.993867e+00,-4.873517e+01,1.270264e+01,2.020276e+01,4.247986e+01,2.302411e+01,-7.624872e+00,3.908705e+01,9.878710e+01,-7.005573e+01,2.813746e+02,0,0,7.485046e+00,4.597970e+00,-3.993867e+00,-3.326663e+01,6.241685e+00,-3.848845e+00,1.629203e+01,7.053817e+00,-1.215496e+01,-1.758511e+01,1.679063e+01,3.922302e+01,3.904113e+02,0,0
7.539300e+00,-4.792840e+00,4.530339e+00,-4.856184e+01,1.167440e+01,1.985483e+01,4.195331e+01,2.196524e+01,-6.000732e+00,3.874349e+01,9.797910e+01,-7.902576e+01,2.733153e+02,0,0,7.539300e+00,4.792840e+00,-4.530339e+00,-3.397485e+01,6.997689e+00,-3.024830e+00,1.609678e+01,7.413152e+00,-1.231121e+01,-1.659228e+01,1.746139e+01,3.803889e+01,3.889237e+02,0,0
7.009292e+00,-4.853335e+00,4.535841e+00,-4.761911e+01,9.898922e+00,1.922961e+01,4.093140e+01,2.089799e+01,-5.052344e+00,3.973716e+01,9.708284e+01,-8.656366e+01,2.675630e+02,0,0,7.009292e+00,4.853335e+00,-4.535841e+00,-3.422291e+01,6.764771e+00,-2.452244e+00,1.601273e+01,7.608189e+00,-1.181022e+01,-1.419659e+01,1.744763e+01,3.559466e+01,3.863267e+02,0,0
6.982064e+00,-4.322133e+00,4.730620e+00,-4.692270e+01,9.245216e+00,1.492584e+01,3.951974e+01,1.919796e+01,-4.047134e+00,4.034450e+01,9.452662e+01,-9.118541e+01,2.641049e+02,0,0,6.982064e+00,4.322133e+00,-4.730620e+00,-3.381981e+01,7.229243e+00,-1.402294e+00,1.634033e+01,7.830077e+00,-1.148649e+01,-1.388301e+01,1.782579e+01,3.559195e+01,3.864608e+02,0,0
6.895712e+00,-4.119178e+00,4.194624e+00,-4.621135e+01,9.216345e+00,1.504697e+01,3.808264e+01,1.825690e+01,-4.446000e+00,4.128023e+01,9.348418e+01,-9.048333e+01,2.675893e+02,0,0,6.895712e+00,4.119178e+00,-4.194624e+00,-3.369974e+01,7.155366e+00,-3.283763e+00,1.678380e+01,7.671333e+00,-1.166900e+01,-1.324926e+01,1.769365e+01,3.476334e+01,3.862969e+02,0,0
6.779902e+00,-3.912999e+00,3.621201e+00,-4.678544e+01,8.846684e+00,1.519568e+01,3.818241e+01,1.867143e+01,-5.717947e+00,4.067573e+01,9.081531e+01,-7.707968e+01,2.793991e+02,0,0,6.779902e+00,3.912999e+00,-3.621201e+00,-3.319424e+01,6.727341e+00,-1.879372e+00,1.696341e+01,7.159735e+00,-1.140587e+01,-1.405058e+01,1.734641e+01,3.568534e+01,3.868690e+02,0,0
6.783829e+00,-3.910038e+00,3.623371e+00,-4.526239e+01,1.263806e+01,1.541764e+01,3.836895e+01,1.861162e+01,-6.011585e+00,3.932442e+01,9.042917e+01,-6.433033e+01,2.914468e+02,0,0,6.783829e+00,3.910038e+00,-3.623371e+00,-3.086851e+01,9.658010e+00,-3.641441e+00,1.696668e+01,7.160359e+00,-1.141038e+01,-1.397104e+01,1.746318e+01,3.560733e+01,3.867110e+02,0,0
6.783829e+00,-3.910038e+00,3.623371e+00,-4.566726e+01,1.363495e+01,1.746777e+01,4.027158e+01,1.974383e+01,-6.807075e+00,3.776270e+01,9.300545e+01,-5.364361e+01,3.043906e+02,0,0,6.783829e+00,3.910038e+00,-3.623371e+00,-3.103638e+01,9.818473e+00,-3.744527e+00,1.696668e+01,7.160359e+00,-1.141038e+01,-1.366349e+01,1.742786e+01,3.532602e+01,3.864829e+02,0,0
6.805248e+00,-3.879172e+00,3.635642e+00,-4.673147e+01,1.474602e+01,1.911394e+01,4.211147e+01,2.012032e+01,-8.527093e+00,3.635175e+01,9.430605e+01,-4.489756e+01,3.152201e+02,0,0,6.805248e+00,3.879172e+00,-3.635642e+00,-3.062555e+01,9.527034e+00,-3.951168e+00,1.686608e+01,7.186467e+00,-1.181131e+01,-1.438516e+01,1.738127e+01,3.603249e+01,3.868869e+02,0,0
6.801297e+00,-3.882170e+00,3.633457e+00,-4.724932e+01,1.545356e+01,1.739397e+01,4.252548e+01,2.051064e+01,-1.010291e+01,3.739035e+01,9.338515e+01,-4.199109e+01,3.196150e+02,0,0,6.801297e+00,3.882170e+00,-3.633457e+00,-3.022905e+01,9.586410e+00,-3.091210e+00,1.679955e+01,6.325767e+00,-1.165283e+01,-1.503840e+01,1.690987e+01,3.720146e+01,3.874132e+02,0,0
6.851822e+00,-4.075223e+00,4.169841e+00,-4.710243e+01,1.610368e+01,1.866686e+01,4.403764e+01,2.107656e+01,-1.080076e+01,3.982926e+01,9.494332e+01,-3.427796e+01,3.291652e+02,0,0,6.851822e+00,4.075223e+00,-4.169841e+00,-3.005938e+01,9.400301e+00,-2.719384e+00,1.654407e+01,6.816564e+00,-1.170250e+01,-1.584825e+01,1.685139e+01,3.770703e+01,3.875390e+02,0,0
6.851822e+00,-4.075223e+00,4.169841e+00,-4.749422e+01,1.740442e+01,2.095313e+01,4.690007e+01,2.180190e+01,-1.251473e+01,3.994895e+01,9.497318e+01,-2.885145e+01,3.340199e+02,0,0,6.851822e+00,4.075223e+00,-4.169841e+00,-3.010130e+01,9.177557e+00,-3.225185e+00,1.652729e+01,6.321700e+00,-1.155599e+01,-1.656253e+01,1.638364e+01,3.819837e+01,3.877433e+02,0,0
6.847908e+00,-4.078694e+00,4.167342e+00,-5.107620e+01,1.517706e+01,2.355109e+01,4.826519e+01,2.334110e+01,-1.264239e+01,4.296790e+01,9.913335e+01,-3.206828e+01,3.293006e+02,0,0,6.847908e+00,4.078694e+00,-4.167342e+00,-3.253231e+01,6.453492e+00,-2.730103e+00,1.644289e+01,6.313724e+00,-1.141175e+01,-1.716613e+01,1.609726e+01,3.893573e+01,3.880241e+02,0,0
6.936790e+00,-4.272228e+00,4.702667e+00,-5.254192e+01,1.534352e+01,2.628161e+01,4.985602e+01,2.551633e+01,-1.234421e+01,4.509432e+01,1.045808e+02,-3.810054e+01,3.218825e+02,0,0,6.936790e+00,4.272228e+00,-4.702667e+00,-3.312941e+01,6.597410e+00,-3.160804e+00,1.626830e+01,6.800502e+00,-1.163256e+01,-1.662930e+01,1.665697e+01,3.822294e+01,3.878763e+02,0,0
7.057305e+00,-4.477314e+00,5.283549e+00,-5.339106e+01,1.536723e+01,2.844028e+01,5.132626e+01,2.659571e+01,-1.173326e+01,4.549247e+01,1.103059e+02,-4.487704e+01,3.120757e+02,0,0,7.057305e+00,4.477314e+00,-5.283549e+00,-3.324134e+01,7.523667e+00,-3.156675e+00,1.603286e+01,6.954723e+00,-1.188312e+01,-1.638979e+01,1.689355e+01,3.766119e+01,3.876263e+02,0,0
6.914424e+00,-4.643508e+00,5.821266e+00,-5.417666e+01,1.486583e+01,3.037058e+01,5.170400e+01,2.758403e+01,-1.025216e+01,4.406844e+01,1.151983e+02,-5.403590e+01,3.019561e+02,0,0,6.914424e+00,4.643508e+00,-5.821266e+00,-3.447261e+01,7.136181e+00,-1.441132e+00,1.506870e+01,7.632965e+00,-1.134454e+01,-1.492333e+01,1.737734e+01,3.538567e+01,3.865497e+02,0,0
6.403979e+00,-4.390652e+00,6.555750e+00,-5.490282e+01,1.330637e+01,2.931421e+01,5.094481e+01,2.775654e+01,-8.683652e+00,4.039784e+01,1.183039e+02,-6.322653e+01,2.906862e+02,0,0,6.403979e+00,4.390652e+00,-6.555750e+00,-3.491907e+01,7.448531e+00,-1.490893e+00,1.538679e+01,8.509726e+00,-1.095437e+01,-1.229974e+01,1.799256e+01,3.284484e+01,3.838990e+02,0,0
6.444964e+00,-4.867277e+00,6.397425e+00,-5.519290e+01,1.285723e+01,2.922456e+01,5.040375e+01,2.801505e+01,-7.706919e+00,3.736525e+01,1.203277e+02,-7.141479e+01,2.808073e+02,0,0,6.444964e+00,4.867277e+00,-6.397425e+00,-3.545923e+01,7.162015e+00,-2.955388e-01,1.490045e+01,8.357148e+00,-1.089883e+01,-1.283864e+01,1.784357e+01,3.247242e+01,3.838929e+02,0,0
6.546445e+00,-5.067201e+00,6.930710e+00,-5.514345e+01,1.173633e+01,2.752691e+01,4.850349e+01,2.787579e+01,-5.737145e+00,3.561115e+01,1.186091e+02,-7.862959e+01,2.725345e+02,0,0,6.546445e+00,5.067201e+00,-6.930710e+00,-3.571743e+01,7.353378e+00,-1.211148e+00,1.472172e+01,8.844480e+00,-1.110993e+01,-1.280502e+01,1.858311e+01,3.221720e+01,3.831920e+02,0,0
6.520438e+00,-5.393774e+00,6.204348e+00,-5.416291e+01,1.170850e+01,2.780740e+01,4.709134e+01,2.714598e+01,-5.070527e+00,3.483615e+01,1.172840e+02,-8.408349e+01,2.673382e+02,0,0,6.520438e+00,5.393774e+00,-6.204348e+00,-3.609969e+01,7.010996e+00,-1.568014e+00,1.439315e+01,8.161783e+00,-1.113085e+01,-1.238432e+01,1.807111e+01,3.154617e+01,3.826184e+02,0,0
6.574598e+00,-5.390436e+00,6.190202e+00,-5.352339e+01,1.087057e+01,2.720167e+01,4.524352e+01,2.564250e+01,-4.334958e+00,3.474438e+01,1.152657e+02,-8.689378e+01,2.660811e+02,0,0,6.574598e+00,5.390436e+00,-6.190202e+00,-3.612656e+01,7.411839e+00,-1.259493e+00,1.446623e+01,8.629731e+00,-1.119227e+01,-1.177018e+01,1.880537e+01,3.094231e+01,3.827740e+02,0,0
6.511699e+00,-5.378249e+00,6.132723e+00,-5.213997e+01,9.923072e+00,2.397883e+01,4.391261e+01,2.454055e+01,-4.753961e+00,3.495031e+01,1.137187e+02,-8.925534e+01,2.663604e+02,0,0,6.511699e+00,5.378249e+00,-6.132723e+00,-3.596593e+01,7.433333e+00,-1.764896e+00,1.507684e+01,8.529101e+00,-1.127324e+01,-1.209133e+01,1.904873e+01,3.121002e+01,3.816319e+02,0,0
6.480130e+00,-5.371622e+00,6.136744e+00,-5.120355e+01,1.000943e+01,2.313061e+01,4.382507e+01,2.304913e+01,-4.521960e+00,3.569459e+01,1.097950e+02,-8.533660e+01,2.705569e+02,0,0,6.480130e+00,5.371622e+00,-6.136744e+00,-3.621893e+01,7.630686e+00,-8.999234e-01,1.513297e+01,8.911913e+00,-1.125476e+01,-1.199180e+01,1.903577e+01,3.111597e+01,3.814510e+02,0,0
6.375054e+00,-4.653949e+00,5.792722e+00,-5.149786e+01,1.014413e+01,2.127740e+01,4.277238e+01,2.236272e+01,-5.868471e+00,3.661158e+01,1.067577e+02,-7.497302e+01,2.789891e+02,0,0,6.375054e+00,4.653949e+00,-5.792722e+00,-3.547576e+01,7.665589e+00,-9.246806e-01,1.583949e+01,8.597120e+00,-1.113551e+01,-1.174252e+01,1.861687e+01,3.157180e+01,3.814103e+02,0,0
6.323408e+00,-4.703550e+00,5.773737e+00,-5.035726e+01,9.754333e+00,1.528952e+01,4.295921e+01,2.149682e+01,-6.933040e+00,3.569276e+01,1.033741e+02,-6.248540e+01,2.914985e+02,0,0,6.323408e+00,4.703550e+00,-5.773737e+00,-3.551411e+01,8.092448e+00,-7.525543e-01,1.578654e+01,8.598224e+00,-1.107674e+01,-1.148132e+01,1.889167e+01,3.124748e+01,3.816668e+02,0,0
6.206235e+00,-4.307660e+00,4.706549e+00,-5.040429e+01,1.091620e+01,1.902993e+01,4.382190e+01,2.033855e+01,-8.492189e+00,3.395185e+01,1.016684e+02,-4.583462e+01,3.092721e+02,0,0,6.206235e+00,4.307660e+00,-4.706549e+00,-3.542380e+01,7.249500e+00,-1.187860e+00,1.613908e+01,7.603086e+00,-1.070500e+01,-1.167669e+01,1.794007e+01,3.183129e+01,3.822452e+02,0,0
6.119966e+00,-4.105105e+00,4.173221e+00,-4.899409e+01,1.500372e+01,1.706257e+01,4.503309e+01,1.864877e+01,-9.782434e+00,3.411958e+01,9.895449e+01,-3.339973e+01,3.213980e+02,0,0,6.119966e+00,4.105105e+00,-4.173221e+00,-3.250195e+01,1.060314e+01,-2.256096e+00,1.647319e+01,6.582394e+00,-1.086725e+01,-1.285805e+01,1.754967e+01,3.311767e+01,3.832632e+02,0,0
6.037368e+00,-3.901931e+00,3.638783e+00,-4.880898e+01,1.467987e+01,1.719236e+01,4.554462e+01,1.812604e+01,-1.101436e+01,3.535986e+01,9.743080e+01,-2.480564e+01,3.293853e+02,0,0,6.037368e+00,3.901931e+00,-3.638783e+00,-3.226562e+01,1.027259e+01,-2.276930e+00,1.648020e+01,6.076901e+00,-1.064982e+01,-1.383717e+01,1.692077e+01,3.423477e+01,3.845768e+02,0,0
6.015305e+00,-3.372311e+00,3.834282e+00,-4.899635e+01,1.476805e+01,1.583119e+01,4.495358e+01,1.754526e+01,-1.137635e+01,3.514711e+01,9.493975e+01,-1.640533e+01,3.387876e+02,0,0,6.015305e+00,3.372311e+00,-3.834282e+00,-3.178933e+01,1.062894e+01,-2.090003e+00,1.701757e+01,6.261830e+00,-1.071897e+01,-1.362793e+01,1.701597e+01,3.451695e+01,3.845006e+02,0,0
6.015305e+00,-3.372311e+00,3.834282e+00,-4.822658e+01,1.462582e+01,1.568876e+01,4.544949e+01,1.697762e+01,-1.194219e+01,3.596416e+01,9.247748e+01,-1.049277e+01,3.440870e+02,0,0,6.015305e+00,3.372311e+00,-3.834282e+00,-3.148906e+01,1.063165e+01,-3.760479e+00,1.641169e+01,6.351176e+00,-1.109790e+01,-1.294842e+01,1.700001e+01,3.389096e+01,3.840293e+02,0,0
5.940678e+00,-3.168426e+00,3.299535e+00,-4.766426e+01,1.507047e+01,1.506332e+01,4.576380e+01,1.641695e+01,-1.188266e+01,3.523914e+01,9.195490e+01,-9.594862e+00,3.452448e+02,0,0,5.940678e+00,3.168426e+00,-3.299535e+00,-3.149052e+01,1.034794e+01,-4.342044e+00,1.659737e+01,5.860067e+00,-1.088686e+01,-1.263326e+01,1.636276e+01,3.382979e+01,3.839087e+02,0,0
6.472581e+00,-3.125656e+00,3.296159e+00,-4.815607e+01,1.508244e+01,1.579485e+01,4.487909e+01,1.709071e+01,-1.070325e+01,3.341040e+01,9.422443e+01,-2.437045e+01,3.313095e+02,0,0,6.472581e+00,3.125656e+00,-3.296159e+00,-3.120361e+01,1.060486e+01,-4.504905e+00,1.666014e+01,5.676414e+00,-1.139049e+01,-1.476327e+01,1.647117e+01,3.602077e+01,3.861147e+02,0,0
6.037368e+00,-3.901931e+00,3.638783e+00,-4.952372e+01,1.491740e+01,1.774980e+01,4.421017e+01,1.923443e+01,-8.718997e+00,3.225468e+01,1.010419e+02,-4.152568e+01,3.137101e+02,0,0,6.037368e+00,3.901931e+00,-3.638783e+00,-3.200936e+01,1.029945e+01,-3.884895e+00,1.587444e+01,6.165531e+00,-1.103070e+01,-1.227867e+01,1.689987e+01,3.264267e+01,3.829145e+02,0,0
6.703287e+00,-4.242541e+00,4.704628e+00,-5.191688e+01,1.071867e+01,1.729968e+01,4.430923e+01,1.932088e+01,-8.482034e+00,3.010686e+01,1.052575e+02,-5.350759e+01,2.987256e+02,0,0,6.703287e+00,4.242541e+00,-4.704628e+00,-3.468227e+01,7.965229e+00,-1.967738e+00,1.619415e+01,6.874950e+00,-1.155404e+01,-1.327897e+01,1.835189e+01,3.319168e+01,3.837762e+02,0,0
6.892067e+00,-4.971724e+00,5.093854e+00,-5.236022e+01,1.050796e+01,1.842118e+01,4.413815e+01,1.978301e+01,-7.029613e+00,2.783104e+01,1.087452e+02,-6.398595e+01,2.654708e+02,0,0,6.892067e+00,4.971724e+00,-5.093854e+00,-3.555456e+01,8.549832e+00,-1.679327e+00,1.565704e+01,7.215414e+00,-1.178166e+01,-1.295866e+01,1.875741e+01,3.275291e+01,3.826764e+02,0,0
7.124395e+00,-5.011803e+00,5.088697e+00,-5.226687e+01,1.058061e+01,1.992281e+01,4.387668e+01,2.053473e+01,-5.846403e+00,2.648353e+01,1.091088e+02,-7.134734e+01,2.778058e+02,0,0,7.124395e+00,5.011803e+00,-5.088697e+00,-3.591594e+01,9.140047e+00,-2.360032e+00,1.542793e+01,7.299158e+00,-1.160762e+01,-1.271723e+01,1.901668e+01,3.203370e+01,3.825938e+02,0,0
7.152715e+00,-5.544754e+00,4.894210e+00,-5.202848e+01,1.022906e+01,1.877335e+01,4.299736e+01,2.042180e+01,-5.525887e+00,2.742393e+01,1.080689e+02,-8.045660e+01,2.683304e+02,0,0,7.152715e+00,5.544754e+00,-4.894210e+00,-3.618336e+01,8.987080e+00,-2.407623e+00,1.501971e+01,7.090879e+00,-1.116234e+01,-1.288454e+01,1.932186e+01,3.166374e+01,3.826516e+02,0,0
7.170550e+00,-5.583973e+00,4.880365e+00,-5.115202e+01,9.462075e+00,1.857335e+01,4.131702e+01,1.968556e+01,-4.437131e+00,2.824667e+01,1.053189e+02,-8.818976e+01,2.649812e+02,0,0,7.170550e+00,5.583973e+00,-4.880365e+00,-3.667491e+01,9.190606e+00,-2.239458e+00,1.498034e+01,7.072122e+00,-1.117224e+01,-1.168144e+01,1.966385e+01,2.985589e+01,3.820932e+02,0,0
7.170550e+00,-5.583973e+00,4.880365e+00,-4.947672e+01,7.731972e+00,1.503658e+01,3.910578e+01,1.773671e+01,-4.581121e+00,2.869465e+01,1.010425e+02,-9.110002e+01,2.675145e+02,0,0,7.170550e+00,5.583973e+00,-4.880365e+00,-3.708492e+01,9.072874e+00,-1.258184e+00,1.505124e+01,7.572130e+00,-1.118446e+01,-1.153645e+01,2.006369e+01,2.974832e+01,3.815536e+02,0,0
7.007997e+00,-5.186887e+00,3.802720e+00,-4.811813e+01,7.624053e+00,8.100491e+00,3.756266e+01,1.604979e+01,-4.173472e+00,2.982244e+01,9.663363e+01,-9.202991e+01,2.710079e+02,0,0,7.007997e+00,5.186887e+00,-3.802720e+00,-3.651365e+01,8.477797e+00,-2.011315e+00,1.540783e+01,6.942082e+00,-1.091805e+01,-1.197478e+01,1.908144e+01,3.054145e+01,3.814898e+02,0,0
6.800038e+00,-4.778691e+00,2.698865e+00,-4.761951e+01,7.368740e+00,1.386526e+01,3.650889e+01,1.596566e+01,-4.403145e+00,3.104303e+01,9.478771e+01,-9.133666e+01,2.721063e+02,0,0,6.800038e+00,4.778691e+00,-2.698865e+00,-3.600800e+01,8.412189e+00,-3.547153e+00,1.598159e+01,6.311701e+00,-1.135730e+01,-1.222244e+01,1.874536e+01,3.109589e+01,3.810763e+02,0,0
6.810989e+00,-5.310202e+00,2.504747e+00,-4.680045e+01,7.592704e+00,1.356687e+01,3.667064e+01,1.582911e+01,-4.178448e+00,3.235088e+01,9.508978e+01,-8.863615e+01,2.734770e+02,0,0,6.810989e+00,5.310202e+00,-2.504747e+00,-3.658160e+01,8.679090e+00,-2.496278e+00,1.539212e+01,6.119430e+00,-1.142632e+01,-1.291503e+01,1.915939e+01,3.123291e+01,3.816852e+02,0,0
6.810989e+00,-5.310202e+00,2.504747e+00,-4.706114e+01,7.845508e+00,1.353969e+01,3.701921e+01,1.582608e+01,-5.203128e+00,3.200149e+01,9.376415e+01,-8.120822e+01,2.789447e+02,0,0,6.810989e+00,5.310202e+00,-2.504747e+00,-3.673489e+01,8.685935e+00,-4.193830e+00,1.539212e+01,6.119430e+00,-1.142632e+01,-1.224919e+01,1.921058e+01,3.078044e+01,3.811710e+02,0,0
6.804074e+00,-4.776669e+00,2.700488e+00,-4.766299e+01,7.894672e+00,1.163472e+01,3.696590e+01,1.481991e+01,-6.285428e+00,3.191504e+01,9.107095e+01,-7.305724e+01,2.861440e+02,0,0,6.804074e+00,4.776669e+00,-2.700488e+00,-3.615738e+01,8.256392e+00,-2.109879e+00,1.607101e+01,5.922682e+00,-1.097612e+01,-9.728826e+00,1.892614e+01,2.901616e+01,3.789065e+02,0,0
6.800038e+00,-4.778691e+00,2.698865e+00,-4.694234e+01,7.562402e+00,1.231755e+01,3.782694e+01,1.462264e+01,-6.879457e+00,3.446699e+01,8.832210e+01,-6.657226e+01,2.939576e+02,0,0,6.800038e+00,4.778691e+00,-2.698865e+00,-3.618379e+01,8.103580e+00,-2.028808e+00,1.585508e+01,5.957127e+00,-1.058520e+01,-9.837381e+00,1.855623e+01,2.907866e+01,3.791810e+02,0,0
6.754712e+00,-4.242612e+00,2.894544e+00,-4.682864e+01,7.746541e+00,1.125525e+01,3.726373e+01,1.391309e+01,-6.881681e+00,3.658179e+01,8.566466e+01,-6.246729e+01,2.976116e+02,0,0,6.754712e+00,4.242612e+00,-2.894544e+00,-3.571379e+01,8.613068e+00,-2.688281e+00,1.639666e+01,6.153799e+00,-1.062252e+01,-9.334202e+00,1.853525e+01,2.911035e+01,3.790971e+02,0,0
6.706772e+00,-4.043621e+00,2.358143e+00,-4.514881e+01,1.089741e+01,1.105591e+01,3.763081e+01,1.410834e+01,-8.227901e+00,3.959152e+01,8.331914e+01,-5.785465e+01,2.999218e+02,0,0,6.706772e+00,4.043621e+00,-2.358143e+00,-3.318810e+01,1.079332e+01,-3.889358e+00,1.626744e+01,5.648925e+00,-1.081399e+01,-9.875059e+00,1.788336e+01,2.987401e+01,3.793468e+02,0,0
7.201817e+00,-4.004737e+00,2.355600e+00,-4.447474e+01,1.164965e+01,1.014830e+01,3.774875e+01,1.353527e+01,-9.534310e+00,4.248465e+01,7.991275e+01,-5.584586e+01,3.034269e+02,0,0,7.201817e+00,4.004737e+00,-2.355600e+00,-3.313718e+01,1.080313e+01,-2.493225e+00,1.590887e+01,5.559553e+00,-1.115857e+01,-1.111367e+01,1.786022e+01,3.051350e+01,3.802528e+02,0,0
7.191782e+00,-3.470992e+00,2.551374e+00,-4.363294e+01,1.168668e+01,9.526165e+00,3.720557e+01,1.298039e+01,-9.600097e+00,4.358295e+01,7.599025e+01,-5.388672e+01,3.063148e+02,0,0,7.191782e+00,3.470992e+00,-2.551374e+00,-3.287534e+01,1.073481e+01,-4.166374e+00,1.621683e+01,5.286170e+00,-1.069890e+01,-1.137759e+01,1.771278e+01,3.111725e+01,3.807981e+02,0,0
6.613822e+00,-2.972489e+00,2.750387e+00,-4.331657e+01,1.068580e+01,8.199131e+00,3.703321e+01,1.214026e+01,-1.013966e+01,4.509165e+01,7.382418e+01,-5.265485e+01,3.075812e+02,0,0,6.613822e+00,2.972489e+00,-2.750387e+00,-3.251877e+01,1.043440e+01,-2.610227e+00,1.591686e+01,5.736026e+00,-1.062405e+01,-9.152856e+00,1.761053e+01,2.918573e+01,3.789692e+02,0,0
6.613822e+00,-2.972489e+00,2.750387e+00,-4.308813e+01,1.108253e+01,7.165716e+00,3.658319e+01,1.206690e+01,-1.038179e+01,4.621210e+01,6.887682e+01,-5.163215e+01,3.082179e+02,0,0,6.613822e+00,2.972489e+00,-2.750387e+00,-3.277468e+01,1.067071e+01,-2.818221e+00,1.587126e+01,5.368310e+00,-1.061782e+01,-9.665523e+00,1.772249e+01,2.963932e+01,3.797807e+02,0,0
6.579117e+00,-2.971337e+00,2.750572e+00,-4.241131e+01,1.104343e+01,6.977868e+00,3.656757e+01,1.129670e+01,-1.149539e+01,4.782756e+01,6.433630e+01,-5.006385e+01,3.096500e+02,0,0,6.579117e+00,2.971337e+00,-2.750572e+00,-3.256771e+01,1.057955e+01,-3.125615e+00,1.580923e+01,4.878643e+00,-1.057614e+01,-1.024649e+01,1.757245e+01,3.017509e+01,3.803291e+02,0,0
6.561887e+00,-2.438180e+00,2.946505e+00,-4.171682e+01,1.054283e+01,5.945895e+00,3.565385e+01,1.019023e+01,-1.155420e+01,4.759751e+01,5.949500e+01,-4.796462e+01,3.125462e+02,0,0,6.561887e+00,2.438180e+00,-2.946505e+00,-3.257874e+01,1.061995e+01,-2.880928e+00,1.632039e+01,5.062339e+00,-1.038749e+01,-1.019640e+01,1.793284e+01,3.061782e+01,3.809899e+02,0,0
6.500600e+00,-1.679426e+00,2.616757e+00,-4.162879e+01,1.104919e+01,3.447592e+00,3.425498e+01,9.275924e+00,-1.186128e+01,4.695275e+01,5.586175e+01,-4.578024e+01,3.146004e+02,0,0,6.500600e+00,1.679426e+00,-2.616757e+00,-3.166793e+01,1.048653e+01,-2.959319e+00,1.707114e+01,4.755605e+00,-1.026964e+01,-1.026845e+01,1.751600e+01,3.140293e+01,3.817726e+02,0,0
6.500600e+00,-1.679426e+00,2.616757e+00,-4.064260e+01,1.060865e+01,1.991259e+00,3.359959e+01,7.928459e+00,-1.199945e+01,4.583798e+01,5.197036e+01,-4.330503e+01,3.171422e+02,0,0,6.500600e+00,1.679426e+00,-2.616757e+00,-3.178867e+01,1.049211e+01,-3.444027e+00,1.693627e+01,4.775375e+00,-1.065494e+01,-1.064646e+01,1.749819e+01,3.145397e+01,3.817376e+02,0,0
6.465813e+00,-1.679313e+00,2.616935e+00,-3.978281e+01,1.051011e+01,6.230560e-01,3.287477e+01,6.985727e+00,-1.235557e+01,4.585249e+01,4.820863e+01,-4.151614e+01,3.181858e+02,0,0,6.465813e+00,1.679313e+00,-2.616935e+00,-3.174753e+01,1.023518e+01,-4.790896e+00,1.673122e+01,4.413078e+00,-1.064646e+01,-1.118228e+01,1.741010e+01,3.192510e+01,3.822731e+02,0,0
6.465813e+00,-1.679313e+00,2.616935e+00,-3.915403e+01,1.028639e+01,-7.655828e-01,3.261863e+01,5.831234e+00,-1.295157e+01,4.462030e+01,4.509403e+01,-3.916429e+01,3.208035e+02,0,0,6.465813e+00,1.679313e+00,-2.616935e+00,-3.199337e+01,1.027901e+01,-5.061804e+00,1.647110e+01,4.450324e+00,-1.105116e+01,-1.016740e+01,1.737993e+01,3.099396e+01,3.812995e+02,0,0
6.445313e+00,-1.144285e+00,2.814083e+00,-3.890195e+01,1.000749e+01,-2.675009e+00,3.172177e+01,4.583614e+00,-1.313756e+01,4.240915e+01,4.123194e+01,-3.665111e+01,3.227427e+02,0,0,6.445313e+00,1.144285e+00,-2.814083e+00,-3.144711e+01,1.037219e+01,-4.637030e+00,1.708357e+01,4.867929e+00,-1.096556e+01,-9.855427e+00,1.754710e+01,3.067436e+01,3.816500e+02,0,0
6.445313e+00,-1.144285e+00,2.814083e+00,-3.829903e+01,1.004187e+01,-3.177519e-02,3.137426e+01,3.513652e+00,-1.343656e+01,4.043336e+01,3.779424e+01,-3.353978e+01,3.247478e+02,0,0,6.445313e+00,1.144285e+00,-2.814083e+00,-3.111914e+01,1.028809e+01,-4.743050e+00,1.680312e+01,4.926372e+00,-1.108670e+01,-1.100864e+01,1.727805e+01,3.177872e+01,3.827704e+02,0,0
6.410547e+00,-1.144736e+00,2.814274e+00,-3.793207e+01,9.468631e+00,-4.843099e+00,3.120562e+01,2.552281e+00,-1.427927e+01,4.269989e+01,3.411130e+01,-3.353945e+01,3.231873e+02,0,0,6.410547e+00,1.144736e+00,-2.814274e+00,-3.124991e+01,1.012889e+01,-4.828415e+00,1.677383e+01,4.710174e+00,-1.107925e+01,-1.176902e+01,1.704945e+01,3.228628e+01,3.829150e+02,0,0
6.382643e+00,-6.131317e-01,3.009718e+00,-3.764867e+01,8.929950e+00,-6.016207e+00,2.991149e+01,1.898671e+00,-1.445834e+01,3.991938e+01,3.110192e+01,-3.069702e+01,3.273994e+02,0,0,6.382643e+00,6.131317e-01,-3.009718e+00,-3.092377e+01,1.032834e+01,-5.079382e+00,1.729336e+01,4.398184e+00,-1.100619e+01,-1.085830e+01,1.706146e+01,3.193445e+01,3.824081e+02,0,0
6.382643e+00,-6.131317e-01,3.009718e+00,-3.719594e+01,9.059244e+00,-6.597225e+00,2.950043e+01,6.839589e-01,-1.454648e+01,3.522544e+01,2.787363e+01,-2.521424e+01,3.329261e+02,0,0,6.382643e+00,6.131317e-01,-3.009718e+00,-3.080085e+01,9.994445e+00,-5.773034e+00,1.665883e+01,4.455293e+00,-1.102595e+01,-1.092841e+01,1.706238e+01,3.190140e+01,3.828575e+02,0,0
6.333554e+00,-4.148646e-01,2.473816e+00,-3.701551e+01,8.728140e+00,-8.945577e+00,2.835990e+01,3.489599e-01,-1.536957e+01,2.981011e+01,2.532228e+01,-1.846943e+01,3.405658e+02,0,0,6.333554e+00,4.148646e-01,-2.473816e+00,-3.055504e+01,9.463561e+00,-5.979859e+00,1.684509e+01,3.953955e+00,-1.083323e+01,-1.070416e+01,1.634504e+01,3.193816e+01,3.826742e+02,0,0
6.333554e+00,-4.148646e-01,2.473816e+00,-3.641159e+01,7.746406e+00,-7.749380e+00,2.839428e+01,2.567745e-02,-1.598362e+01,2.388128e+01,2.287014e+01,-1.084745e+01,3.471258e+02,0,0,6.333554e+00,4.148646e-01,-2.473816e+00,-3.058054e+01,9.285920e+00,-5.853110e+00,1.684509e+01,3.953955e+00,-1.083323e+01,-1.147742e+01,1.626626e+01,3.266150e+01,3.833278e+02,0,0
6.333554e+00,-4.148646e-01,2.473816e+00,-3.631777e+01,7.293241e+00,-1.006037e+01,2.758528e+01,-9.713969e-01,-1.667892e+01,1.733244e+01,2.113137e+01,-3.430995e+00,3.559015e+02,0,0,6.333554e+00,4.148646e-01,-2.473816e+00,-3.051807e+01,9.587812e+00,-5.249536e+00,1.677739e+01,3.948773e+00,-1.071662e+01,-1.214542e+01,1.625890e+01,3.327318e+01,3.838486e+02,0,0
6.333554e+00,-4.148646e-01,2.473816e+00,-3.648166e+01,6.695899e+00,-1.067075e+01,2.729603e+01,-1.496828e+00,-1.704492e+01,1.259760e+01,1.965619e+01,2.543807e+00,3.614702e+02,0,0,6.333554e+00,4.148646e-01,-2.473816e+00,-3.066242e+01,9.264087e+00,-5.833239e+00,1.684509e+01,3.953955e+00,-1.083323e+01,-1.214810e+01,1.614992e+01,3.344165e+01,3.840127e+02,0,0
6.337319e+00,-4.126158e-01,2.475316e+00,-3.562448e+01,6.426292e+00,-1.206727e+01,2.717268e+01,-1.995715e+00,-1.724178e+01,9.506951e+00,1.840442e+01,6.123866e+00,3.654681e+02,0,0,6.337319e+00,4.126158e-01,-2.475316e+00,-3.004632e+01,9.052089e+00,-5.380370e+00,1.673862e+01,4.199694e+00,-1.120015e+01,-1.278137e+01,1.576609e+01,3.454339e+01,3.840643e+02,0,0
6.337319e+00,-4.126158e-01,2.475316e+00,-3.583427e+01,6.120751e+00,-1.319867e+01,2.628570e+01,-2.451854e+00,-1.727175e+01,8.666635e+00,1.779970e+01,6.579704e+00,3.658897e+02,0,0,6.337319e+00,4.126158e-01,-2.475316e+00,-2.970320e+01,9.032224e+00,-4.712794e+00,1.695595e+01,4.169615e+00,-1.158550e+01,-1.327408e+01,1.558973e+01,3.501657e+01,3.844516e+02,0,0
6.337319e+00,-4.126158e-01,2.475316e+00,-3.548459e+01,5.693444e+00,-1.231533e+01,2.627098e+01,-2.634202e+00,-1.718308e+01,6.319832e+00,1.572566e+01,7.712644e+00,3.672066e+02,0,0,6.337319e+00,4.126158e-01,-2.475316e+00,-2.883528e+01,8.283907e+00,-6.890600e+00,1.682837e+01,3.664490e+00,-1.146109e+01,-1.498377e+01,1.526185e+01,3.719506e+01,3.866278e+02,0,0
6.337319e+00,-4.126158e-01,2.475316e+00,-3.459233e+01,4.869652e+00,-1.246303e+01,2.582732e+01,-3.261981e+00,-1.710681e+01,-1.322456e+00,1.389985e+01,1.483731e+01,3.778677e+02,0,0,6.337319e+00,4.126158e-01,-2.475316e+00,-2.645130e+01,7.044817e+00,-5.396635e+00,1.786450e+01,3.687897e+00,-1.235397e+01,-2.007171e+01,1.385551e+01,4.340532e+01,3.908807e+02,0,0
6.382643e+00,-6.131317e-01,3.009718e+00,-3.429804e+01,3.606376e+00,-1.270866e+01,2.557725e+01,-3.910751e+00,-1.667729e+01,-3.127716e+00,1.336420e+01,1.853918e+01,3.856022e+02,0,0,6.382643e+00,6.131317e-01,-3.009718e+00,-2.632581e+01,6.691590e+00,-6.327726e+00,1.832726e+01,4.101413e+00,-1.213795e+01,-2.435280e+01,1.357533e+01,4.867740e+01,3.990882e+02,0,0
6.382643e+00,-6.131317e-01,3.009718e+00,-3.429719e+01,3.161594e+00,-1.330330e+01,2.557725e+01,-3.910751e+00,-1.667729e+01,-1.961776e+00,1.356960e+01,1.936927e+01,3.864782e+02,0,0,6.382643e+00,6.131317e-01,-3.009718e+00,-2.588251e+01,6.347806e+00,-6.374102e+00,1.847475e+01,3.966919e+00,-1.209297e+01,-2.393416e+01,1.334935e+01,4.839379e+01,3.982434e+02,0,0
6.892046e+00,-6.102632e-01,2.996222e+00,-3.383254e+01,3.298731e+00,-1.162445e+01,2.556229e+01,-3.595904e+00,-1.658627e+01,-2.493577e+00,1.370699e+01,1.955477e+01,3.872763e+02,0,0,6.892046e+00,6.102632e-01,-2.996222e+00,-2.633829e+01,6.703972e+00,-5.154631e+00,1.909191e+01,3.696076e+00,-1.216457e+01,-2.042633e+01,1.382041e+01,4.511680e+01,3.952836e+02,0,0
6.892046e+00,-6.102632e-01,2.996222e+00,-3.401990e+01,3.001848e+00,-1.062243e+01,2.643912e+01,-2.966444e+00,-1.530551e+01,3.756191e+00,1.486598e+01,1.559171e+01,3.825922e+02,0,0,6.892046e+00,6.102632e-01,-2.996222e+00,-2.670105e+01,7.122764e+00,-7.012747e+00,1.891391e+01,4.002910e+00,-1.182136e+01,-1.914748e+01,1.416490e+01,4.408134e+01,3.930689e+02,0,0
7.101538e+00,-2.847541e-01,3.756669e+00,-3.389999e+01,2.422785e+00,-1.119882e+01,2.605454e+01,-3.749104e+00,-1.535029e+01,3.229963e+00,1.403163e+01,1.587663e+01,3.831435e+02,0,0,7.101538e+00,2.847541e-01,-3.756669e+00,-2.697788e+01,8.011414e+00,-6.770430e+00,1.926160e+01,4.645345e+00,-1.228657e+01,-1.689844e+01,1.492423e+01,4.144695e+01,3.907195e+02,0,0
7.101538e+00,-2.847541e-01,3.756669e+00,-3.413898e+01,2.446654e+00,-1.119486e+01,2.605454e+01,-3.749104e+00,-1.535029e+01,2.681435e+00,1.383129e+01,1.638287e+01,3.840201e+02,0,0,7.101538e+00,2.847541e-01,-3.756669e+00,-2.669650e+01,7.971512e+00,-7.065422e+00,1.878645e+01,4.721432e+00,-1.230222e+01,-1.780974e+01,1.479820e+01,4.231141e+01,3.933556e+02,0,0
7.101538e+00,-2.847541e-01,3.756669e+00,-3.408866e+01,2.570554e+00,-1.125755e+01,2.612151e+01,-3.748082e+00,-1.551331e+01,-3.437579e-01,1.331118e+01,1.896683e+01,3.864616e+02,0,0,7.101538e+00,2.847541e-01,-3.756669e+00,-2.617372e+01,7.216872e+00,-7.301399e+00,1.943723e+01,4.337076e+00,-1.263158e+01,-1.997842e+01,1.504740e+01,4.515445e+01,3.950164e+02,0,0
