5.565337000000000423e+00,1.143121999999999971e+00,-2.527446999999999999e+00,-1.843799999999999883e+01,4.526558999999999777e+00,-4.514800000000000146e+00,3.295575999999999794e+01,-9.530453999999999315e-01,-2.908843999999999763e+00,5.775576000000000043e-01,2.251669000000000054e+01,2.136470000000000091e+00,3.482101000000000113e+02,0.000000000000000000e+00,0.000000000000000000e+00,5.565337000000000423e+00,-1.143121999999999971e+00,2.527446999999999999e+00,-1.535740000000000016e+01,-1.221907000000000076e+00,-6.004887999999999337e+00,3.283630000000000138e+01,-8.302149999999999253e+00,-5.819491999999999443e+00,1.358734000000000108e+00,1.467137999999999920e+01,-4.937149999999999928e+00,3.361752000000000180e+02,0.000000000000000000e+00,0.000000000000000000e+00
5.565337000000000423e+00,1.143121999999999971e+00,-2.527446999999999999e+00,-1.825112000000000023e+01,4.512270000000000003e+00,-4.529524999999999579e+00,3.295575999999999794e+01,-9.530453999999999315e-01,-2.908843999999999763e+00,5.835723999999999911e-01,2.251545000000000130e+01,2.131998999999999977e+00,3.481386999999999716e+02,0.000000000000000000e+00,0.000000000000000000e+00,5.565337000000000423e+00,-1.143121999999999971e+00,2.527446999999999999e+00,-1.536622999999999806e+01,-1.028245000000000076e+00,-6.005110000000000170e+00,3.279062000000000410e+01,-8.295332999999999402e+00,-5.607032000000000238e+00,1.295123000000000024e+00,1.464056000000000068e+01,-4.871715000000000018e+00,3.359732000000000198e+02,0.000000000000000000e+00,0.000000000000000000e+00
5.565337000000000423e+00,1.143121999999999971e+00,-2.527446999999999999e+00,-1.825112000000000023e+01,4.512270000000000003e+00,-4.529524999999999579e+00,3.295575999999999794e+01,-9.530453999999999315e-01,-2.908843999999999763e+00,3.377442999999999973e-01,2.251542000000000243e+01,2.315617000000000036e+00,3.482456999999999994e+02,0.000000000000000000e+00,0.000000000000000000e+00,5.565337000000000423e+00,-1.143121999999999971e+00,2.527446999999999999e+00,-1.533774999999999977e+01,-1.035133000000000081e+00,-6.004501000000000310e+00,3.283630000000000138e+01,-8.302149999999999253e+00,-5.819491999999999443e+00,1.296178000000000052e+00,1.461653999999999876e+01,-4.881826000000000221e+00,3.360901999999999816e+02,0.000000000000000000e+00,0.000000000000000000e+00
5.565337000000000423e+00,1.143121999999999971e+00,-2.527446999999999999e+00,-1.825112000000000023e+01,4.512270000000000003e+00,-4.529524999999999579e+00,3.295575999999999794e+01,-9.530453999999999315e-01,-2.908843999999999763e+00,3.202895000000000048e-01,2.248257999999999868e+01,2.329272000000000009e+00,3.482606000000000108e+02,0.000000000000000000e+00,0.000000000000000000e+00,5.565337000000000423e+00,-1.143121999999999971e+00,2.527446999999999999e+00,-1.533774999999999977e+01,-1.035133000000000081e+00,-6.004501000000000310e+00,3.283630000000000138e+01,-8.302149999999999253e+00,-5.819491999999999443e+00,1.323390000000000066e+00,1.464393999999999885e+01,-4.905818000000000012e+00,3.360423999999999864e+02,0.000000000000000000e+00,0.000000000000000000e+00
5.565337000000000423e+00,1.143121999999999971e+00,-2.527446999999999999e+00,-1.853027000000000157e+01,4.326845999999999748e+00,-4.507541999999999938e+00,3.295575999999999794e+01,-9.530453999999999315e-01,-2.908843999999999763e+00,5.741416000000000297e-01,2.253650000000000020e+01,1.561744000000000021e+00,3.480665999999999940e+02,0.000000000000000000e+00,0.000000000000000000e+00,5.565337000000000423e+00,-1.143121999999999971e+00,2.527446999999999999e+00,-1.527412000000000170e+01,-1.053472999999999882e+00,-6.003133999999999304e+00,3.279062000000000410e+01,-8.295332999999999402e+00,-5.607032000000000238e+00,1.252474000000000087e+00,1.461083999999999961e+01,-4.842458999999999847e+00,3.360045999999999822e+02,0.000000000000000000e+00,0.000000000000000000e+00
5.565337000000000423e+00,1.143121999999999971e+00,-2.527446999999999999e+00,-1.848695999999999984e+01,4.318526999999999560e+00,-4.510965000000000558e+00,3.301156999999999897e+01,-9.588081999999999994e-01,-3.167588999999999988e+00,3.034272999999999554e-01,2.255616000000000199e+01,1.771897000000000055e+00,3.479454999999999814e+02,0.000000000000000000e+00,0.000000000000000000e+00,5.565337000000000423e+00,-1.143121999999999971e+00,2.527446999999999999e+00,-1.540197000000000038e+01,-1.226199999999999957e+00,-6.005837000000000536e+00,3.279062000000000410e+01,-8.295332999999999402e+00,-5.607032000000000238e+00,9.302486999999999284e-01,1.472502000000000066e+01,-4.548995999999999817e+00,3.362029999999999745e+02,0.000000000000000000e+00,0.000000000000000000e+00
5.565337000000000423e+00,1.143121999999999971e+00,-2.527446999999999999e+00,-1.844566000000000017e+01,4.120019999999999349e+00,-4.514308999999999905e+00,3.301156999999999897e+01,-9.588081999999999994e-01,-3.167588999999999988e+00,2.350362999999999758e-01,2.230481999999999942e+01,4.770667000000000102e-01,3.461897999999999911e+02,0.000000000000000000e+00,0.000000000000000000e+00,5.565337000000000423e+00,-1.143121999999999971e+00,2.527446999999999999e+00,-1.540122000000000035e+01,-1.230454999999999854e+00,-6.005821000000000076e+00,3.279062000000000410e+01,-8.295332999999999402e+00,-5.607032000000000238e+00,9.355158999999999558e-01,1.500643999999999956e+01,-5.746058000000000554e+00,3.359295999999999935e+02,0.000000000000000000e+00,0.000000000000000000e+00
5.565337000000000423e+00,1.143121999999999971e+00,-2.527446999999999999e+00,-1.870599999999999952e+01,4.131958999999999271e+00,-4.493718000000000323e+00,3.301156999999999897e+01,-9.588081999999999994e-01,-3.167588999999999988e+00,-1.153988999999999987e-01,2.258693999999999846e+01,-9.858154000000000083e-01,3.450282000000000266e+02,0.000000000000000000e+00,0.000000000000000000e+00,5.565337000000000423e+00,-1.143121999999999971e+00,2.527446999999999999e+00,-1.578828999999999994e+01,-1.305262999999999840e+00,-6.013920999999999850e+00,3.282421000000000078e+01,-7.731022999999999534e+00,-5.604483000000000104e+00,6.843325999999999576e-01,1.540977999999999959e+01,-6.802960999999999814e+00,3.335647999999999911e+02,0.000000000000000000e+00,0.000000000000000000e+00
5.565337000000000423e+00,1.143121999999999971e+00,-2.527446999999999999e+00,-1.915897999999999968e+01,3.967998999999999832e+00,-5.053889999999999993e+00,3.301156999999999897e+01,-9.588081999999999994e-01,-3.167588999999999988e+00,3.941669000000000422e-01,2.266452999999999918e+01,-4.055143000000000164e+00,3.411197999999999979e+02,0.000000000000000000e+00,0.000000000000000000e+00,5.565337000000000423e+00,-1.143121999999999971e+00,2.527446999999999999e+00,-1.575941000000000081e+01,-1.575407999999999920e+00,-6.013455000000000439e+00,3.279062000000000410e+01,-8.295332999999999402e+00,-5.607032000000000238e+00,-1.365221999999999936e+00,1.581670000000000087e+01,-8.022641999999999385e+00,3.320640999999999963e+02,0.000000000000000000e+00,0.000000000000000000e+00
5.588551999999999964e+00,1.141081000000000012e+00,-2.527344999999999953e+00,-1.934707000000000221e+01,3.977297000000000082e+00,-3.193956000000000017e+00,3.248478000000000065e+01,-3.526455999999999480e-01,-2.733611000000000235e+00,2.536138000000000003e-01,2.291032000000000224e+01,-7.569250000000000256e+00,3.373960999999999899e+02,0.000000000000000000e+00,0.000000000000000000e+00,5.588551999999999964e+00,-1.141081000000000012e+00,2.527344999999999953e+00,-1.577454999999999963e+01,-1.543142000000000014e+00,-6.035973000000000255e+00,3.271173999999999893e+01,-8.321449000000001206e+00,-5.274383999999999517e+00,-5.108005999999999602e+00,1.746042999999999878e+01,-8.819734000000000407e+00,3.302685000000000173e+02,0.000000000000000000e+00,0.000000000000000000e+00
5.565816000000000763e+00,1.163658999999999999e+00,-2.516681000000000168e+00,-1.971032999999999902e+01,3.670330000000000314e+00,-3.551104000000000038e+00,3.227420999999999651e+01,-3.332883999999999847e-01,-3.296548000000000478e+00,-5.983326999999999396e-01,2.316890000000000072e+01,-1.039380000000000059e+01,3.333190999999999917e+02,0.000000000000000000e+00,0.000000000000000000e+00,5.565816000000000763e+00,-1.163658999999999999e+00,2.516681000000000168e+00,-1.677223000000000042e+01,-1.638656000000000112e+00,-4.264587999999999823e+00,3.203900000000000148e+01,-7.687386999999999304e+00,-5.437737000000000265e+00,-6.167012999999999856e+00,1.887500999999999962e+01,-1.150916000000000139e+01,3.260350000000000250e+02,0.000000000000000000e+00,0.000000000000000000e+00
6.296755999999999354e+00,1.139280999999999988e+00,-2.513354000000000088e+00,-1.944829999999999970e+01,4.004821999999999882e+00,-4.228273999999999866e+00,3.171487000000000123e+01,-6.718016999999999461e-01,-3.631187999999999860e+00,-1.073604000000000003e+00,2.271271000000000129e+01,-1.400938999999999979e+01,3.282423999999999751e+02,0.000000000000000000e+00,0.000000000000000000e+00,6.296755999999999354e+00,-1.139280999999999988e+00,2.513354000000000088e+00,-1.667163000000000039e+01,-1.356427000000000049e+00,-5.381372999999999962e+00,3.187260999999999811e+01,-8.040050000000000807e+00,-6.086098999999999926e+00,-9.168160999999999561e+00,1.989369999999999905e+01,-1.197473000000000098e+01,3.234279999999999973e+02,0.000000000000000000e+00,0.000000000000000000e+00
6.354130000000000500e+00,1.146840999999999999e+00,-2.536008000000000262e+00,-1.970825999999999922e+01,4.115409999999999791e+00,-3.959421999999999997e+00,3.166215999999999653e+01,-6.792527999999999899e-01,-3.520824999999999871e+00,4.892257999999999885e-01,2.431384999999999863e+01,-1.880626000000000175e+01,3.220876999999999839e+02,0.000000000000000000e+00,0.000000000000000000e+00,6.354130000000000500e+00,-1.146840999999999999e+00,2.536008000000000262e+00,-1.731266000000000105e+01,-1.038850999999999969e+00,-6.793522999999999534e+00,3.065457999999999927e+01,-8.007882999999999640e+00,-6.424240000000000173e+00,-7.273022999999999350e+00,2.032322999999999880e+01,-1.652673000000000059e+01,3.175869000000000142e+02,0.000000000000000000e+00,0.000000000000000000e+00
6.351458000000000048e+00,1.145193000000000128e+00,-2.534975000000000200e+00,-2.020048999999999850e+01,4.248632999999999882e+00,-3.440247000000000277e+00,3.098492000000000246e+01,-3.531182000000000071e-02,-3.798191000000000539e+00,2.448192999999999842e+00,2.420383999999999958e+01,-2.475446000000000168e+01,3.149771000000000072e+02,0.000000000000000000e+00,0.000000000000000000e+00,6.351458000000000048e+00,-1.145193000000000128e+00,2.534975000000000200e+00,-1.763014000000000081e+01,-1.260848999999999887e+00,-6.795110000000000205e+00,3.037365999999999744e+01,-8.445339999999999847e+00,-6.820636999999999617e+00,-8.417434000000000083e+00,2.168695999999999913e+01,-1.755463999999999913e+01,3.160509999999999877e+02,0.000000000000000000e+00,0.000000000000000000e+00
6.367270999999999681e+00,1.663118999999999792e+00,-2.290437999999999974e+00,-2.094317999999999813e+01,4.138808999999999294e+00,-2.727416999999999980e+00,2.982957000000000036e+01,4.911060000000000425e-01,-4.097542999999999935e+00,1.076756000000000046e+00,2.426288999999999874e+01,-2.565547000000000111e+01,3.126551000000000045e+02,0.000000000000000000e+00,0.000000000000000000e+00,6.367270999999999681e+00,-1.663118999999999792e+00,2.290437999999999974e+00,-1.745909999999999940e+01,-1.263997999999999955e+00,-6.719539999999999402e+00,3.030125999999999920e+01,-8.292486000000000246e+00,-6.532161000000000328e+00,-9.361686999999999870e+00,2.293912999999999869e+01,-1.766831000000000174e+01,3.155017000000000280e+02,0.000000000000000000e+00,0.000000000000000000e+00
6.853778999999999400e+00,1.654427999999999788e+00,-2.278388000000000080e+00,-2.102518999999999849e+01,4.375936000000000270e+00,-3.003468999999999944e+00,2.912102999999999753e+01,8.679894000000000220e-01,-4.618865000000000443e+00,-8.928560999999999304e-01,2.488551999999999964e+01,-2.551317999999999842e+01,3.120242000000000075e+02,0.000000000000000000e+00,0.000000000000000000e+00,6.853778999999999400e+00,-1.654427999999999788e+00,2.278388000000000080e+00,-1.788181000000000154e+01,-1.524063999999999863e+00,-6.615121000000000251e+00,2.974449999999999861e+01,-8.487942999999999572e+00,-7.089321000000000872e+00,-1.150516999999999967e+01,2.352055999999999969e+01,-1.611899000000000015e+01,3.168666999999999803e+02,0.000000000000000000e+00,0.000000000000000000e+00
6.853778999999999400e+00,1.654427999999999788e+00,-2.278388000000000080e+00,-2.122964999999999947e+01,4.176210000000000200e+00,-2.682889999999999997e+00,2.860977999999999710e+01,9.484735000000000804e-01,-4.556821000000000232e+00,-7.923996999999999291e-01,2.581292000000000186e+01,-2.709329999999999927e+01,3.102083000000000084e+02,0.000000000000000000e+00,0.000000000000000000e+00,6.853778999999999400e+00,-1.654427999999999788e+00,2.278388000000000080e+00,-1.790330000000000155e+01,-1.765954999999999941e+00,-8.107433999999999585e+00,2.942007999999999868e+01,-8.998797999999998964e+00,-7.320560000000000400e+00,-1.212485999999999997e+01,2.340632000000000090e+01,-1.606690000000000040e+01,3.165369999999999777e+02,0.000000000000000000e+00,0.000000000000000000e+00
6.853778999999999400e+00,1.654427999999999788e+00,-2.278388000000000080e+00,-2.137277999999999878e+01,4.023859999999999992e+00,-4.615444999999999354e+00,2.844735000000000014e+01,1.512207999999999997e+00,-4.842801000000000577e+00,-1.804510999999999976e+00,2.621423000000000059e+01,-2.697445999999999700e+01,3.098075000000000045e+02,0.000000000000000000e+00,0.000000000000000000e+00,6.853778999999999400e+00,-1.654427999999999788e+00,2.278388000000000080e+00,-1.804690000000000083e+01,-1.875954999999999817e+00,-6.187460999999999878e+00,2.946930999999999656e+01,-8.437213999999999103e+00,-7.315297999999999412e+00,-1.211456000000000088e+01,2.367207000000000150e+01,-1.666635000000000133e+01,3.162332000000000107e+02,0.000000000000000000e+00,0.000000000000000000e+00
6.853778999999999400e+00,1.654427999999999788e+00,-2.278388000000000080e+00,-2.209121999999999986e+01,3.887012999999999607e+00,-4.323841000000000712e+00,2.792970000000000041e+01,1.586828000000000127e+00,-4.782185000000000130e+00,-1.699636999999999842e+00,2.634887999999999764e+01,-2.742595999999999634e+01,3.086514999999999986e+02,0.000000000000000000e+00,0.000000000000000000e+00,6.853778999999999400e+00,-1.654427999999999788e+00,2.278388000000000080e+00,-1.859299000000000035e+01,-1.538062999999999958e+00,-6.416498999999999953e+00,2.893450999999999596e+01,-8.326159000000000532e+00,-7.254361000000000281e+00,-1.175978999999999886e+01,2.357948000000000022e+01,-1.722374999999999901e+01,3.155958999999999719e+02,0.000000000000000000e+00,0.000000000000000000e+00
7.083463000000000065e+00,1.143157999999999896e+00,-2.521379000000000037e+00,-2.159636000000000067e+01,4.016136000000000372e+00,-4.550697000000000436e+00,2.835435999999999623e+01,1.691259999999999764e+00,-4.711273000000000266e+00,-2.497751000000000055e+00,2.657349999999999923e+01,-2.701642999999999972e+01,3.093901999999999930e+02,0.000000000000000000e+00,0.000000000000000000e+00,7.083463000000000065e+00,-1.143157999999999896e+00,2.521379000000000037e+00,-1.941806000000000054e+01,-1.574987999999999833e+00,-6.106791000000000302e+00,2.824672999999999945e+01,-8.049857000000001150e+00,-7.602955999999999825e+00,-1.289765000000000050e+01,2.367849000000000004e+01,-1.711217999999999861e+01,3.156181000000000267e+02,0.000000000000000000e+00,0.000000000000000000e+00
7.632249000000000727e+00,1.144168000000000074e+00,-2.530421000000000031e+00,-2.152168999999999954e+01,4.132505999999999347e+00,-2.342009000000000007e+00,2.785886999999999958e+01,1.510226000000000068e+00,-5.290466000000000335e+00,-3.941473999999999922e+00,2.668565999999999860e+01,-2.593628999999999962e+01,3.102796999999999912e+02,0.000000000000000000e+00,0.000000000000000000e+00,7.632249000000000727e+00,-1.144168000000000074e+00,2.530421000000000031e+00,-1.965148999999999901e+01,-1.045998999999999901e+00,-6.882295000000000051e+00,2.769474000000000302e+01,-8.269600999999999758e+00,-8.211580999999998909e+00,-1.424815000000000076e+01,2.385014999999999930e+01,-1.614575999999999922e+01,3.166795000000000186e+02,0.000000000000000000e+00,0.000000000000000000e+00
7.655464000000000269e+00,1.385442999999999980e+00,-3.048491999999999980e+00,-2.192461000000000126e+01,4.238526999999999489e+00,-4.354321999999999804e+00,2.731738000000000000e+01,1.977649999999999908e+00,-5.441326999999999359e+00,-3.846219000000000054e+00,2.746607999999999805e+01,-2.676972999999999914e+01,3.097293000000000234e+02,0.000000000000000000e+00,0.000000000000000000e+00,7.655464000000000269e+00,-1.385442999999999980e+00,3.048491999999999980e+00,-1.948322999999999894e+01,-1.544032999999999989e+00,-6.991807999999999801e+00,2.789369000000000298e+01,-8.727100999999999331e+00,-7.623521000000000214e+00,-1.489231000000000016e+01,2.359609999999999985e+01,-1.532748999999999917e+01,3.174422000000000139e+02,0.000000000000000000e+00,0.000000000000000000e+00
7.655464000000000269e+00,1.385442999999999980e+00,-3.048491999999999980e+00,-2.210617000000000232e+01,4.486698999999999771e+00,-4.903025000000000411e+00,2.728972999999999871e+01,2.066441999999999890e+00,-5.272491000000000483e+00,-4.366666999999999632e+00,2.781289999999999907e+01,-2.681160999999999817e+01,3.095163999999999760e+02,0.000000000000000000e+00,0.000000000000000000e+00,7.655464000000000269e+00,-1.385442999999999980e+00,3.048491999999999980e+00,-2.004097999999999757e+01,-1.270340000000000025e+00,-7.034099999999999575e+00,2.717464999999999975e+01,-8.651616000000000639e+00,-7.806830000000000602e+00,-1.479083999999999932e+01,2.335862999999999801e+01,-1.589242999999999917e+01,3.170385999999999740e+02,0.000000000000000000e+00,0.000000000000000000e+00
7.635581000000000174e+00,1.389904000000000028e+00,-3.049895999999999940e+00,-2.259062999999999732e+01,4.657262999999999487e+00,-3.397287000000000390e+00,2.683905999999999636e+01,2.728536999999999768e+00,-5.152683999999999820e+00,-6.964192999999998968e+00,2.587697000000000003e+01,-2.596451000000000064e+01,3.093004000000000246e+02,0.000000000000000000e+00,0.000000000000000000e+00,7.635581000000000174e+00,-1.389904000000000028e+00,3.049895999999999940e+00,-1.996272000000000091e+01,-1.562801000000000107e+00,-7.391928000000000054e+00,2.716657999999999973e+01,-8.643074999999999619e+00,-8.143946000000001462e+00,-1.487276000000000131e+01,2.359972000000000136e+01,-1.616919000000000040e+01,3.164707000000000221e+02,0.000000000000000000e+00,0.000000000000000000e+00
8.137503999999999849e+00,1.379812000000000038e+00,-3.033154999999999824e+00,-2.327550000000000097e+01,4.795800999999999981e+00,-4.069065000000000154e+00,2.618534999999999968e+01,3.125331999999999777e+00,-5.786673000000000400e+00,-7.725805999999999507e+00,2.607397999999999882e+01,-2.624070999999999643e+01,3.094349000000000274e+02,0.000000000000000000e+00,0.000000000000000000e+00,8.137503999999999849e+00,-1.379812000000000038e+00,3.033154999999999824e+00,-2.028584999999999994e+01,-1.246399999999999952e+00,-7.218614999999999782e+00,2.711244000000000298e+01,-8.846194999999999808e+00,-8.608899000000000967e+00,-1.633485999999999905e+01,2.377172999999999803e+01,-1.503102000000000160e+01,3.178964000000000283e+02,0.000000000000000000e+00,0.000000000000000000e+00
8.378844000000000847e+00,1.383305999999999925e+00,-3.031327000000000105e+00,-2.358352000000000004e+01,4.998816000000000592e+00,-4.053588999999999665e+00,2.560112000000000165e+01,3.123645000000000227e+00,-5.671416000000000679e+00,-8.660218999999999667e+00,2.597001000000000204e+01,-2.580358000000000018e+01,3.095948000000000206e+02,0.000000000000000000e+00,0.000000000000000000e+00,8.378844000000000847e+00,-1.383305999999999925e+00,3.031327000000000105e+00,-2.034863999999999962e+01,-9.973999000000000059e-01,-7.245667000000000080e+00,2.711592999999999876e+01,-8.386302000000000589e+00,-8.641283999999998855e+00,-1.793857000000000212e+01,2.381177999999999884e+01,-1.354456000000000060e+01,3.194010000000000105e+02,0.000000000000000000e+00,0.000000000000000000e+00
8.455128999999999451e+00,1.391159000000000034e+00,-3.058539000000000119e+00,-2.333448999999999884e+01,5.056769999999999321e+00,-4.054412999999999379e+00,2.559354000000000084e+01,3.113799000000000206e+00,-5.750797000000000381e+00,-9.682267999999998764e+00,2.600191000000000230e+01,-2.495990000000000109e+01,3.105111999999999739e+02,0.000000000000000000e+00,0.000000000000000000e+00,8.455128999999999451e+00,-1.391159000000000034e+00,3.058539000000000119e+00,-2.072588000000000008e+01,-5.217646000000000228e-01,-8.476427000000001044e+00,2.636117999999999739e+01,-8.351561999999999486e+00,-8.877449000000000368e+00,-1.795703999999999922e+01,2.345449999999999946e+01,-1.348957000000000050e+01,3.190835999999999899e+02,0.000000000000000000e+00,0.000000000000000000e+00
8.455128999999999451e+00,1.391159000000000034e+00,-3.058539000000000119e+00,-2.324426000000000059e+01,4.865318000000000254e+00,-3.865893000000000246e+00,2.608533999999999864e+01,3.018552000000000124e+00,-5.665741000000000582e+00,-1.005217999999999989e+01,2.561697000000000202e+01,-2.475874999999999915e+01,3.105049000000000206e+02,0.000000000000000000e+00,0.000000000000000000e+00,8.455128999999999451e+00,-1.391159000000000034e+00,3.058539000000000119e+00,-2.094177999999999784e+01,-6.680345999999999229e-01,-7.116260999999999726e+00,2.639785999999999788e+01,-8.358337999999999823e+00,-9.048669999999999547e+00,-1.813043000000000049e+01,2.327997000000000227e+01,-1.329643999999999870e+01,3.192350000000000136e+02,0.000000000000000000e+00,0.000000000000000000e+00
8.455128999999999451e+00,1.391159000000000034e+00,-3.058539000000000119e+00,-2.428101000000000198e+01,5.085734999999999673e+00,-3.793889000000000067e+00,2.533558999999999983e+01,3.018278000000000016e+00,-5.834874000000000116e+00,-1.101397000000000048e+01,2.612424999999999997e+01,-2.515694999999999837e+01,3.108799000000000206e+02,0.000000000000000000e+00,0.000000000000000000e+00,8.455128999999999451e+00,-1.391159000000000034e+00,3.058539000000000119e+00,-2.098222999999999772e+01,-8.622370999999998675e-01,-7.830457000000000889e+00,2.639785999999999788e+01,-8.358337999999999823e+00,-9.048669999999999547e+00,-1.864986000000000033e+01,2.324054999999999893e+01,-1.297832999999999970e+01,3.196256999999999948e+02,0.000000000000000000e+00,0.000000000000000000e+00
8.930880999999999403e+00,1.383412000000000086e+00,-3.041517999999999944e+00,-2.418483999999999767e+01,5.361062999999999690e+00,-1.898327999999999793e+00,2.484877000000000180e+01,3.455613999999999741e+00,-5.914984999999999715e+00,-1.243451999999999913e+01,2.629917999999999978e+01,-2.436908000000000030e+01,3.113788000000000125e+02,0.000000000000000000e+00,0.000000000000000000e+00,8.930880999999999403e+00,-1.383412000000000086e+00,3.041517999999999944e+00,-2.052382000000000062e+01,-8.148308000000000773e-01,-8.179714000000000595e+00,2.635027000000000186e+01,-8.543936000000000419e+00,-9.492035000000001332e+00,-1.970857999999999777e+01,2.334121999999999986e+01,-1.186158000000000001e+01,3.209245999999999981e+02,0.000000000000000000e+00,0.000000000000000000e+00
8.934611999999999554e+00,1.385264000000000051e+00,-3.042745999999999729e+00,-2.414957000000000065e+01,5.074487000000000414e+00,-2.722061999999999760e+00,2.484694999999999965e+01,3.455122000000000249e+00,-5.918759999999999799e+00,-1.235743000000000080e+01,2.604528999999999783e+01,-2.392966000000000193e+01,3.115971000000000117e+02,0.000000000000000000e+00,0.000000000000000000e+00,8.934611999999999554e+00,-1.385264000000000051e+00,3.042745999999999729e+00,-2.074033000000000015e+01,-1.081938999999999984e+00,-7.864994999999999514e+00,2.635190999999999661e+01,-8.546564999999999301e+00,-9.494810000000001082e+00,-1.965447999999999951e+01,2.315502000000000038e+01,-1.188504000000000005e+01,3.205620000000000118e+02,0.000000000000000000e+00,0.000000000000000000e+00
8.934611999999999554e+00,1.385264000000000051e+00,-3.042745999999999729e+00,-2.390549000000000035e+01,4.832940999999999931e+00,-4.680884999999999962e+00,2.533732000000000184e+01,2.788533999999999846e+00,-6.256590000000000096e+00,-1.114085000000000036e+01,2.544773999999999958e+01,-2.427847999999999828e+01,3.103328999999999951e+02,0.000000000000000000e+00,0.000000000000000000e+00,8.934611999999999554e+00,-1.385264000000000051e+00,3.042745999999999729e+00,-2.101336000000000226e+01,-1.040122999999999909e+00,-8.879334000000000060e+00,2.576302000000000092e+01,-8.487647000000000830e+00,-9.085658000000000456e+00,-1.986328999999999922e+01,2.274442000000000164e+01,-1.193412000000000006e+01,3.204780999999999835e+02,0.000000000000000000e+00,0.000000000000000000e+00
8.930880999999999403e+00,1.383412000000000086e+00,-3.041517999999999944e+00,-2.376210999999999984e+01,4.721038000000000068e+00,-4.304680000000000284e+00,2.533918999999999855e+01,2.789058000000000259e+00,-6.252822000000000102e+00,-1.098889999999999922e+01,2.536296000000000106e+01,-2.447172999999999732e+01,3.104547999999999774e+02,0.000000000000000000e+00,0.000000000000000000e+00,8.930880999999999403e+00,-1.383412000000000086e+00,3.041517999999999944e+00,-2.131314000000000064e+01,-8.827399999999999691e-01,-8.625505000000000422e+00,2.576138999999999868e+01,-8.485046000000000532e+00,-9.082855000000000345e+00,-1.986238999999999777e+01,2.274410999999999916e+01,-1.193878999999999913e+01,3.206093000000000188e+02,0.000000000000000000e+00,0.000000000000000000e+00
8.930880999999999403e+00,1.383412000000000086e+00,-3.041517999999999944e+00,-2.367589999999999861e+01,4.582016000000000311e+00,-3.196361000000000008e+00,2.535525000000000162e+01,2.887070000000000025e+00,-6.278026999999999802e+00,-1.112183999999999884e+01,2.550302999999999898e+01,-2.434915000000000163e+01,3.106526000000000067e+02,0.000000000000000000e+00,0.000000000000000000e+00,8.930880999999999403e+00,-1.383412000000000086e+00,3.041517999999999944e+00,-2.124010000000000176e+01,-8.901013000000000952e-01,-8.600066999999999240e+00,2.576138999999999868e+01,-8.485046000000000532e+00,-9.082855000000000345e+00,-1.975325000000000131e+01,2.281008999999999887e+01,-1.214520000000000088e+01,3.204089999999999918e+02,0.000000000000000000e+00,0.000000000000000000e+00
8.935402999999999096e+00,1.626604000000000161e+00,-3.558298000000000183e+00,-2.387177999999999756e+01,5.263430999999999749e+00,-4.231926999999999772e+00,2.512375000000000114e+01,3.358451999999999771e+00,-6.490066000000000557e+00,-1.131501000000000090e+01,2.600662999999999769e+01,-2.432521000000000200e+01,3.105953000000000088e+02,0.000000000000000000e+00,0.000000000000000000e+00,8.935402999999999096e+00,-1.626604000000000161e+00,3.558298000000000183e+00,-2.061732999999999905e+01,-1.404943999999999971e+00,-9.301949999999999719e+00,2.604034000000000049e+01,-8.945666000000001006e+00,-8.845902000000000598e+00,-2.000194000000000116e+01,2.247808999999999813e+01,-1.190859999999999985e+01,3.208697000000000230e+02,0.000000000000000000e+00,0.000000000000000000e+00
8.935402999999999096e+00,1.626604000000000161e+00,-3.558298000000000183e+00,-2.388699000000000083e+01,5.076825000000000365e+00,-3.107486000000000193e+00,2.512375000000000114e+01,3.358451999999999771e+00,-6.490066000000000557e+00,-1.107409999999999961e+01,2.612412999999999741e+01,-2.456092999999999904e+01,3.105332999999999970e+02,0.000000000000000000e+00,0.000000000000000000e+00,8.935402999999999096e+00,-1.626604000000000161e+00,3.558298000000000183e+00,-2.069212000000000273e+01,-1.579172000000000020e+00,-7.527614999999999057e+00,2.580507000000000062e+01,-8.900487000000000037e+00,-8.902989999999999071e+00,-2.023086999999999946e+01,2.251552000000000220e+01,-1.171333000000000091e+01,3.210280000000000200e+02,0.000000000000000000e+00,0.000000000000000000e+00
8.935402999999999096e+00,1.626604000000000161e+00,-3.558298000000000183e+00,-2.381130999999999887e+01,5.072842999999999769e+00,-2.913927999999999852e+00,2.512375000000000114e+01,3.358451999999999771e+00,-6.490066000000000557e+00,-1.128516000000000119e+01,2.608887999999999963e+01,-2.433252999999999844e+01,3.108523000000000138e+02,0.000000000000000000e+00,0.000000000000000000e+00,8.935402999999999096e+00,-1.626604000000000161e+00,3.558298000000000183e+00,-2.088898999999999972e+01,-1.280245000000000077e+00,-8.626744999999999663e+00,2.587058000000000035e+01,-8.340864999999999085e+00,-8.895247999999998711e+00,-1.996783999999999892e+01,2.246718999999999866e+01,-1.239367999999999981e+01,3.205729999999999791e+02,0.000000000000000000e+00,0.000000000000000000e+00
8.935402999999999096e+00,1.626604000000000161e+00,-3.558298000000000183e+00,-2.391197999999999979e+01,4.882577999999999641e+00,-4.541965000000000252e+00,2.512375000000000114e+01,3.358451999999999771e+00,-6.490066000000000557e+00,-1.131653999999999982e+01,2.600300000000000011e+01,-2.432472999999999885e+01,3.108453000000000088e+02,0.000000000000000000e+00,0.000000000000000000e+00,8.935402999999999096e+00,-1.626604000000000161e+00,3.558298000000000183e+00,-2.084472999999999843e+01,-1.475246999999999975e+00,-8.400789999999998869e+00,2.587058000000000035e+01,-8.340864999999999085e+00,-8.895247999999998711e+00,-2.015971000000000046e+01,2.253724000000000061e+01,-1.222808000000000028e+01,3.206068999999999960e+02,0.000000000000000000e+00,0.000000000000000000e+00
8.935402999999999096e+00,1.626604000000000161e+00,-3.558298000000000183e+00,-2.396493999999999858e+01,5.280867999999999896e+00,-4.329250000000000043e+00,2.512375000000000114e+01,3.358451999999999771e+00,-6.490066000000000557e+00,-1.133694999999999986e+01,2.602492999999999768e+01,-2.438729000000000013e+01,3.109175000000000182e+02,0.000000000000000000e+00,0.000000000000000000e+00,8.935402999999999096e+00,-1.626604000000000161e+00,3.558298000000000183e+00,-2.084961000000000197e+01,-1.288652000000000131e+00,-8.725773000000000224e+00,2.590616999999999948e+01,-8.346932999999999936e+00,-9.061355000000000715e+00,-2.027395999999999887e+01,2.243933999999999784e+01,-1.213553000000000104e+01,3.206553000000000111e+02,0.000000000000000000e+00,0.000000000000000000e+00
8.935402999999999096e+00,1.626604000000000161e+00,-3.558298000000000183e+00,-2.399732000000000198e+01,5.289206000000000074e+00,-4.828273999999999511e+00,2.463157999999999959e+01,3.458798000000000261e+00,-6.571485000000000909e+00,-1.113258000000000081e+01,2.595471000000000217e+01,-2.454852999999999952e+01,3.106508000000000038e+02,0.000000000000000000e+00,0.000000000000000000e+00,8.935402999999999096e+00,-1.626604000000000161e+00,3.558298000000000183e+00,-2.084961000000000197e+01,-1.288652000000000131e+00,-8.725773000000000224e+00,2.590616999999999948e+01,-8.346932999999999936e+00,-9.061355000000000715e+00,-2.004282000000000252e+01,2.240252999999999872e+01,-1.233300999999999981e+01,3.207782000000000266e+02,0.000000000000000000e+00,0.000000000000000000e+00
8.935402999999999096e+00,1.626604000000000161e+00,-3.558298000000000183e+00,-2.392000000000000171e+01,5.284476000000000617e+00,-4.763201999999999714e+00,2.463157999999999959e+01,3.458798000000000261e+00,-6.571485000000000909e+00,-1.154191000000000145e+01,2.599188999999999794e+01,-2.424390999999999963e+01,3.112837000000000103e+02,0.000000000000000000e+00,0.000000000000000000e+00,8.935402999999999096e+00,-1.626604000000000161e+00,3.558298000000000183e+00,-2.109615000000000151e+01,-1.250153000000000070e+00,-8.897671000000000774e+00,2.590616999999999948e+01,-8.346932999999999936e+00,-9.061355000000000715e+00,-2.004302999999999813e+01,2.240236000000000161e+01,-1.233283999999999914e+01,3.207078999999999951e+02,0.000000000000000000e+00,0.000000000000000000e+00
8.935402999999999096e+00,1.626604000000000161e+00,-3.558298000000000183e+00,-2.402217000000000269e+01,5.095830999999999555e+00,-2.430619000000000085e+00,2.463157999999999959e+01,3.458798000000000261e+00,-6.571485000000000909e+00,-1.154191000000000145e+01,2.599188999999999794e+01,-2.424390999999999963e+01,3.112303999999999746e+02,0.000000000000000000e+00,0.000000000000000000e+00,8.935402999999999096e+00,-1.626604000000000161e+00,3.558298000000000183e+00,-2.101986000000000132e+01,-1.258448000000000011e+00,-8.861903999999999115e+00,2.590616999999999948e+01,-8.346932999999999936e+00,-9.061355000000000715e+00,-2.008333000000000013e+01,2.236747000000000085e+01,-1.230021999999999949e+01,3.209893999999999892e+02,0.000000000000000000e+00,0.000000000000000000e+00
8.935402999999999096e+00,1.626604000000000161e+00,-3.558298000000000183e+00,-2.419754000000000005e+01,5.118662999999999741e+00,-4.495800000000000018e+00,2.463157999999999959e+01,3.458798000000000261e+00,-6.571485000000000909e+00,-1.208353999999999928e+01,2.604181000000000168e+01,-2.423687999999999931e+01,3.115761999999999716e+02,0.000000000000000000e+00,0.000000000000000000e+00,8.935402999999999096e+00,-1.626604000000000161e+00,3.558298000000000183e+00,-2.101986000000000132e+01,-1.258448000000000011e+00,-8.861903999999999115e+00,2.590616999999999948e+01,-8.346932999999999936e+00,-9.061355000000000715e+00,-2.008333000000000013e+01,2.236747000000000085e+01,-1.230021999999999949e+01,3.202728999999999928e+02,0.000000000000000000e+00,0.000000000000000000e+00
8.935402999999999096e+00,1.626604000000000161e+00,-3.558298000000000183e+00,-2.430985000000000085e+01,5.133134000000000086e+00,-4.839323999999999515e+00,2.469992999999999839e+01,3.444879000000000246e+00,-6.856250000000000178e+00,-1.260793999999999926e+01,2.612472999999999956e+01,-2.469421000000000177e+01,3.116827000000000112e+02,0.000000000000000000e+00,0.000000000000000000e+00,8.935402999999999096e+00,-1.626604000000000161e+00,3.558298000000000183e+00,-2.101986000000000132e+01,-1.258448000000000011e+00,-8.861903999999999115e+00,2.590616999999999948e+01,-8.346932999999999936e+00,-9.061355000000000715e+00,-2.040602999999999767e+01,2.232146000000000186e+01,-1.202868999999999922e+01,3.207780000000000200e+02,0.000000000000000000e+00,0.000000000000000000e+00
8.935402999999999096e+00,1.626604000000000161e+00,-3.558298000000000183e+00,-2.450975999999999999e+01,4.971503000000000227e+00,-4.139899999999999913e+00,2.469992999999999839e+01,3.444879000000000246e+00,-6.856250000000000178e+00,-1.244338999999999906e+01,2.602237999999999829e+01,-2.483221999999999952e+01,3.115274000000000001e+02,0.000000000000000000e+00,0.000000000000000000e+00,8.935402999999999096e+00,-1.626604000000000161e+00,3.558298000000000183e+00,-2.126323000000000008e+01,-1.220269000000000048e+00,-8.990876000000000090e+00,2.590616999999999948e+01,-8.346932999999999936e+00,-9.061355000000000715e+00,-1.987536000000000058e+01,2.251087000000000060e+01,-1.258996999999999922e+01,3.199438000000000102e+02,0.000000000000000000e+00,0.000000000000000000e+00
8.935402999999999096e+00,1.626604000000000161e+00,-3.558298000000000183e+00,-2.448064000000000107e+01,5.155292000000000208e+00,-5.249600000000000044e+00,2.469992999999999839e+01,3.444879000000000246e+00,-6.856250000000000178e+00,-1.197954999999999970e+01,2.614875999999999934e+01,-2.514622999999999919e+01,3.110839000000000283e+02,0.000000000000000000e+00,0.000000000000000000e+00,8.935402999999999096e+00,-1.626604000000000161e+00,3.558298000000000183e+00,-2.182826999999999984e+01,-1.297449000000000074e+00,-8.345467999999998554e+00,2.539443999999999946e+01,-8.294465999999999894e+00,-9.020167999999999964e+00,-1.966832999999999743e+01,2.194210999999999956e+01,-1.308846999999999916e+01,3.193365999999999758e+02,0.000000000000000000e+00,0.000000000000000000e+00
8.935402999999999096e+00,1.626604000000000161e+00,-3.558298000000000183e+00,-2.425222999999999729e+01,5.135155000000000136e+00,-4.617323000000000732e+00,2.469992999999999839e+01,3.444879000000000246e+00,-6.856250000000000178e+00,-1.153017999999999965e+01,2.623880000000000123e+01,-2.501387000000000072e+01,3.107149999999999750e+02,0.000000000000000000e+00,0.000000000000000000e+00,8.935402999999999096e+00,-1.626604000000000161e+00,3.558298000000000183e+00,-2.146252999999999744e+01,-1.342145000000000143e+00,-8.939275999999999556e+00,2.539443999999999946e+01,-8.294465999999999894e+00,-9.020167999999999964e+00,-1.982932000000000272e+01,2.185318999999999789e+01,-1.277658999999999878e+01,3.194245999999999981e+02,0.000000000000000000e+00,0.000000000000000000e+00
8.958283999999999025e+00,2.141176999999999886e+00,-3.315615000000000201e+00,-2.469380999999999915e+01,5.125144000000000588e+00,-3.716084999999999638e+00,2.420157999999999987e+01,3.790469999999999562e+00,-6.462635999999999825e+00,-1.181450000000000067e+01,2.603892000000000095e+01,-2.520404999999999873e+01,3.108199000000000183e+02,0.000000000000000000e+00,0.000000000000000000e+00,8.958283999999999025e+00,-2.141176999999999886e+00,3.315615000000000201e+00,-2.117798999999999765e+01,-1.092632000000000048e+00,-8.958755999999999275e+00,2.589535000000000053e+01,-8.071540999999999855e+00,-9.119302000000001129e+00,-1.829866000000000170e+01,2.205955000000000155e+01,-1.369252000000000180e+01,3.182115999999999758e+02,0.000000000000000000e+00,0.000000000000000000e+00
9.772731000000000279e+00,1.598616999999999955e+00,-3.582476000000000216e+00,-2.391102000000000061e+01,5.986358999999999320e+00,-4.401533000000000584e+00,2.475074000000000041e+01,3.658983000000000096e+00,-7.333253000000000021e+00,-1.259844999999999970e+01,2.624727000000000032e+01,-2.267323999999999984e+01,3.128962000000000216e+02,0.000000000000000000e+00,0.000000000000000000e+00,9.772731000000000279e+00,-1.598616999999999955e+00,3.582476000000000216e+00,-2.149155999999999977e+01,-7.363093000000000554e-01,-9.718391000000000446e+00,2.529954000000000036e+01,-8.652238000000000540e+00,-9.947347000000000605e+00,-2.038278999999999996e+01,2.192745999999999995e+01,-1.196706000000000003e+01,3.227200000000000273e+02,0.000000000000000000e+00,0.000000000000000000e+00
9.705492999999998815e+00,1.389378000000000002e+00,-3.049552000000000263e+00,-2.357064000000000092e+01,5.359428000000000303e+00,-4.674501000000000239e+00,2.543752999999999886e+01,3.093281000000000169e+00,-6.970903999999999101e+00,-1.136387999999999998e+01,2.594923000000000002e+01,-2.290194999999999936e+01,3.136206999999999994e+02,0.000000000000000000e+00,0.000000000000000000e+00,9.705492999999998815e+00,-1.389378000000000002e+00,3.049552000000000263e+00,-2.122083999999999904e+01,-4.639264000000000165e-01,-9.469999000000001388e+00,2.557775000000000176e+01,-8.210155999999999565e+00,-1.000553999999999988e+01,-1.937601000000000084e+01,2.238541999999999987e+01,-1.255886000000000102e+01,3.216954000000000065e+02,0.000000000000000000e+00,0.000000000000000000e+00
9.724860000000001392e+00,1.905688000000000049e+00,-2.805772000000000155e+00,-2.375207999999999942e+01,5.216101000000000099e+00,-1.331668999999999992e+00,2.555188000000000059e+01,2.217547000000000157e+00,-6.658103999999999800e+00,-8.104942999999998676e+00,2.796132000000000062e+01,-2.243202000000000140e+01,3.151399000000000115e+02,0.000000000000000000e+00,0.000000000000000000e+00,9.724860000000001392e+00,-1.905688000000000049e+00,2.805772000000000155e+00,-2.085089999999999932e+01,-3.082405000000000284e-01,-9.174025999999999570e+00,2.596893000000000029e+01,-8.538803999999998950e+00,-9.949125000000000441e+00,-1.676380999999999943e+01,2.295181000000000182e+01,-1.270932999999999957e+01,3.220083999999999946e+02,0.000000000000000000e+00,0.000000000000000000e+00
9.168946999999999292e+00,1.910170999999999841e+00,-2.796714000000000144e+00,-2.337467000000000183e+01,4.262430000000000163e+00,-6.132171999999999734e+00,2.550478000000000023e+01,1.899415000000000076e+00,-6.362651999999999752e+00,-5.258481999999999879e+00,2.664169000000000409e+01,-2.222096000000000160e+01,3.159936000000000149e+02,0.000000000000000000e+00,0.000000000000000000e+00,9.168946999999999292e+00,-1.910170999999999841e+00,2.796714000000000144e+00,-2.065004000000000062e+01,-4.629292999999999880e-01,-9.059578999999999382e+00,2.625520999999999816e+01,-8.351338000000000150e+00,-9.385949000000000098e+00,-1.394861000000000040e+01,2.269988000000000028e+01,-1.170076000000000072e+01,3.233129999999999882e+02,0.000000000000000000e+00,0.000000000000000000e+00
8.927175000000000082e+00,1.900956000000000090e+00,-2.798554000000000208e+00,-2.297522000000000020e+01,4.146348999999999840e+00,-3.824888999999999761e+00,2.615849000000000046e+01,1.267090999999999967e+00,-5.964812999999999477e+00,-2.655543000000000209e+00,2.525159999999999982e+01,-2.075397000000000247e+01,3.185590000000000259e+02,0.000000000000000000e+00,0.000000000000000000e+00,8.927175000000000082e+00,-1.900956000000000090e+00,2.798554000000000208e+00,-2.044566000000000017e+01,-3.095547000000000160e-01,-7.742455000000000531e+00,2.681820999999999700e+01,-8.306219000000000463e+00,-9.403539000000000314e+00,-1.009223000000000070e+01,2.232939999999999969e+01,-1.172288999999999959e+01,3.249873000000000047e+02,0.000000000000000000e+00,0.000000000000000000e+00
8.451480000000000103e+00,1.911566999999999794e+00,-2.814219000000000026e+00,-2.328189000000000064e+01,4.038311000000000206e+00,-5.606933000000000611e+00,2.688905000000000101e+01,7.343265999999999405e-01,-5.709795999999999871e+00,2.693325999999999776e-01,2.488733999999999824e+01,-1.814750000000000085e+01,3.227939999999999827e+02,0.000000000000000000e+00,0.000000000000000000e+00,8.451480000000000103e+00,-1.911566999999999794e+00,2.814219000000000026e+00,-2.014797000000000082e+01,-4.610079999999999734e-01,-7.024569999999999759e+00,2.771198000000000050e+01,-8.219832000000000249e+00,-8.960725999999999303e+00,-5.928429000000000393e+00,2.171724000000000032e+01,-9.842542999999999154e+00,3.279307000000000016e+02,0.000000000000000000e+00,0.000000000000000000e+00
8.133705000000000851e+00,1.895888000000000018e+00,-2.790836000000000094e+00,-2.250628999999999991e+01,4.057647000000000226e+00,-3.888889999999999958e+00,2.823229999999999862e+01,1.003695000000000004e-01,-5.889065000000000438e+00,2.955048000000000119e+00,2.320981000000000094e+01,-1.528452000000000055e+01,3.248306999999999789e+02,0.000000000000000000e+00,0.000000000000000000e+00,8.133705000000000851e+00,-1.895888000000000018e+00,2.790836000000000094e+00,-1.983455000000000013e+01,-4.325927999999999995e-01,-7.366206000000000031e+00,2.851789000000000129e+01,-8.132592000000000709e+00,-8.884892999999999930e+00,-3.242146999999999668e-01,2.153262000000000143e+01,-9.520891000000000659e+00,3.300233999999999810e+02,0.000000000000000000e+00,0.000000000000000000e+00
7.654947999999999197e+00,1.906225999999999754e+00,-2.806090000000000195e+00,-2.280192999999999870e+01,3.855048000000000474e+00,-5.672766000000000197e+00,2.819365999999999772e+01,3.585102000000000566e-01,-5.248537000000000674e+00,6.418626000000000609e+00,2.285255000000000081e+01,-1.360437999999999903e+01,3.277087999999999965e+02,0.000000000000000000e+00,0.000000000000000000e+00,7.654947999999999197e+00,-1.906225999999999754e+00,2.806090000000000195e+00,-1.973818999999999946e+01,-6.537701000000000207e-01,-6.101904000000000217e+00,2.908220000000000027e+01,-7.884747999999999202e+00,-8.307502000000001274e+00,4.473441000000000223e+00,2.048887000000000214e+01,-7.612155000000000449e+00,3.326010999999999740e+02,0.000000000000000000e+00,0.000000000000000000e+00
7.654947999999999197e+00,1.906225999999999754e+00,-2.806090000000000195e+00,-2.185349000000000075e+01,4.014418000000000042e+00,-3.857031999999999794e+00,2.943472000000000222e+01,-2.807952999999999699e-01,-5.308623000000000758e+00,6.728961999999999222e+00,2.289137000000000199e+01,-7.641930999999999585e+00,3.347085999999999899e+02,0.000000000000000000e+00,0.000000000000000000e+00,7.654947999999999197e+00,-1.906225999999999754e+00,2.806090000000000195e+00,-1.923842000000000141e+01,-5.149612000000000078e-01,-6.864444000000000656e+00,2.987965000000000160e+01,-7.963085000000000413e+00,-8.480446000000000595e+00,8.065844999999999487e+00,1.950838999999999857e+01,-6.413418000000000063e+00,3.357328999999999724e+02,0.000000000000000000e+00,0.000000000000000000e+00
7.651741000000000348e+00,1.904520999999999908e+00,-2.804950999999999972e+00,-2.161117999999999739e+01,3.826913999999999927e+00,-4.156876999999999711e+00,2.984270000000000067e+01,-4.039586000000000010e-01,-5.778500000000000192e+00,6.946628999999999721e+00,2.347547999999999746e+01,-4.778247000000000466e-01,3.424873999999999796e+02,0.000000000000000000e+00,0.000000000000000000e+00,7.651741000000000348e+00,-1.904520999999999908e+00,2.804950999999999972e+00,-1.897641000000000133e+01,-2.631700999999999624e-01,-7.223041000000000267e+00,2.987809999999999988e+01,-7.960636999999999297e+00,-8.478236000000000772e+00,1.055793999999999855e+01,1.920167999999999964e+01,-2.256047999999999831e+00,3.405002000000000066e+02,0.000000000000000000e+00,0.000000000000000000e+00
7.103030999999999651e+00,1.907152999999999876e+00,-2.794925000000000104e+00,-2.183470000000000155e+01,3.744323999999999764e+00,-3.892459999999999809e+00,3.080999000000000265e+01,-2.597847999999999824e-01,-5.133226999999999762e+00,8.821657000000000082e+00,2.387213999999999814e+01,4.003470000000000084e+00,3.479809000000000196e+02,0.000000000000000000e+00,0.000000000000000000e+00,7.103030999999999651e+00,-1.907152999999999876e+00,2.794925000000000104e+00,-1.944663999999999859e+01,-6.977574000000000831e-01,-6.680156000000000205e+00,2.991230999999999796e+01,-7.693557000000001089e+00,-8.183011999999999730e+00,1.356920999999999999e+01,1.913546000000000191e+01,1.821879999999999944e+00,3.443177999999999770e+02,0.000000000000000000e+00,0.000000000000000000e+00
7.103030999999999651e+00,1.907152999999999876e+00,-2.794925000000000104e+00,-2.127299000000000007e+01,3.898008999999999613e+00,-3.962155000000000094e+00,3.115456999999999965e+01,-2.933145999999999809e-01,-5.232816999999999830e+00,9.716097999999998791e+00,2.444669000000000025e+01,1.066673000000000116e+01,3.552859000000000265e+02,0.000000000000000000e+00,0.000000000000000000e+00,7.103030999999999651e+00,-1.907152999999999876e+00,2.794925000000000104e+00,-1.911941000000000201e+01,-1.544901999999999942e-01,-6.804461999999999122e+00,3.049467000000000283e+01,-7.731366999999999656e+00,-8.264516000000000417e+00,1.640912000000000148e+01,1.906873999999999825e+01,6.562885000000000524e+00,3.503337999999999965e+02,0.000000000000000000e+00,0.000000000000000000e+00
6.860246000000000954e+00,1.898822000000000010e+00,-2.796339000000000130e+00,-2.111172999999999789e+01,3.723018000000000161e+00,-4.449474999999999625e+00,3.207389000000000578e+01,-2.696745999999999865e-01,-5.409525000000000361e+00,1.069843999999999973e+01,2.570579000000000036e+01,1.772403999999999868e+01,3.627398999999999774e+02,0.000000000000000000e+00,0.000000000000000000e+00,6.860246000000000954e+00,-1.898822000000000010e+00,2.796339000000000130e+00,-1.911760999999999910e+01,-7.281550999999999996e-02,-5.975954999999999906e+00,3.132042000000000215e+01,-7.019160000000000288e+00,-8.072252000000000649e+00,1.725551000000000101e+01,1.933027999999999835e+01,1.230978999999999957e+01,3.576501000000000090e+02,0.000000000000000000e+00,0.000000000000000000e+00
6.860246000000000954e+00,1.898822000000000010e+00,-2.796339000000000130e+00,-2.141377999999999915e+01,3.741180999999999646e+00,-4.229719000000000229e+00,3.245669999999999789e+01,-3.239445999999999715e-01,-4.960564999999999891e+00,1.136016000000000048e+01,2.700864999999999938e+01,2.403460000000000107e+01,3.698609999999999900e+02,0.000000000000000000e+00,0.000000000000000000e+00,6.860246000000000954e+00,-1.898822000000000010e+00,2.796339000000000130e+00,-1.906908999999999921e+01,3.541124000000000493e-01,-6.880550999999999640e+00,3.140010999999999797e+01,-6.458914000000000044e+00,-8.464686999999999628e+00,1.769107999999999947e+01,1.935324999999999918e+01,1.800453999999999866e+01,3.645283000000000015e+02,0.000000000000000000e+00,0.000000000000000000e+00
6.863124000000000891e+00,1.900554999999999994e+00,-2.797473000000000098e+00,-2.084283999999999892e+01,4.033311000000000313e+00,-4.628581999999999752e+00,3.330984999999999729e+01,-4.301114000000000326e-01,-5.159819999999999851e+00,1.210004999999999953e+01,2.804124000000000194e+01,3.064444999999999908e+01,3.770471999999999753e+02,0.000000000000000000e+00,0.000000000000000000e+00,6.863124000000000891e+00,-1.900554999999999994e+00,2.797473000000000098e+00,-1.882852000000000103e+01,8.120758999999999617e-01,-6.703714999999998980e+00,3.226764000000000010e+01,-6.530445999999999529e+00,-8.312750999999998669e+00,1.607323999999999842e+01,2.016844000000000037e+01,2.540647999999999840e+01,3.733446999999999889e+02,0.000000000000000000e+00,0.000000000000000000e+00
6.843876999999999988e+00,1.385825000000000085e+00,-3.040538000000000185e+00,-2.000662000000000162e+01,4.445940000000000225e+00,-4.903253000000000306e+00,3.431895999999999702e+01,-2.996782000000000057e-01,-5.377926000000000428e+00,1.251215000000000011e+01,2.945140999999999920e+01,3.652770999999999901e+01,3.831813999999999965e+02,0.000000000000000000e+00,0.000000000000000000e+00,6.843876999999999988e+00,-1.385825000000000085e+00,3.040538000000000185e+00,-1.905887999999999849e+01,8.419090000000000185e-01,-6.912971000000000643e+00,3.180174999999999841e+01,-6.173926999999999943e+00,-8.388836999999998767e+00,1.353312000000000204e+01,2.124347999999999814e+01,3.198155999999999821e+01,3.802597000000000094e+02,0.000000000000000000e+00,0.000000000000000000e+00
6.843876999999999988e+00,1.385825000000000085e+00,-3.040538000000000185e+00,-2.023620999999999981e+01,4.679662000000000432e+00,-4.819773000000000529e+00,3.508892000000000166e+01,1.687730000000000063e-01,-4.853584999999999816e+00,1.269831999999999894e+01,3.179244999999999877e+01,4.211569000000000074e+01,3.906302999999999770e+02,0.000000000000000000e+00,0.000000000000000000e+00,6.843876999999999988e+00,-1.385825000000000085e+00,3.040538000000000185e+00,-1.885031999999999996e+01,1.377345999999999959e+00,-6.886400000000000077e+00,3.258325999999999567e+01,-6.129348999999999492e+00,-8.434064999999998591e+00,1.236851000000000056e+01,2.252577000000000140e+01,3.705252999999999730e+01,3.856997000000000071e+02,0.000000000000000000e+00,0.000000000000000000e+00
6.356307000000000151e+00,8.736853999999999454e-01,-3.300825000000000120e+00,-2.057798999999999978e+01,4.946881999999999557e+00,-3.726966000000000445e+00,3.651541999999999888e+01,5.514134000000000535e-01,-4.963326000000000349e+00,1.511570000000000036e+01,3.418632999999999811e+01,4.661167000000000371e+01,3.953976999999999862e+02,0.000000000000000000e+00,0.000000000000000000e+00,6.356307000000000151e+00,-8.736853999999999454e-01,3.300825000000000120e+00,-1.961077000000000226e+01,1.073890000000000011e+00,-4.309865000000000279e+00,3.261298000000000030e+01,-6.144441000000000486e+00,-8.013192999999999344e+00,1.170439000000000007e+01,2.414114999999999966e+01,4.136052000000000106e+01,3.915654000000000110e+02,0.000000000000000000e+00,0.000000000000000000e+00
6.321670000000000122e+00,8.613371999999999140e-01,-3.271206999999999976e+00,-2.001017999999999830e+01,4.637496999999999758e+00,-3.840138999999999747e+00,3.702232000000000056e+01,1.043313999999999853e+00,-4.765031999999999712e+00,1.599561000000000099e+01,3.524929999999999808e+01,4.904579999999999984e+01,3.979959999999999809e+02,0.000000000000000000e+00,0.000000000000000000e+00,6.321670000000000122e+00,-8.613371999999999140e-01,3.271206999999999976e+00,-1.944910000000000139e+01,1.031414999999999971e+00,-6.496268999999999849e+00,3.349428999999999945e+01,-6.157219000000000442e+00,-8.616033999999999082e+00,1.119721000000000011e+01,2.524152000000000129e+01,4.464553000000000083e+01,3.944843999999999937e+02,0.000000000000000000e+00,0.000000000000000000e+00
5.590380999999999823e+00,8.687600000000000877e-01,-3.289558999999999678e+00,-2.029667999999999850e+01,4.748741000000000767e+00,-3.629699000000000009e+00,3.813562000000000296e+01,2.058304999999999829e+00,-5.106444000000000649e+00,1.838732999999999862e+01,3.690418999999999983e+01,5.012695000000000078e+01,3.991856999999999971e+02,0.000000000000000000e+00,0.000000000000000000e+00,5.590380999999999823e+00,-8.687600000000000877e-01,3.289558999999999678e+00,-2.000672000000000139e+01,5.134374999999999911e-01,-4.404846000000000039e+00,3.355912000000000006e+01,-5.110336000000000212e+00,-7.987017999999999063e+00,1.341621000000000130e+01,2.669314000000000320e+01,4.423237000000000307e+01,3.954572999999999752e+02,0.000000000000000000e+00,0.000000000000000000e+00
5.570831000000000088e+00,6.274220999999999826e-01,-2.772304000000000102e+00,-1.908917999999999893e+01,5.354921000000000042e+00,-2.805905000000000094e+00,3.893207999999999913e+01,2.640528999999999904e+00,-4.780190000000000161e+00,1.992145999999999972e+01,3.709080999999999761e+01,5.264885000000000304e+01,4.016981000000000108e+02,0.000000000000000000e+00,0.000000000000000000e+00,5.570831000000000088e+00,-6.274220999999999826e-01,2.772304000000000102e+00,-1.903202000000000282e+01,1.451621999999999968e+00,-5.359912999999999705e+00,3.458039999999999736e+01,-4.748091999999999757e+00,-8.049710000000001031e+00,1.334611000000000125e+01,2.797002999999999773e+01,4.672726000000000113e+01,3.978063000000000216e+02,0.000000000000000000e+00,0.000000000000000000e+00
5.568468000000000195e+00,6.255528000000000199e-01,-2.771177000000000223e+00,-1.897347000000000250e+01,5.635298999999999836e+00,-6.359331999999999763e-01,3.984719000000000477e+01,3.859836000000000045e+00,-4.622688000000000130e+00,2.119147999999999854e+01,3.793889999999999674e+01,5.380584999999999951e+01,4.030095000000000027e+02,0.000000000000000000e+00,0.000000000000000000e+00,5.568468000000000195e+00,-6.255528000000000199e-01,2.771177000000000223e+00,-1.922012999999999749e+01,1.542779999999999818e+00,-4.755563999999999680e+00,3.536905999999999750e+01,-4.785921000000000092e+00,-7.808605000000000018e+00,1.568493999999999922e+01,2.917017999999999844e+01,4.688071000000000055e+01,3.981349000000000160e+02,0.000000000000000000e+00,0.000000000000000000e+00
5.058684999999999654e+00,3.860130999999999979e-01,-2.265289000000000108e+00,-1.833220000000000027e+01,5.068042000000000158e+00,-1.038745999999999947e+00,4.054135999999999740e+01,3.734720999999999957e+00,-4.116050000000000431e+00,2.295182999999999751e+01,3.833157999999999532e+01,5.412636999999999432e+01,4.036494999999999891e+02,0.000000000000000000e+00,0.000000000000000000e+00,5.058684999999999654e+00,-3.860130999999999979e-01,2.265289000000000108e+00,-1.895692000000000021e+01,1.860272000000000148e+00,-3.319585000000000008e+00,3.595577999999999719e+01,-2.995331999999999883e+00,-7.706664999999999210e+00,1.711427999999999727e+01,3.088820000000000121e+01,4.782402000000000442e+01,3.992665000000000077e+02,0.000000000000000000e+00,0.000000000000000000e+00
5.012866999999999962e+00,3.784392000000000311e-01,-2.244975000000000165e+00,-1.773378999999999905e+01,5.595304000000000499e+00,-5.349454999999999627e-01,4.138747999999999649e+01,4.232371999999999801e+00,-3.960673999999999584e+00,2.256180000000000163e+01,3.815464999999999662e+01,5.570420999999999623e+01,4.051634000000000242e+02,0.000000000000000000e+00,0.000000000000000000e+00,5.012866999999999962e+00,-3.784392000000000311e-01,2.244975000000000165e+00,-1.917239999999999966e+01,2.087493999999999961e+00,-1.886397000000000101e+00,3.601597000000000293e+01,-2.387153000000000080e+00,-8.148436999999999486e+00,1.870832000000000050e+01,3.165820000000000078e+01,4.845745999999999754e+01,3.996238999999999919e+02,0.000000000000000000e+00,0.000000000000000000e+00
4.277433999999999514e+00,4.025064999999999893e-01,-2.246399999999999952e+00,-1.701852999999999838e+01,4.669414999999999871e+00,-2.495106000000000268e-01,4.213385000000000247e+01,4.675122000000000000e+00,-3.271640000000000104e+00,2.276588999999999885e+01,3.855062000000000211e+01,5.530843000000000131e+01,4.057991000000000099e+02,0.000000000000000000e+00,0.000000000000000000e+00,4.277433999999999514e+00,-4.025064999999999893e-01,2.246399999999999952e+00,-1.839675000000000082e+01,1.779388999999999887e+00,-2.060290000000000177e+00,3.686274999999999835e+01,-1.419504000000000099e+00,-7.048775999999999264e+00,2.103496000000000166e+01,3.214802000000000248e+01,4.678052999999999884e+01,3.993788000000000125e+02,0.000000000000000000e+00,0.000000000000000000e+00
4.294888999999999513e+00,3.818657999999999775e-01,-2.255961000000000105e+00,-1.659102000000000032e+01,4.964694999999999858e+00,-3.235477999999999965e-02,4.294675999999999760e+01,4.608565000000000467e+00,-3.178557000000000077e+00,2.235373999999999839e+01,3.849150999999999812e+01,5.664531999999999812e+01,4.067354000000000269e+02,0.000000000000000000e+00,0.000000000000000000e+00,4.294888999999999513e+00,-3.818657999999999775e-01,2.255961000000000105e+00,-1.817497000000000185e+01,2.346713000000000271e+00,-9.737190999999998375e-01,3.731875000000000142e+01,-9.264010000000000300e-01,-6.894574999999999676e+00,2.184645000000000081e+01,3.260512999999999550e+01,4.744539000000000328e+01,3.997524999999999977e+02,0.000000000000000000e+00,0.000000000000000000e+00
4.271568000000000254e+00,3.831888999999999990e-01,-2.256029999999999980e+00,-1.532187000000000054e+01,5.485431000000000168e+00,6.113833000000000739e-01,4.331472000000000122e+01,5.015076999999999785e+00,-2.752650999999999737e+00,2.149687000000000126e+01,3.807706999999999908e+01,5.813921999999999457e+01,4.086037999999999784e+02,0.000000000000000000e+00,0.000000000000000000e+00,4.271568000000000254e+00,-3.831888999999999990e-01,2.256029999999999980e+00,-1.678200000000000003e+01,2.908398000000000039e+00,7.476804000000000228e-01,3.759564000000000306e+01,7.229434000000000138e-01,-5.829508999999999830e+00,2.139748999999999768e+01,3.242019000000000517e+01,4.912994000000000483e+01,4.015006999999999948e+02,0.000000000000000000e+00,0.000000000000000000e+00
3.771189000000000124e+00,9.225448000000000537e-01,-2.012913000000000174e+00,-1.455863999999999869e+01,5.318344000000000626e+00,1.293609000000000009e+00,4.348342999999999847e+01,5.240464000000000233e+00,-1.875124000000000235e+00,2.155686000000000035e+01,3.839302999999999599e+01,5.838904999999999745e+01,4.091485999999999876e+02,0.000000000000000000e+00,0.000000000000000000e+00,3.771189000000000124e+00,-9.225448000000000537e-01,2.012913000000000174e+00,-1.468887999999999927e+01,4.069637000000000171e+00,3.552587000000000383e+00,3.884624999999999773e+01,2.800718999999999959e+00,-4.135990000000000499e+00,2.262941999999999965e+01,3.287697000000000003e+01,5.080850999999999829e+01,4.029823000000000093e+02,0.000000000000000000e+00,0.000000000000000000e+00
3.775508000000000308e+00,1.425524999999999931e+00,-1.776000000000000023e+00,-1.331127000000000038e+01,5.721133000000000024e+00,2.956383999999999901e+00,4.416758000000000095e+01,6.252876000000000545e+00,-1.232280999999999960e+00,2.137784999999999869e+01,3.875719000000000136e+01,5.982090000000000174e+01,4.106689000000000078e+02,0.000000000000000000e+00,0.000000000000000000e+00,3.775508000000000308e+00,-1.425524999999999931e+00,1.776000000000000023e+00,-1.241651000000000060e+01,4.652103000000000321e+00,3.384827999999999726e+00,4.005673000000000172e+01,4.014857000000000120e+00,-3.460537000000000418e+00,2.392686000000000135e+01,3.363931999999999789e+01,5.231159999999999854e+01,4.043808000000000220e+02,0.000000000000000000e+00,0.000000000000000000e+00
3.496167999999999942e+00,1.412013999999999880e+00,-1.759768999999999917e+00,-1.119744999999999990e+01,6.510720000000000063e+00,3.174954000000000054e+00,4.538952000000000453e+01,6.876019000000000325e+00,-8.990298000000001011e-01,2.186192999999999742e+01,3.911410999999999660e+01,6.149979000000000440e+01,4.128693000000000097e+02,0.000000000000000000e+00,0.000000000000000000e+00,3.496167999999999942e+00,-1.412013999999999880e+00,1.759768999999999917e+00,-1.065326000000000128e+01,5.812856000000000023e+00,6.756763000000000297e+00,4.086567999999999756e+01,5.308323999999999820e+00,-2.882543000000000077e+00,2.559499999999999886e+01,3.460188000000000130e+01,5.376526999999999390e+01,4.058337000000000216e+02,0.000000000000000000e+00,0.000000000000000000e+00
2.957450000000000134e+00,2.458714000000000066e+00,-1.279085000000000027e+00,-1.085576000000000008e+01,7.303982000000000419e+00,4.113134999999999764e+00,4.529682999999999993e+01,7.489424999999999777e+00,-1.012709000000000081e+00,2.184700000000000131e+01,3.921779999999999688e+01,6.281224999999999881e+01,4.144812000000000012e+02,0.000000000000000000e+00,0.000000000000000000e+00,2.957450000000000134e+00,-2.458714000000000066e+00,1.279085000000000027e+00,-8.768524000000001095e+00,8.190998999999999697e+00,6.682949000000000694e+00,4.314782000000000295e+01,7.222485000000000710e+00,-2.972059999999999924e+00,2.813237999999999772e+01,3.645242999999999967e+01,5.451623000000000729e+01,4.075572000000000230e+02,0.000000000000000000e+00,0.000000000000000000e+00
2.191089999999999982e+00,3.206590999999999969e+00,-1.547103000000000117e+00,-9.434316000000000813e+00,7.697060000000000457e+00,4.456541999999999781e+00,4.610142000000000451e+01,8.761108999999999369e+00,-2.073220999999999759e+00,2.273672999999999789e+01,4.007117000000000218e+01,6.418871999999998934e+01,4.162708999999999833e+02,0.000000000000000000e+00,0.000000000000000000e+00,2.191089999999999982e+00,-3.206590999999999969e+00,1.547103000000000117e+00,-6.861816000000000138e+00,9.073700999999999794e+00,8.541211000000000553e+00,4.470265999999999451e+01,8.752278999999999698e+00,-3.300855000000000317e+00,3.357330000000000325e+01,3.693345000000000056e+01,5.395979000000000525e+01,4.076938000000000102e+02,0.000000000000000000e+00,0.000000000000000000e+00
8.884988999999999804e-01,3.726358999999999533e+00,-1.304259000000000057e+00,-7.821975999999999374e+00,8.756771000000000527e+00,5.889741000000000781e+00,4.684257000000000204e+01,1.006819999999999915e+01,-1.927870999999999890e+00,2.337331999999999965e+01,4.067962999999999596e+01,6.484347999999999956e+01,4.175941000000000258e+02,0.000000000000000000e+00,0.000000000000000000e+00,8.884988999999999804e-01,-3.726358999999999533e+00,1.304259000000000057e+00,-5.607999999999999652e+00,1.023266000000000098e+01,9.814925999999999817e+00,4.597395999999999816e+01,1.058805000000000085e+01,-3.367497000000000185e+00,3.588602000000000203e+01,3.835159000000000162e+01,5.399569000000000329e+01,4.082343000000000188e+02,0.000000000000000000e+00,0.000000000000000000e+00
-3.481270000000000198e-01,3.964773999999999798e+00,-1.821652000000000049e+00,-7.121482000000000312e+00,1.030838999999999928e+01,4.220766000000000240e+00,4.753529000000000337e+01,1.072874999999999979e+01,-2.345302000000000220e+00,2.393602999999999881e+01,4.149358000000000146e+01,6.498714999999999975e+01,4.187493999999999801e+02,0.000000000000000000e+00,0.000000000000000000e+00,-3.481270000000000198e-01,-3.964773999999999798e+00,1.821652000000000049e+00,-4.893341999999999636e+00,1.108610000000000007e+01,1.071741000000000099e+01,4.601527000000000100e+01,1.171401999999999965e+01,-3.166450999999999905e+00,3.874922000000000111e+01,3.856958000000000197e+01,5.333596000000000004e+01,4.080341000000000236e+02,0.000000000000000000e+00,0.000000000000000000e+00
-8.455546999999998814e-01,4.226976000000000511e+00,-2.350388999999999839e+00,-6.475512999999999408e+00,1.130710000000000015e+01,5.290478000000000236e+00,4.787690999999999519e+01,1.144510000000000005e+01,-2.978006999999999849e+00,2.380590000000000117e+01,4.221616999999999820e+01,6.597398000000001161e+01,4.199660000000000082e+02,0.000000000000000000e+00,0.000000000000000000e+00,-8.455546999999998814e-01,-4.226976000000000511e+00,2.350388999999999839e+00,-3.865701000000000054e+00,1.212701999999999991e+01,1.083305000000000007e+01,4.694250999999999863e+01,1.232171000000000127e+01,-3.104349000000000025e+00,4.018807999999999936e+01,3.836411999999999978e+01,5.370944999999999681e+01,4.083498000000000161e+02,0.000000000000000000e+00,0.000000000000000000e+00
-8.455546999999998814e-01,4.226976000000000511e+00,-2.350388999999999839e+00,-6.423192000000000235e+00,1.154518999999999984e+01,5.868362000000000300e+00,4.808496999999999844e+01,1.154448000000000008e+01,-3.897491000000000483e+00,2.383777999999999864e+01,4.174609000000000236e+01,6.646081999999999823e+01,4.200824999999999818e+02,0.000000000000000000e+00,0.000000000000000000e+00,-8.455546999999998814e-01,-4.226976000000000511e+00,2.350388999999999839e+00,-3.506327999999999889e+00,1.257178000000000040e+01,1.031579999999999941e+01,4.698772000000000304e+01,1.241926000000000130e+01,-3.611048999999999953e+00,4.098499999999999943e+01,3.826888999999999896e+01,5.362913000000000352e+01,4.088335999999999899e+02,0.000000000000000000e+00,0.000000000000000000e+00
-1.602662999999999949e+00,4.205650000000000333e+00,-2.338395999999999919e+00,-6.112649000000000221e+00,1.176200000000000045e+01,5.242088999999999999e+00,4.803735000000000355e+01,1.205766999999999989e+01,-3.430239999999999956e+00,2.475543000000000049e+01,4.186742999999999881e+01,6.615376999999999441e+01,4.200747000000000071e+02,0.000000000000000000e+00,0.000000000000000000e+00,-1.602662999999999949e+00,-4.205650000000000333e+00,2.338395999999999919e+00,-3.272806000000000104e+00,1.246317999999999948e+01,1.073315999999999981e+01,4.687657000000000096e+01,1.294449999999999967e+01,-3.410987999999999687e+00,4.131672000000000367e+01,3.854855999999999483e+01,5.316783000000000214e+01,4.088999000000000024e+02,0.000000000000000000e+00,0.000000000000000000e+00
-2.127152000000000154e+00,4.222139000000000308e+00,-2.347668000000000088e+00,-5.050233999999999668e+00,1.267694999999999972e+01,5.374852999999999881e+00,4.890303000000000111e+01,1.244933999999999941e+01,-3.661696000000000062e+00,2.696034999999999826e+01,4.307724999999999937e+01,6.618361000000000161e+01,4.202767000000000053e+02,0.000000000000000000e+00,0.000000000000000000e+00,-2.127152000000000154e+00,-4.222139000000000308e+00,2.347668000000000088e+00,-2.459138999999999964e+00,1.210818000000000083e+01,1.080786999999999942e+01,4.726881999999999806e+01,1.293296000000000134e+01,-3.338001000000000218e+00,4.355011999999999972e+01,3.908307999999999538e+01,5.254041999999999746e+01,4.084667000000000030e+02,0.000000000000000000e+00,0.000000000000000000e+00
-3.388784999999999936e+00,3.698030999999999846e+00,-2.587889000000000106e+00,-4.592323999999999629e+00,1.372902000000000200e+01,6.551629000000000147e+00,4.949710999999999927e+01,1.363692000000000171e+01,-3.726475000000000204e+00,2.867374999999999829e+01,4.414392999999999745e+01,6.544796999999999798e+01,4.201231000000000222e+02,0.000000000000000000e+00,0.000000000000000000e+00,-3.388784999999999936e+00,-3.698030999999999846e+00,2.587889000000000106e+00,-2.969145000000000145e+00,1.191164999999999985e+01,1.174578999999999951e+01,4.691305999999999443e+01,1.355664999999999942e+01,-2.914274000000000253e+00,4.462962000000000273e+01,3.979312000000000182e+01,5.118169000000000324e+01,4.084701999999999771e+02,0.000000000000000000e+00,0.000000000000000000e+00
-3.921561000000000075e+00,3.711533999999999445e+00,-2.597408999999999857e+00,-5.166422999999999988e+00,1.355076000000000036e+01,6.417982000000000298e+00,4.949314999999999998e+01,1.398071000000000019e+01,-3.722339999999999982e+00,2.894710999999999856e+01,4.442155000000000342e+01,6.556110999999999933e+01,4.200205000000000268e+02,0.000000000000000000e+00,0.000000000000000000e+00,-3.921561000000000075e+00,-3.711533999999999445e+00,2.597408999999999857e+00,-2.989206999999999947e+00,1.190718000000000032e+01,1.244838999999999984e+01,4.720613000000000170e+01,1.403908999999999985e+01,-2.570697000000000010e+00,4.568314000000000163e+01,4.031578999999999979e+01,5.076830000000000354e+01,4.085536999999999921e+02,0.000000000000000000e+00,0.000000000000000000e+00
-3.888219999999999565e+00,3.434649999999999981e+00,-3.361101999999999812e+00,-4.960366000000000497e+00,1.497753999999999941e+01,6.498241999999999408e+00,5.000565999999999889e+01,1.444609999999999950e+01,-4.741348000000000340e+00,2.985237000000000052e+01,4.520524000000000342e+01,6.580180000000000007e+01,4.200514000000000010e+02,0.000000000000000000e+00,0.000000000000000000e+00,-3.888219999999999565e+00,-3.434649999999999981e+00,3.361101999999999812e+00,-2.846954999999999902e+00,1.176795000000000080e+01,1.252242999999999995e+01,4.716967000000000354e+01,1.397494999999999976e+01,-2.070926000000000045e+00,4.712155999999999523e+01,3.984423999999999921e+01,5.027987999999999857e+01,4.080199000000000069e+02,0.000000000000000000e+00,0.000000000000000000e+00
-4.629907000000000217e+00,3.415062999999999960e+00,-3.341652999999999984e+00,-4.127720000000000056e+00,1.482428999999999952e+01,7.244558999999999749e+00,5.035685999999999751e+01,1.506277999999999828e+01,-4.514179000000000386e+00,3.117919000000000196e+01,4.591716999999999871e+01,6.594155999999999551e+01,4.210222999999999729e+02,0.000000000000000000e+00,0.000000000000000000e+00,-4.629907000000000217e+00,-3.415062999999999960e+00,3.341652999999999984e+00,-3.116477999999999859e+00,1.130153999999999925e+01,1.393485000000000085e+01,4.736754000000000531e+01,1.473157999999999923e+01,-1.596378000000000075e+00,4.911070999999999742e+01,4.109188999999999936e+01,4.909454000000000207e+01,4.076093000000000188e+02,0.000000000000000000e+00,0.000000000000000000e+00
-5.165864000000000011e+00,3.426783000000000357e+00,-3.353202999999999712e+00,-4.092578999999999745e+00,1.516019000000000005e+01,7.475683000000000078e+00,5.077394999999999925e+01,1.547930999999999990e+01,-4.339343000000000394e+00,3.208404000000000167e+01,4.642419000000000295e+01,6.561991000000000440e+01,4.210452000000000226e+02,0.000000000000000000e+00,0.000000000000000000e+00,-5.165864000000000011e+00,-3.426783000000000357e+00,3.353202999999999712e+00,-3.239171999999999940e+00,1.152958999999999889e+01,1.424908999999999892e+01,4.730675000000000097e+01,1.508730000000000082e+01,-1.499056999999999862e+00,4.956725999999999743e+01,4.156197000000000230e+01,4.910269000000000261e+01,4.074913000000000238e+02,0.000000000000000000e+00,0.000000000000000000e+00
-5.705516000000000254e+00,3.438282000000000060e+00,-3.364533000000000218e+00,-3.395851999999999649e+00,1.579662000000000077e+01,7.931677000000000533e+00,5.077290999999999599e+01,1.593187999999999960e+01,-4.289496999999999893e+00,3.250769000000000375e+01,4.670020999999999844e+01,6.578261999999999432e+01,4.211064000000000078e+02,0.000000000000000000e+00,0.000000000000000000e+00,-5.705516000000000254e+00,-3.438282000000000060e+00,3.364533000000000218e+00,-3.443191999999999808e+00,1.199621999999999922e+01,1.445727999999999902e+01,4.716640000000000299e+01,1.545436000000000121e+01,-1.367240000000000011e+00,4.996867000000000303e+01,4.180494000000000199e+01,4.885162000000000404e+01,4.075269999999999868e+02,0.000000000000000000e+00,0.000000000000000000e+00
-6.439541999999999433e+00,3.420151999999999859e+00,-3.345051999999999470e+00,-3.309491000000000405e+00,1.663452999999999804e+01,8.720578999999998970e+00,5.165392999999999546e+01,1.698050999999999888e+01,-4.612055999999999933e+00,3.349457000000000306e+01,4.690187000000000239e+01,6.575101999999999691e+01,4.210779999999999745e+02,0.000000000000000000e+00,0.000000000000000000e+00,-6.439541999999999433e+00,-3.420151999999999859e+00,3.345051999999999470e+00,-2.983962000000000003e+00,1.199915999999999983e+01,1.425544999999999973e+01,4.713470999999999833e+01,1.553497999999999912e+01,-1.712825000000000042e+00,5.130516000000000076e+01,4.190288999999999930e+01,4.875229999999999819e+01,4.069721999999999866e+02,0.000000000000000000e+00,0.000000000000000000e+00
-6.958997999999999351e+00,3.427370999999999945e+00,-3.355777999999999928e+00,-4.211894999999999278e+00,1.634871000000000052e+01,9.171654000000000195e+00,5.076925999999999561e+01,1.751363999999999876e+01,-4.198108999999999646e+00,3.344370999999999583e+01,4.693332999999999799e+01,6.554478000000000293e+01,4.209936000000000149e+02,0.000000000000000000e+00,0.000000000000000000e+00,-6.958997999999999351e+00,-3.427370999999999945e+00,3.355777999999999928e+00,-2.762828999999999979e+00,1.185379999999999967e+01,1.468849999999999945e+01,4.788114000000000203e+01,1.599437999999999960e+01,-2.110265000000000057e+00,5.259063000000000443e+01,4.215606999999999971e+01,4.851905000000000001e+01,4.072191000000000258e+02,0.000000000000000000e+00,0.000000000000000000e+00
-7.499705000000000510e+00,2.917361999999999789e+00,-3.609792999999999807e+00,-4.271535000000000082e+00,1.715252999999999872e+01,9.696913999999999589e+00,5.141434000000000282e+01,1.801363999999999876e+01,-4.723123000000000182e+00,3.354804000000000030e+01,4.725687999999999533e+01,6.542511000000000365e+01,4.213528000000000020e+02,0.000000000000000000e+00,0.000000000000000000e+00,-7.499705000000000510e+00,-2.917361999999999789e+00,3.609792999999999807e+00,-3.445480999999999572e+00,1.172398999999999880e+01,1.521511000000000102e+01,4.801812000000000324e+01,1.628415999999999997e+01,-1.422196999999999933e+00,5.270129000000000019e+01,4.250372999999999735e+01,4.821262000000000114e+01,4.074289999999999736e+02,0.000000000000000000e+00,0.000000000000000000e+00
-8.277577000000000851e+00,2.144968999999999681e+00,-3.311770999999999798e+00,-4.654730000000000700e+00,1.640657999999999817e+01,1.139253999999999856e+01,5.201544000000000523e+01,1.842257000000000033e+01,-4.029695999999999501e+00,3.502385999999999910e+01,4.741670999999999481e+01,6.441334000000000515e+01,4.205733000000000175e+02,0.000000000000000000e+00,0.000000000000000000e+00,-8.277577000000000851e+00,-2.144968999999999681e+00,3.311770999999999798e+00,-5.015276000000000067e+00,1.143991000000000113e+01,1.686064999999999969e+01,4.716091000000000122e+01,1.707731000000000066e+01,-1.344214000000000020e+00,5.257366999999999280e+01,4.340742999999999796e+01,4.785934000000000310e+01,4.071453999999999951e+02,0.000000000000000000e+00,0.000000000000000000e+00
-8.822288999999999604e+00,2.148291999999999646e+00,-3.319887999999999728e+00,-3.930494999999999628e+00,1.692708000000000013e+01,1.232471999999999923e+01,5.206242999999999910e+01,1.946457000000000193e+01,-4.357204000000000299e+00,3.642084000000000543e+01,4.811437999999999704e+01,6.412501999999999214e+01,4.205686000000000035e+02,0.000000000000000000e+00,0.000000000000000000e+00,-8.822288999999999604e+00,-2.148291999999999646e+00,3.319887999999999728e+00,-4.958581999999999823e+00,1.142226999999999926e+01,1.631607999999999947e+01,4.699705000000000155e+01,1.746696999999999989e+01,-1.272707999999999950e+00,5.388983999999999952e+01,4.386417000000000144e+01,4.739300000000000068e+01,4.069941000000000031e+02,0.000000000000000000e+00,0.000000000000000000e+00
-9.359744000000000952e+00,3.188887999999999945e+00,-2.840348000000000095e+00,-4.548508999999999247e+00,1.596737000000000073e+01,1.136693999999999960e+01,5.089900999999999698e+01,1.967942999999999998e+01,-4.054780000000000051e+00,3.674550999999999590e+01,4.831935000000000002e+01,6.350919000000000381e+01,4.193494000000000028e+02,0.000000000000000000e+00,0.000000000000000000e+00,-9.359744000000000952e+00,-3.188887999999999945e+00,2.840348000000000095e+00,-4.878957999999999906e+00,1.207463000000000086e+01,1.816858999999999824e+01,4.758180000000000121e+01,1.824971000000000032e+01,-8.389344000000000801e-01,5.533098000000000383e+01,4.485490999999999673e+01,4.721450999999999709e+01,4.071428000000000225e+02,0.000000000000000000e+00,0.000000000000000000e+00
-9.398471999999999937e+00,2.947950000000000070e+00,-2.320454000000000239e+00,-3.506510000000000016e+00,1.598820000000000086e+01,1.117295000000000016e+01,5.172017000000000309e+01,1.996030999999999977e+01,-3.427266999999999619e+00,3.788372999999999990e+01,4.811280000000000001e+01,6.328094000000000108e+01,4.206216999999999757e+02,0.000000000000000000e+00,0.000000000000000000e+00,-9.398471999999999937e+00,-2.947950000000000070e+00,2.320454000000000239e+00,-4.853733999999999327e+00,1.259268999999999927e+01,1.646849999999999881e+01,4.708234000000000208e+01,1.848867999999999867e+01,-1.971524999999999972e+00,5.642328000000000543e+01,4.508014000000000010e+01,4.738781999999999783e+01,4.075382000000000176e+02,0.000000000000000000e+00,0.000000000000000000e+00
-9.952355000000000729e+00,2.955824999999999925e+00,-2.326690999999999843e+00,-4.351255000000000095e+00,1.637715999999999994e+01,1.242251000000000083e+01,5.160284000000000049e+01,2.090904000000000096e+01,-3.208781999999999801e+00,3.846899000000000513e+01,4.841340000000000288e+01,6.352483000000000146e+01,4.204524999999999864e+02,0.000000000000000000e+00,0.000000000000000000e+00,-9.952355000000000729e+00,-2.955824999999999925e+00,2.326690999999999843e+00,-4.797641999999999740e+00,1.270883999999999858e+01,1.828340999999999994e+01,4.776852999999999838e+01,1.898851000000000155e+01,-1.748149000000000175e+00,5.678288000000000579e+01,4.562954000000000576e+01,4.711822000000000088e+01,4.076394000000000233e+02,0.000000000000000000e+00,0.000000000000000000e+00
-9.952355000000000729e+00,2.955824999999999925e+00,-2.326690999999999843e+00,-3.908526999999999862e+00,1.674569999999999936e+01,1.390337000000000067e+01,5.168997000000000241e+01,2.092589999999999861e+01,-3.612404000000000170e+00,3.891975000000000051e+01,4.852266999999999797e+01,6.321818999999999988e+01,4.206007000000000176e+02,0.000000000000000000e+00,0.000000000000000000e+00,-9.952355000000000729e+00,-2.955824999999999925e+00,2.326690999999999843e+00,-3.899223000000000106e+00,1.294674999999999976e+01,1.736880999999999986e+01,4.776597999999999900e+01,1.900369999999999848e+01,-1.819379999999999997e+00,5.760526999999999731e+01,4.596800999999999959e+01,4.783059000000000083e+01,4.079461000000000013e+02,0.000000000000000000e+00,0.000000000000000000e+00
-9.913419000000001091e+00,3.197395000000000209e+00,-2.847982000000000014e+00,-3.438012999999999764e+00,1.743965999999999994e+01,1.255926000000000009e+01,5.161049000000000575e+01,2.122614000000000090e+01,-4.067345999999999684e+00,3.970395999999999503e+01,4.920052000000000447e+01,6.309638000000000346e+01,4.212536000000000058e+02,0.000000000000000000e+00,0.000000000000000000e+00,-9.913419000000001091e+00,-3.197395000000000209e+00,2.847982000000000014e+00,-3.530553999999999970e+00,1.235379000000000005e+01,1.689752999999999972e+01,4.793295999999999424e+01,1.871206000000000103e+01,-1.658366999999999924e+00,5.892054999999999865e+01,4.594459000000000515e+01,4.702810000000000201e+01,4.074144000000000005e+02,0.000000000000000000e+00,0.000000000000000000e+00
-1.006606000000000023e+01,3.166936999999999891e+00,-2.820561000000000096e+00,-3.471327999999999747e+00,1.761102999999999952e+01,1.357390999999999970e+01,5.252134999999999820e+01,2.136120999999999981e+01,-4.453397999999999968e+00,3.991919999999999646e+01,4.920561000000000007e+01,6.368338000000000676e+01,4.207871999999999844e+02,0.000000000000000000e+00,0.000000000000000000e+00,-1.006606000000000023e+01,-3.166936999999999891e+00,2.820561000000000096e+00,-4.112293000000000198e+00,1.232421000000000078e+01,1.761054000000000030e+01,4.786542999999999637e+01,1.883659000000000106e+01,-1.566489999999999938e+00,5.883068000000000808e+01,4.612497000000000469e+01,4.740394000000000574e+01,4.075285000000000082e+02,0.000000000000000000e+00,0.000000000000000000e+00
-1.006606000000000023e+01,3.166936999999999891e+00,-2.820561000000000096e+00,-3.314462999999999937e+00,1.807910000000000039e+01,1.254953999999999859e+01,5.252134999999999820e+01,2.136120999999999981e+01,-4.453397999999999968e+00,3.982535000000000025e+01,4.916047999999999973e+01,6.371959000000000373e+01,4.212307000000000130e+02,0.000000000000000000e+00,0.000000000000000000e+00,-1.006606000000000023e+01,-3.166936999999999891e+00,2.820561000000000096e+00,-4.376808000000000476e+00,1.234173999999999971e+01,1.721302000000000021e+01,4.786542999999999637e+01,1.883659000000000106e+01,-1.566489999999999938e+00,5.874973000000000667e+01,4.641255000000000308e+01,4.758905999999999636e+01,4.076650000000000205e+02,0.000000000000000000e+00,0.000000000000000000e+00
-1.012103000000000108e+01,3.444650000000000212e+00,-2.061593999999999927e+00,-2.922762000000000082e+00,1.734157000000000082e+01,1.373682999999999943e+01,5.199145999999999646e+01,2.104883999999999844e+01,-3.703580999999999790e+00,3.963339000000000567e+01,4.868643000000000143e+01,6.320200999999999425e+01,4.209793999999999983e+02,0.000000000000000000e+00,0.000000000000000000e+00,-1.012103000000000108e+01,-3.444650000000000212e+00,2.061593999999999927e+00,-4.093327999999999633e+00,1.353725999999999985e+01,1.759729000000000099e+01,4.832005999999999801e+01,1.939102000000000103e+01,-2.114672000000000107e+00,5.845068000000000552e+01,4.677456000000000103e+01,4.845653000000000077e+01,4.084959000000000060e+02,0.000000000000000000e+00,0.000000000000000000e+00
-1.011531000000000091e+01,3.956641000000000297e+00,-1.818159000000000081e+00,-2.914852999999999916e+00,1.775492000000000203e+01,1.200058999999999898e+01,5.236259000000000441e+01,2.085876000000000019e+01,-4.218571999999999989e+00,3.871494000000000568e+01,4.842398000000000025e+01,6.342471999999999355e+01,4.218698999999999728e+02,0.000000000000000000e+00,0.000000000000000000e+00,-1.011531000000000091e+01,-3.956641000000000297e+00,1.818159000000000081e+00,-4.396830999999999712e+00,1.322137999999999813e+01,1.794866999999999990e+01,4.814426999999999879e+01,1.890583999999999776e+01,-2.122247999999999912e+00,5.889241999999999422e+01,4.691051999999999822e+01,4.778047999999999718e+01,4.079914999999999736e+02,0.000000000000000000e+00,0.000000000000000000e+00
-1.013813999999999993e+01,3.959980999999999973e+00,-1.818034999999999846e+00,-3.442946000000000062e+00,1.766798000000000002e+01,1.166703000000000046e+01,5.212819000000000358e+01,2.038628999999999891e+01,-4.434879000000000460e+00,3.697977999999999810e+01,4.765205999999999875e+01,6.392704000000000519e+01,4.204003000000000156e+02,0.000000000000000000e+00,0.000000000000000000e+00,-1.013813999999999993e+01,-3.959980999999999973e+00,1.818034999999999846e+00,-4.146665000000000489e+00,1.289897999999999989e+01,1.675185000000000102e+01,4.772677000000000191e+01,1.877361000000000146e+01,-2.007108999999999810e+00,5.783319000000000187e+01,4.643952000000000169e+01,4.778846000000000060e+01,4.078156999999999925e+02,0.000000000000000000e+00,0.000000000000000000e+00
-8.837972999999999857e+00,3.453998000000000346e+00,-2.069630000000000081e+00,-2.993927999999999923e+00,1.759502999999999773e+01,9.852408000000000499e+00,5.203445999999999572e+01,1.884798999999999936e+01,-4.873156999999999961e+00,3.500119000000000113e+01,4.660484999999999900e+01,6.397598000000000695e+01,4.211209000000000060e+02,0.000000000000000000e+00,0.000000000000000000e+00,-8.837972999999999857e+00,-3.453998000000000346e+00,2.069630000000000081e+00,-4.788742000000000054e+00,1.277018999999999949e+01,1.587294999999999945e+01,4.704542000000000002e+01,1.763603999999999772e+01,-2.426927999999999752e+00,5.602569000000000443e+01,4.473185999999999751e+01,4.779740999999999929e+01,4.069972999999999956e+02,0.000000000000000000e+00,0.000000000000000000e+00
-8.299869000000001051e+00,2.931519999999999904e+00,-2.307440000000000158e+00,-4.254673999999999623e+00,1.776768999999999821e+01,9.934808000000000305e+00,5.123459000000000430e+01,1.839270000000000138e+01,-4.523244999999999294e+00,3.237691999999999837e+01,4.510640999999999678e+01,6.405836999999999648e+01,4.198027000000000157e+02,0.000000000000000000e+00,0.000000000000000000e+00,-8.299869000000001051e+00,-2.931519999999999904e+00,2.307440000000000158e+00,-6.208052999999999599e+00,1.126520000000000010e+01,1.385552000000000028e+01,4.630619000000000085e+01,1.581864000000000026e+01,-2.264407999999999976e+00,5.238789000000000584e+01,4.373525000000000063e+01,4.794537000000000404e+01,4.060654000000000110e+02,0.000000000000000000e+00,0.000000000000000000e+00
-7.565479999999999983e+00,2.427600999999999676e+00,-2.566173000000000037e+00,-5.447367999999999988e+00,1.727459999999999951e+01,1.134868999999999950e+01,5.086790999999999485e+01,1.787458999999999776e+01,-4.116602999999999568e+00,2.980959000000000358e+01,4.398654000000000508e+01,6.302484000000000464e+01,4.200108999999999924e+02,0.000000000000000000e+00,0.000000000000000000e+00,-7.565479999999999983e+00,-2.427600999999999676e+00,2.566173000000000037e+00,-8.208599000000001311e+00,1.070188000000000095e+01,1.286345999999999989e+01,4.469102000000000174e+01,1.422792000000000101e+01,-1.603570999999999858e+00,4.841962999999999795e+01,4.175862000000000052e+01,4.658455999999999619e+01,4.043097999999999956e+02,0.000000000000000000e+00,0.000000000000000000e+00
