-7.241102e+00,1.541765e-01,-2.034645e+00,-1.327468e+01,-3.777930e+00,7.537358e+00,1.366620e+01,-9.616699e+00,-2.426999e+01,4.800700e+01,1.363404e+01,-4.647505e+01,-3.776547e+02,0,0,-7.241102e+00,-1.541765e-01,2.034645e+00,-1.462936e+01,-1.229830e+00,6.493544e+00,2.120058e+01,-7.856783e+00,-1.593955e+01,3.619860e+01,1.340203e+01,-1.483194e+01,-3.652923e+02,0,0
-7.241102e+00,1.541765e-01,-2.034645e+00,-1.324167e+01,-3.468182e+00,7.539638e+00,1.366620e+01,-9.616699e+00,-2.426999e+01,4.835892e+01,1.355456e+01,-4.681712e+01,-3.781626e+02,0,0,-7.241102e+00,-1.541765e-01,2.034645e+00,-1.468480e+01,-1.078049e+00,6.492376e+00,2.120058e+01,-7.856783e+00,-1.593955e+01,3.623647e+01,1.355727e+01,-1.485111e+01,-3.653471e+02,0,0
-7.241102e+00,1.541765e-01,-2.034645e+00,-1.327193e+01,-3.390224e+00,7.537709e+00,1.353772e+01,-9.638105e+00,-2.394908e+01,4.760219e+01,1.352365e+01,-4.608405e+01,-3.774227e+02,0,0,-7.241102e+00,-1.541765e-01,2.034645e+00,-1.465090e+01,-9.439104e-01,6.493163e+00,2.125375e+01,-7.870328e+00,-1.608916e+01,3.656428e+01,1.345679e+01,-1.515235e+01,-3.655862e+02,0,0
-7.241102e+00,1.541765e-01,-2.034645e+00,-1.327867e+01,-3.396796e+00,7.537260e+00,1.353772e+01,-9.638105e+00,-2.394908e+01,4.696299e+01,1.335717e+01,-4.546622e+01,-3.768557e+02,0,0,-7.241102e+00,-1.541765e-01,2.034645e+00,-1.481595e+01,-9.745042e-01,6.489580e+00,2.125375e+01,-7.870328e+00,-1.608916e+01,3.599881e+01,1.362032e+01,-1.458633e+01,-3.650031e+02,0,0
-7.148213e+00,1.509171e-01,-2.035062e+00,-1.330649e+01,-3.280366e+00,7.445305e+00,1.352230e+01,-9.659686e+00,-2.404079e+01,4.675440e+01,1.342208e+01,-4.523527e+01,-3.766439e+02,0,0,-7.148213e+00,-1.509171e-01,2.035062e+00,-1.466778e+01,-9.565507e-01,6.402840e+00,2.138913e+01,-7.876834e+00,-1.583402e+01,3.449316e+01,1.360184e+01,-1.298119e+01,-3.632059e+02,0,0
-7.167665e+00,-3.491565e-01,-2.310835e+00,-1.269232e+01,-3.398463e+00,7.514596e+00,1.401182e+01,-9.391756e+00,-2.410685e+01,4.701672e+01,1.363976e+01,-4.495418e+01,-3.763757e+02,0,0,-7.167665e+00,3.491565e-01,2.310835e+00,-1.513492e+01,-1.511312e+00,6.333133e+00,2.090273e+01,-8.133833e+00,-1.573312e+01,3.464661e+01,1.337506e+01,-1.365365e+01,-3.639632e+02,0,0
-7.167665e+00,-3.491565e-01,-2.310835e+00,-1.281247e+01,-3.384257e+00,8.432447e+00,1.492024e+01,-9.322994e+00,-2.414032e+01,4.532546e+01,1.458642e+01,-4.326390e+01,-3.738645e+02,0,0,-7.167665e+00,3.491565e-01,2.310835e+00,-1.517797e+01,-1.509375e+00,6.332024e+00,2.090273e+01,-8.133833e+00,-1.573312e+01,3.464661e+01,1.337506e+01,-1.365365e+01,-3.641235e+02,0,0
-7.167665e+00,-3.491565e-01,-2.310835e+00,-1.286699e+01,-3.260627e+00,8.456673e+00,1.492024e+01,-9.322994e+00,-2.414032e+01,4.457031e+01,1.510229e+01,-4.248934e+01,-3.726192e+02,0,0,-7.167665e+00,3.491565e-01,2.310835e+00,-1.517112e+01,-1.221114e+00,6.332262e+00,2.090273e+01,-8.133833e+00,-1.573312e+01,3.440847e+01,1.345490e+01,-1.348061e+01,-3.636560e+02,0,0
-7.167665e+00,-3.491565e-01,-2.310835e+00,-1.281658e+01,-3.523787e+00,8.310522e+00,1.488678e+01,-9.297180e+00,-2.401551e+01,4.389216e+01,1.529459e+01,-4.183494e+01,-3.719392e+02,0,0,-7.167665e+00,3.491565e-01,2.310835e+00,-1.553463e+01,-1.267442e+00,6.322759e+00,2.090273e+01,-8.133833e+00,-1.573312e+01,3.490122e+01,1.363935e+01,-1.390134e+01,-3.642172e+02,0,0
-7.167665e+00,-3.491565e-01,-2.310835e+00,-1.266718e+01,-3.691497e+00,7.516167e+00,1.494569e+01,-9.805221e+00,-2.402076e+01,4.245898e+01,1.539388e+01,-4.043045e+01,-3.706951e+02,0,0,-7.167665e+00,3.491565e-01,2.310835e+00,-1.536444e+01,-1.237032e+00,6.327245e+00,2.090273e+01,-8.133833e+00,-1.573312e+01,3.489923e+01,1.363657e+01,-1.389983e+01,-3.639538e+02,0,0
-7.167665e+00,-3.491565e-01,-2.310835e+00,-1.256413e+01,-3.257850e+00,8.237533e+00,1.494569e+01,-9.805221e+00,-2.402076e+01,4.330501e+01,1.547790e+01,-4.124138e+01,-3.714044e+02,0,0,-7.167665e+00,3.491565e-01,2.310835e+00,-1.540799e+01,-9.468434e-01,7.025465e+00,2.084922e+01,-8.120397e+00,-1.558236e+01,3.414130e+01,1.370581e+01,-1.323665e+01,-3.635590e+02,0,0
-7.167665e+00,-3.491565e-01,-2.310835e+00,-1.270765e+01,-3.661540e+00,7.513697e+00,1.496038e+01,-9.931674e+00,-2.422761e+01,4.220087e+01,1.630780e+01,-3.885434e+01,-3.676415e+02,0,0,-7.167665e+00,3.491565e-01,2.310835e+00,-1.529820e+01,-1.330830e+00,5.699368e+00,2.125162e+01,-8.665394e+00,-1.587597e+01,3.335129e+01,1.400050e+01,-1.246586e+01,-3.628560e+02,0,0
-7.241102e+00,1.541765e-01,-2.034645e+00,-1.309786e+01,-3.661004e+00,7.076175e+00,1.450973e+01,-1.035344e+01,-2.386930e+01,4.323631e+01,1.620840e+01,-3.884945e+01,-3.683541e+02,0,0,-7.241102e+00,-1.541765e-01,2.034645e+00,-1.462306e+01,-1.031060e+00,5.266231e+00,2.160184e+01,-8.402717e+00,-1.623287e+01,3.318428e+01,1.463721e+01,-1.130738e+01,-3.618825e+02,0,0
-7.241102e+00,1.541765e-01,-2.034645e+00,-1.276116e+01,-3.471923e+00,7.991855e+00,1.516143e+01,-1.037408e+01,-2.379022e+01,4.222009e+01,1.620109e+01,-3.790962e+01,-3.664812e+02,0,0,-7.241102e+00,-1.541765e-01,2.034645e+00,-1.439677e+01,-1.145523e+00,6.498486e+00,2.160184e+01,-8.402717e+00,-1.623287e+01,3.290656e+01,1.475052e+01,-1.076865e+01,-3.614972e+02,0,0
-7.241102e+00,1.541765e-01,-2.034645e+00,-1.272783e+01,-3.457510e+00,8.044544e+00,1.516143e+01,-1.037408e+01,-2.379022e+01,4.137427e+01,1.639375e+01,-3.677982e+01,-3.645501e+02,0,0,-7.241102e+00,-1.541765e-01,2.034645e+00,-1.460289e+01,-1.103444e+00,5.254123e+00,2.162124e+01,-8.546851e+00,-1.639933e+01,3.240591e+01,1.476461e+01,-1.038007e+01,-3.611950e+02,0,0
-7.333953e+00,1.574335e-01,-2.034223e+00,-1.272038e+01,-3.435181e+00,8.178830e+00,1.517787e+01,-1.034993e+01,-2.369902e+01,4.125238e+01,1.695619e+01,-3.613845e+01,-3.639723e+02,0,0,-7.333953e+00,-1.574335e-01,2.034223e+00,-1.512402e+01,-1.453334e+00,4.525006e+00,2.165060e+01,-9.016560e+00,-1.614651e+01,2.690338e+01,1.675421e+01,-7.213695e+00,-3.557286e+02,0,0
-7.338835e+00,9.148204e-01,-2.262402e+00,-1.346201e+01,-3.272996e+00,8.516118e+00,1.451147e+01,-1.002334e+01,-2.338340e+01,3.959376e+01,1.801686e+01,-3.393239e+01,-3.611002e+02,0,0,-7.338835e+00,-9.148204e-01,2.262402e+00,-1.493807e+01,-1.364432e+00,4.776378e+00,2.164648e+01,-9.301469e+00,-1.633377e+01,2.267937e+01,1.971989e+01,-3.205136e+00,-3.535435e+02,0,0
-7.432053e+00,9.187409e-01,-2.261925e+00,-1.341762e+01,-3.151486e+00,8.730146e+00,1.505744e+01,-1.008549e+01,-2.303741e+01,4.055646e+01,1.890393e+01,-3.303284e+01,-3.605216e+02,0,0,-7.432053e+00,-9.187409e-01,2.261925e+00,-1.544083e+01,-1.456159e+00,6.126246e+00,2.163255e+01,-9.329420e+00,-1.590951e+01,1.804843e+01,2.511824e+01,-9.350736e-01,-3.512319e+02,0,0
-7.909318e+00,1.442581e+00,-1.983056e+00,-1.393464e+01,-3.100953e+00,8.736451e+00,1.536697e+01,-9.650692e+00,-2.219317e+01,4.516431e+01,2.001243e+01,-3.561381e+01,-3.642518e+02,0,0,-7.909318e+00,-1.442581e+00,1.983056e+00,-1.580270e+01,-8.860457e-01,6.198701e+00,2.141334e+01,-8.276263e+00,-1.549831e+01,1.618506e+01,3.310520e+01,-8.709850e-01,-3.501829e+02,0,0
-7.973109e+00,1.415886e+00,-1.975141e+00,-1.192397e+01,-2.141704e-02,1.130825e+01,1.671948e+01,-9.653644e+00,-2.160604e+01,4.762681e+01,2.166268e+01,-3.512445e+01,-3.635340e+02,0,0,-7.973109e+00,-1.415886e+00,1.975141e+00,-1.518980e+01,2.543185e+00,6.412109e+00,2.107453e+01,-7.578648e+00,-1.558053e+01,1.495623e+01,3.961002e+01,-2.081384e+00,-3.530579e+02,0,0
-8.517161e+00,2.222939e+00,-2.189943e+00,-1.267417e+01,4.148677e-02,1.059790e+01,1.669441e+01,-8.831352e+00,-2.081932e+01,5.197018e+01,2.405019e+01,-3.703795e+01,-3.665213e+02,0,0,-8.517161e+00,-2.222939e+00,2.189943e+00,-1.595225e+01,2.671614e+00,7.109783e+00,2.100647e+01,-6.358232e+00,-1.567453e+01,1.592790e+01,4.572323e+01,-5.673988e+00,-3.553766e+02,0,0
-8.789608e+00,2.217019e+00,-2.188338e+00,-1.236263e+01,3.413571e-01,1.244803e+01,1.816011e+01,-8.191366e+00,-1.974360e+01,5.468749e+01,2.621251e+01,-3.714907e+01,-3.666205e+02,0,0,-8.789608e+00,-2.217019e+00,2.188338e+00,-1.711247e+01,2.404502e+00,8.813616e+00,2.090443e+01,-6.162053e+00,-1.503193e+01,1.488093e+01,5.106821e+01,-7.147850e+00,-3.570650e+02,0,0
-8.933632e+00,2.701701e+00,-1.925669e+00,-1.285105e+01,3.287024e-01,1.288645e+01,1.924428e+01,-7.877473e+00,-1.886279e+01,6.107003e+01,2.958075e+01,-3.935991e+01,-3.702200e+02,0,0,-8.933632e+00,-2.701701e+00,1.925669e+00,-1.727793e+01,3.359711e+00,9.407277e+00,2.115606e+01,-5.165065e+00,-1.529062e+01,1.482361e+01,5.579338e+01,-8.381689e+00,-3.578847e+02,0,0
-8.898694e+00,2.975187e+00,-2.421157e+00,-1.290485e+01,1.908802e+00,1.485234e+01,2.049121e+01,-6.213289e+00,-1.828007e+01,6.395350e+01,3.286155e+01,-3.803191e+01,-3.697609e+02,0,0,-8.898694e+00,-2.975187e+00,2.421157e+00,-1.759272e+01,3.261291e+00,8.123724e+00,2.130584e+01,-4.812465e+00,-1.538566e+01,1.518393e+01,5.937403e+01,-9.723104e+00,-3.589989e+02,0,0
-8.991358e+00,2.980109e+00,-2.420542e+00,-1.252448e+01,2.441381e+00,1.729439e+01,2.287823e+01,-5.089937e+00,-1.747881e+01,6.901625e+01,3.688036e+01,-3.733554e+01,-3.709708e+02,0,0,-8.991358e+00,-2.980109e+00,2.420542e+00,-1.798278e+01,3.518945e+00,1.040632e+01,2.110699e+01,-4.249225e+00,-1.544691e+01,1.434812e+01,6.322020e+01,-1.143239e+01,-3.602021e+02,0,0
-8.987081e+00,3.478517e+00,-2.144786e+00,-1.334580e+01,2.584794e+00,1.605634e+01,2.341858e+01,-4.239554e+00,-1.673569e+01,7.430780e+01,3.983922e+01,-3.913089e+01,-3.734304e+02,0,0,-8.987081e+00,-3.478517e+00,2.144786e+00,-1.780700e+01,4.080493e+00,8.956529e+00,2.171051e+01,-3.805568e+00,-1.605110e+01,1.416475e+01,6.693605e+01,-1.247814e+01,-3.613682e+02,0,0
-9.474032e+00,3.511780e+00,-2.141855e+00,-1.388719e+01,4.538978e+00,1.939823e+01,2.571506e+01,-2.393385e+00,-1.499490e+01,7.980733e+01,4.368962e+01,-4.025581e+01,-3.755457e+02,0,0,-9.474032e+00,-3.511780e+00,2.141855e+00,-1.852187e+01,3.945025e+00,8.803046e+00,2.166216e+01,-3.130592e+00,-1.584301e+01,1.371355e+01,7.202147e+01,-1.321777e+01,-3.626206e+02,0,0
-9.543226e+00,3.213670e+00,-1.651897e+00,-1.385130e+01,5.521962e+00,2.185357e+01,2.800550e+01,-3.819001e-01,-1.420240e+01,8.598678e+01,4.762573e+01,-4.211554e+01,-3.759589e+02,0,0,-9.543226e+00,-3.213670e+00,1.651897e+00,-1.912076e+01,5.129255e+00,1.060216e+01,2.110520e+01,-2.018877e+00,-1.543489e+01,1.309452e+01,7.656693e+01,-1.428652e+01,-3.634147e+02,0,0
-9.639528e+00,3.717359e+00,-1.374650e+00,-1.492569e+01,6.769739e+00,2.607732e+01,2.966587e+01,2.335654e+00,-1.299419e+01,8.866850e+01,5.048209e+01,-4.096460e+01,-3.727002e+02,0,0,-9.639528e+00,-3.717359e+00,1.374650e+00,-1.952864e+01,5.361941e+00,1.210298e+01,2.232406e+01,-1.081708e+00,-1.532470e+01,1.323009e+01,8.060914e+01,-1.551344e+01,-3.650709e+02,0,0
-9.632223e+00,4.215710e+00,-1.095803e+00,-1.584385e+01,7.768908e+00,2.862198e+01,3.080373e+01,4.536123e+00,-1.219980e+01,9.288685e+01,5.426720e+01,-4.126627e+01,-3.726780e+02,0,0,-9.632223e+00,-4.215710e+00,1.095803e+00,-1.941937e+01,6.510656e+00,1.241617e+01,2.272876e+01,-2.980705e-01,-1.567740e+01,1.397487e+01,8.440011e+01,-1.481620e+01,-3.646692e+02,0,0
-1.010400e+01,3.944873e+00,-5.954145e-01,-1.532390e+01,8.468557e+00,3.040807e+01,3.239777e+01,6.887657e+00,-1.115610e+01,9.645848e+01,5.707336e+01,-4.174632e+01,-3.724552e+02,0,0,-1.010400e+01,-3.944873e+00,5.954145e-01,-2.002891e+01,7.500383e+00,1.280298e+01,2.309315e+01,4.321788e-01,-1.509879e+01,1.384573e+01,8.696034e+01,-1.536069e+01,-3.647078e+02,0,0
-1.022564e+01,3.674753e+00,-1.036061e-01,-1.570043e+01,9.464762e+00,3.312244e+01,3.303595e+01,9.925324e+00,-1.000249e+01,1.004915e+02,5.991596e+01,-4.203978e+01,-3.727088e+02,0,0,-1.022564e+01,-3.674753e+00,1.036061e-01,-2.091460e+01,8.304066e+00,1.425217e+01,2.352312e+01,1.722495e+00,-1.494067e+01,1.352457e+01,8.893677e+01,-1.508034e+01,-3.642506e+02,0,0
-1.012886e+01,2.894228e+00,1.150035e-01,-1.535331e+01,9.753487e+00,3.685321e+01,3.442905e+01,1.264516e+01,-8.947820e+00,1.037107e+02,6.163172e+01,-4.219703e+01,-3.727940e+02,0,0,-1.012886e+01,-2.894228e+00,-1.150035e-01,-2.143026e+01,8.758644e+00,1.514841e+01,2.309852e+01,2.496008e+00,-1.525183e+01,1.303945e+01,9.005226e+01,-1.477227e+01,-3.637980e+02,0,0
-1.064229e+01,1.874068e+00,-4.367714e-01,-1.481084e+01,1.157866e+01,3.984368e+01,3.652824e+01,1.568242e+01,-8.262972e+00,1.070684e+02,6.428593e+01,-4.052328e+01,-3.715019e+02,0,0,-1.064229e+01,-1.874068e+00,4.367714e-01,-2.207473e+01,8.549770e+00,1.566852e+01,2.219035e+01,2.189236e+00,-1.450141e+01,1.240288e+01,9.035281e+01,-1.527223e+01,-3.635916e+02,0,0
-1.104374e+01,1.105851e+00,-2.193962e-01,-1.490525e+01,1.288901e+01,4.226056e+01,3.781760e+01,1.752011e+01,-6.958549e+00,1.091769e+02,6.523599e+01,-4.014810e+01,-3.704305e+02,0,0,-1.104374e+01,-1.105851e+00,2.193962e-01,-2.335567e+01,8.861526e+00,1.594627e+01,2.159334e+01,2.552896e+00,-1.421755e+01,1.199978e+01,9.127014e+01,-1.486853e+01,-3.641289e+02,0,0
-1.095109e+01,6.035667e-01,-4.945478e-01,-1.412283e+01,1.497004e+01,4.380642e+01,3.891691e+01,1.915417e+01,-6.516205e+00,1.097652e+02,6.499911e+01,-3.848543e+01,-3.685115e+02,0,0,-1.095109e+01,-6.035667e-01,4.945478e-01,-2.335009e+01,9.065907e+00,1.540941e+01,2.142826e+01,2.871604e+00,-1.434738e+01,1.146151e+01,9.139363e+01,-1.470442e+01,-3.639982e+02,0,0
-1.091541e+01,9.469331e-02,-7.734805e-01,-1.591169e+01,1.219430e+01,4.670060e+01,4.000922e+01,2.129621e+01,-6.294181e+00,1.109463e+02,6.599582e+01,-3.758611e+01,-3.676098e+02,0,0,-1.091541e+01,-9.469331e-02,7.734805e-01,-2.591551e+01,5.709547e+00,1.734045e+01,2.088276e+01,3.130403e+00,-1.373947e+01,1.110757e+01,9.207300e+01,-1.439232e+01,-3.627141e+02,0,0
-1.142713e+01,-4.015608e-01,-1.049865e+00,-1.592226e+01,1.286237e+01,4.866660e+01,4.078422e+01,2.241735e+01,-5.554667e+00,1.117731e+02,6.712765e+01,-3.671128e+01,-3.667945e+02,0,0,-1.142713e+01,4.015608e-01,1.049865e+00,-2.637245e+01,5.648429e+00,1.688155e+01,2.029167e+01,3.039613e+00,-1.329350e+01,1.102383e+01,9.225567e+01,-1.416425e+01,-3.634047e+02,0,0
-1.133512e+01,-4.030089e-01,-1.050204e+00,-1.588650e+01,1.335396e+01,4.931732e+01,4.118451e+01,2.342275e+01,-5.532948e+00,1.125160e+02,6.748506e+01,-3.632047e+01,-3.661155e+02,0,0,-1.133512e+01,4.030089e-01,1.050204e+00,-2.597461e+01,5.545058e+00,1.832203e+01,2.065135e+01,3.774946e+00,-1.355884e+01,1.077165e+01,9.286159e+01,-1.402491e+01,-3.632014e+02,0,0
-1.125666e+01,-9.077467e-01,-1.327220e+00,-1.596412e+01,1.356186e+01,4.907988e+01,4.148011e+01,2.403364e+01,-5.594857e+00,1.128261e+02,6.799570e+01,-3.522528e+01,-3.655112e+02,0,0,-1.125666e+01,9.077467e-01,1.327220e+00,-2.668432e+01,5.446190e+00,1.657755e+01,2.023029e+01,3.340145e+00,-1.353135e+01,1.043243e+01,9.301402e+01,-1.389873e+01,-3.629745e+02,0,0
-1.117617e+01,-1.687886e+00,-1.110080e+00,-1.541421e+01,1.355438e+01,5.040212e+01,4.236719e+01,2.450842e+01,-5.624250e+00,1.136572e+02,6.845695e+01,-3.549101e+01,-3.656413e+02,0,0,-1.117617e+01,1.687886e+00,1.110080e+00,-2.745083e+01,5.426638e+00,1.652761e+01,1.968869e+01,3.554075e+00,-1.337034e+01,9.714818e+00,9.338976e+01,-1.421823e+01,-3.627081e+02,0,0
-1.117617e+01,-1.687886e+00,-1.110080e+00,-1.591215e+01,1.370341e+01,5.127968e+01,4.256023e+01,2.517812e+01,-5.401373e+00,1.133678e+02,6.869991e+01,-3.509150e+01,-3.657604e+02,0,0,-1.117617e+01,1.687886e+00,1.110080e+00,-2.747730e+01,5.601889e+00,1.832589e+01,1.968869e+01,3.554075e+00,-1.337034e+01,9.624128e+00,9.366368e+01,-1.422953e+01,-3.627120e+02,0,0
-1.110433e+01,-2.191883e+00,-1.387665e+00,-1.556076e+01,1.420417e+01,5.129399e+01,4.335416e+01,2.584641e+01,-5.718365e+00,1.136909e+02,6.883648e+01,-3.483575e+01,-3.654233e+02,0,0,-1.110433e+01,2.191883e+00,1.387665e+00,-2.815052e+01,5.442448e+00,1.657726e+01,1.918547e+01,3.262479e+00,-1.335518e+01,9.104132e+00,9.357290e+01,-1.418509e+01,-3.624873e+02,0,0
-1.110433e+01,-2.191883e+00,-1.387665e+00,-1.594820e+01,1.340613e+01,5.247820e+01,4.308436e+01,2.597840e+01,-5.611366e+00,1.139017e+02,6.941799e+01,-3.497269e+01,-3.655967e+02,0,0,-1.110433e+01,2.191883e+00,1.387665e+00,-2.837454e+01,5.240641e+00,1.663455e+01,1.966976e+01,3.352835e+00,-1.338118e+01,9.135764e+00,9.367343e+01,-1.404132e+01,-3.624872e+02,0,0
-1.158913e+01,-2.191863e+00,-1.385323e+00,-1.606504e+01,1.369637e+01,5.296882e+01,4.283547e+01,2.678748e+01,-5.157994e+00,1.136118e+02,6.985428e+01,-3.468071e+01,-3.648837e+02,0,0,-1.158913e+01,2.191863e+00,1.385323e+00,-2.839385e+01,5.400713e+00,1.798675e+01,1.963103e+01,3.535364e+00,-1.293129e+01,8.841825e+00,9.395813e+01,-1.403005e+01,-3.626886e+02,0,0
-1.158913e+01,-2.191863e+00,-1.385323e+00,-1.634025e+01,1.354357e+01,5.339574e+01,4.283547e+01,2.678748e+01,-5.157994e+00,1.135830e+02,7.008523e+01,-3.440257e+01,-3.649526e+02,0,0,-1.158913e+01,2.191863e+00,1.385323e+00,-2.869427e+01,5.445291e+00,1.716724e+01,1.963103e+01,3.535364e+00,-1.293129e+01,8.901081e+00,9.394368e+01,-1.458156e+01,-3.627575e+02,0,0
-1.158913e+01,-2.191863e+00,-1.385323e+00,-1.633457e+01,1.355273e+01,5.337751e+01,4.283547e+01,2.678748e+01,-5.157994e+00,1.136552e+02,7.015793e+01,-3.443833e+01,-3.648720e+02,0,0,-1.158913e+01,2.191863e+00,1.385323e+00,-2.870879e+01,5.430384e+00,1.810170e+01,1.949768e+01,3.509431e+00,-1.256245e+01,8.847752e+00,9.414885e+01,-1.458729e+01,-3.628361e+02,0,0
-1.158913e+01,-2.191863e+00,-1.385323e+00,-1.621546e+01,1.348027e+01,5.291905e+01,4.283547e+01,2.678748e+01,-5.157994e+00,1.138087e+02,7.001761e+01,-3.433895e+01,-3.648400e+02,0,0,-1.158913e+01,2.191863e+00,1.385323e+00,-2.858956e+01,5.324161e+00,1.912970e+01,1.949768e+01,3.509431e+00,-1.256245e+01,8.713056e+00,9.431734e+01,-1.450363e+01,-3.629175e+02,0,0
-1.161430e+01,-2.694438e+00,-1.662317e+00,-1.578697e+01,1.363873e+01,5.310819e+01,4.342985e+01,2.699689e+01,-5.359874e+00,1.139124e+02,6.982488e+01,-3.392851e+01,-3.646058e+02,0,0,-1.161430e+01,2.694438e+00,1.662317e+00,-2.929770e+01,5.160943e+00,1.749960e+01,1.901964e+01,3.097954e+00,-1.230752e+01,8.289957e+00,9.395351e+01,-1.453121e+01,-3.631332e+02,0,0
-1.161430e+01,-2.694438e+00,-1.662317e+00,-1.602024e+01,1.385037e+01,5.309748e+01,4.350786e+01,2.650258e+01,-5.402295e+00,1.140633e+02,6.958426e+01,-3.425743e+01,-3.643716e+02,0,0,-1.161430e+01,2.694438e+00,1.662317e+00,-2.932351e+01,5.331568e+00,1.900355e+01,1.901964e+01,3.097954e+00,-1.230752e+01,8.303633e+00,9.396172e+01,-1.464760e+01,-3.632583e+02,0,0
-1.161430e+01,-2.694438e+00,-1.662317e+00,-1.592835e+01,1.365318e+01,5.311387e+01,4.350786e+01,2.650258e+01,-5.402295e+00,1.139609e+02,6.975678e+01,-3.421665e+01,-3.642400e+02,0,0,-1.161430e+01,2.694438e+00,1.662317e+00,-2.942546e+01,5.097459e+00,1.808906e+01,1.912185e+01,3.278981e+00,-1.282846e+01,8.289532e+00,9.390083e+01,-1.522982e+01,-3.633672e+02,0,0
-1.161430e+01,-2.694438e+00,-1.662317e+00,-1.604341e+01,1.383690e+01,5.327148e+01,4.364410e+01,2.631440e+01,-5.692842e+00,1.139921e+02,6.928350e+01,-3.378156e+01,-3.633496e+02,0,0,-1.161430e+01,2.694438e+00,1.662317e+00,-2.925338e+01,5.059879e+00,1.733885e+01,1.912185e+01,3.278981e+00,-1.282846e+01,8.480587e+00,9.375710e+01,-1.516956e+01,-3.636948e+02,0,0
-1.157033e+01,-2.192685e+00,-1.383105e+00,-1.594200e+01,1.412283e+01,5.219645e+01,4.367999e+01,2.503949e+01,-5.267171e+00,1.127075e+02,6.604707e+01,-3.311330e+01,-3.604413e+02,0,0,-1.157033e+01,2.192685e+00,1.383105e+00,-2.878897e+01,5.534867e+00,1.729871e+01,1.963178e+01,3.530459e+00,-1.294954e+01,8.993035e+00,9.415680e+01,-1.513279e+01,-3.638406e+02,0,0
-1.115800e+01,-1.688534e+00,-1.108298e+00,-1.574847e+01,1.465991e+01,4.930250e+01,4.344851e+01,2.314583e+01,-5.461570e+00,1.097936e+02,6.225773e+01,-3.270063e+01,-3.600012e+02,0,0,-1.115800e+01,1.688534e+00,1.108298e+00,-2.817630e+01,6.363529e+00,1.788286e+01,2.004039e+01,3.614392e+00,-1.304723e+01,9.310804e+00,9.431565e+01,-1.536106e+01,-3.637747e+02,0,0
-1.123454e+01,-1.184324e+00,-8.315090e-01,-1.623567e+01,1.440593e+01,4.919235e+01,4.322841e+01,2.310035e+01,-5.403123e+00,1.076877e+02,6.179918e+01,-3.111034e+01,-3.586212e+02,0,0,-1.123454e+01,1.184324e+00,8.315090e-01,-2.770901e+01,6.473431e+00,1.764644e+01,2.005877e+01,3.815111e+00,-1.303173e+01,9.713089e+00,9.476028e+01,-1.586424e+01,-3.639118e+02,0,0
-1.125284e+01,-1.183829e+00,-8.328458e-01,-1.599168e+01,1.436352e+01,4.951331e+01,4.319553e+01,2.329082e+01,-5.466018e+00,1.077301e+02,6.183832e+01,-3.110612e+01,-3.604530e+02,0,0,-1.125284e+01,1.183829e+00,8.328458e-01,-2.784093e+01,6.465551e+00,1.757855e+01,2.014524e+01,3.676561e+00,-1.273632e+01,9.730199e+00,9.477815e+01,-1.587384e+01,-3.640224e+02,0,0
-1.123454e+01,-1.184324e+00,-8.315090e-01,-1.617876e+01,1.484705e+01,5.077300e+01,4.317614e+01,2.436280e+01,-5.089193e+00,1.118128e+02,6.462871e+01,-3.444407e+01,-3.649230e+02,0,0,-1.123454e+01,1.184324e+00,8.315090e-01,-2.770144e+01,6.626115e+00,1.731547e+01,2.057378e+01,3.750118e+00,-1.291171e+01,9.787305e+00,9.496846e+01,-1.595899e+01,-3.638680e+02,0,0
-1.173344e+01,-1.687247e+00,-1.106052e+00,-1.608112e+01,1.586936e+01,5.241850e+01,4.381094e+01,2.619841e+01,-4.998095e+00,1.138959e+02,6.591271e+01,-3.558191e+01,-3.668498e+02,0,0,-1.173344e+01,1.687247e+00,1.106052e+00,-2.785986e+01,6.090054e+00,1.886400e+01,1.992284e+01,4.194618e+00,-1.235366e+01,9.347358e+00,9.491373e+01,-1.701345e+01,-3.648153e+02,0,0
-1.197421e+01,-2.446887e+00,-8.928891e-01,-1.543328e+01,1.579325e+01,5.364549e+01,4.386236e+01,2.697860e+01,-4.405965e+00,1.157265e+02,6.760249e+01,-3.631972e+01,-3.692171e+02,0,0,-1.197421e+01,2.446887e+00,8.928891e-01,-2.850632e+01,6.008611e+00,1.890929e+01,1.914849e+01,4.479706e+00,-1.221320e+01,8.619163e+00,9.523585e+01,-1.713918e+01,-3.648220e+02,0,0
-1.188223e+01,-2.447299e+00,-8.931913e-01,-1.555635e+01,1.590085e+01,5.380413e+01,4.419000e+01,2.767724e+01,-4.675055e+00,1.178366e+02,6.908479e+01,-3.886250e+01,-3.723416e+02,0,0,-1.188223e+01,2.447299e+00,8.931913e-01,-2.900403e+01,5.749514e+00,1.707000e+01,1.929998e+01,4.473384e+00,-1.198295e+01,8.729193e+00,9.523482e+01,-1.700694e+01,-3.646364e+02,0,0
-1.185921e+01,-2.470305e+00,-7.978261e-01,-1.536676e+01,1.670815e+01,5.483279e+01,4.464492e+01,2.830090e+01,-4.520453e+00,1.181311e+02,6.953171e+01,-3.934141e+01,-3.734860e+02,0,0,-1.185921e+01,2.470305e+00,7.978261e-01,-2.895220e+01,5.557808e+00,1.700979e+01,1.928152e+01,4.554753e+00,-1.203632e+01,8.816317e+00,9.524034e+01,-1.693484e+01,-3.648866e+02,0,0
-1.232232e+01,-2.755971e+00,-3.026298e-01,-1.510384e+01,1.634146e+01,5.528544e+01,4.439053e+01,2.836398e+01,-3.986915e+00,1.184687e+02,7.009770e+01,-3.996861e+01,-3.734068e+02,0,0,-1.232232e+01,2.755971e+00,3.026298e-01,-2.917314e+01,5.793836e+00,2.014422e+01,1.896880e+01,5.193231e+00,-1.177003e+01,8.664565e+00,9.577408e+01,-1.724636e+01,-3.650723e+02,0,0
-1.232232e+01,-2.755971e+00,-3.026298e-01,-1.593590e+01,1.553892e+01,5.409271e+01,4.401265e+01,2.809400e+01,-3.742145e+00,1.176187e+02,7.009538e+01,-3.922927e+01,-3.665362e+02,0,0,-1.232232e+01,2.755971e+00,3.026298e-01,-2.965196e+01,5.685213e+00,1.980125e+01,1.902058e+01,4.662217e+00,-1.162640e+01,8.887802e+00,9.558634e+01,-1.716102e+01,-3.654786e+02,0,0
-1.232232e+01,-2.755971e+00,-3.026298e-01,-1.717243e+01,1.510688e+01,5.413548e+01,4.349770e+01,2.722355e+01,-3.427692e+00,1.135106e+02,6.659710e+01,-3.638139e+01,-3.638634e+02,0,0,-1.232232e+01,2.755971e+00,3.026298e-01,-2.962439e+01,5.879251e+00,1.891859e+01,1.905214e+01,4.507995e+00,-1.147859e+01,8.909340e+00,9.549877e+01,-1.716071e+01,-3.653838e+02,0,0
-1.191771e+01,-2.247149e+00,-2.632455e-02,-1.737832e+01,1.398845e+01,5.237300e+01,4.320744e+01,2.499672e+01,-3.704494e+00,1.101040e+02,6.375380e+01,-3.433844e+01,-3.611981e+02,0,0,-1.191771e+01,2.247149e+00,2.632455e-02,-2.898654e+01,6.252510e+00,1.905369e+01,1.959929e+01,4.618773e+00,-1.194574e+01,9.257636e+00,9.601609e+01,-1.735910e+01,-3.649012e+02,0,0
-1.193459e+01,-1.971440e+00,-5.207400e-01,-1.766916e+01,1.351743e+01,5.167679e+01,4.238897e+01,2.385491e+01,-4.096682e+00,1.073476e+02,6.254244e+01,-3.301063e+01,-3.613877e+02,0,0,-1.193459e+01,1.971440e+00,5.207400e-01,-2.835255e+01,5.792631e+00,1.943532e+01,1.992558e+01,4.174416e+00,-1.140442e+01,1.058902e+01,9.612552e+01,-1.696387e+01,-3.648822e+02,0,0
-1.169052e+01,-1.464501e+00,-3.366106e-01,-1.759467e+01,1.366925e+01,4.827678e+01,4.165726e+01,2.207824e+01,-3.676336e+00,1.034837e+02,6.155417e+01,-3.146559e+01,-3.597283e+02,0,0,-1.169052e+01,1.464501e+00,3.366106e-01,-2.797685e+01,6.554994e+00,2.001066e+01,2.035369e+01,4.781473e+00,-1.168447e+01,1.110032e+01,9.639797e+01,-1.726957e+01,-3.646191e+02,0,0
-1.123454e+01,-1.184324e+00,-8.315090e-01,-1.789284e+01,1.422456e+01,4.890892e+01,4.131566e+01,2.151053e+01,-4.873993e+00,9.981114e+01,6.090972e+01,-2.876889e+01,-3.570128e+02,0,0,-1.123454e+01,1.184324e+00,8.315090e-01,-2.715285e+01,6.458044e+00,1.927373e+01,2.065781e+01,4.149387e+00,-1.193244e+01,1.140736e+01,9.590668e+01,-1.691937e+01,-3.646300e+02,0,0
-1.171802e+01,-1.183749e+00,-8.300879e-01,-1.810504e+01,1.339501e+01,4.829512e+01,4.066474e+01,2.168636e+01,-4.557065e+00,9.900054e+01,6.183686e+01,-2.774307e+01,-3.566488e+02,0,0,-1.171802e+01,1.183749e+00,8.300879e-01,-2.737813e+01,6.422830e+00,1.940338e+01,2.123581e+01,4.448529e+00,-1.188455e+01,1.165186e+01,9.604099e+01,-1.716598e+01,-3.650569e+02,0,0
-1.204507e+01,-1.172415e+00,-8.331838e-01,-1.841282e+01,1.317053e+01,5.014021e+01,3.993368e+01,2.242425e+01,-3.699826e+00,1.012023e+02,6.352672e+01,-2.925664e+01,-3.608826e+02,0,0,-1.204507e+01,1.172415e+00,8.331838e-01,-2.742924e+01,5.905531e+00,1.902573e+01,2.132589e+01,4.752254e+00,-1.170057e+01,1.202808e+01,9.625993e+01,-1.743312e+01,-3.653932e+02,0,0
-1.204507e+01,-1.172415e+00,-8.331838e-01,-1.852707e+01,1.316001e+01,5.157266e+01,4.004326e+01,2.396186e+01,-3.719624e+00,1.055004e+02,6.596771e+01,-3.264981e+01,-3.621923e+02,0,0,-1.204507e+01,1.172415e+00,8.331838e-01,-2.745811e+01,6.076285e+00,1.771250e+01,2.132589e+01,4.752254e+00,-1.170057e+01,1.231983e+01,9.629452e+01,-1.727936e+01,-3.653443e+02,0,0
-1.195702e+01,-1.948479e+00,-6.156142e-01,-1.853105e+01,1.402152e+01,5.299501e+01,4.090794e+01,2.607804e+01,-3.281606e+00,1.099759e+02,6.702312e+01,-3.478787e+01,-3.663632e+02,0,0,-1.195702e+01,1.948479e+00,6.156142e-01,-2.810425e+01,5.978418e+00,1.994030e+01,2.056523e+01,4.918231e+00,-1.186945e+01,1.166036e+01,9.649866e+01,-1.722396e+01,-3.650840e+02,0,0
-1.183934e+01,-2.745199e+00,-3.031729e-01,-1.786882e+01,1.461563e+01,5.476276e+01,4.220703e+01,2.713192e+01,-3.478803e+00,1.135043e+02,6.920187e+01,-3.675883e+01,-3.680149e+02,0,0,-1.183934e+01,2.745199e+00,3.031729e-01,-2.943073e+01,6.041342e+00,2.007480e+01,1.976308e+01,4.996599e+00,-1.178925e+01,1.100892e+01,9.687785e+01,-1.713211e+01,-3.651548e+02,0,0
-1.232232e+01,-2.755971e+00,-3.026298e-01,-1.755457e+01,1.543896e+01,5.543664e+01,4.218645e+01,2.874860e+01,-3.102091e+00,1.145651e+02,7.012629e+01,-3.707416e+01,-3.677293e+02,0,0,-1.232232e+01,2.755971e+00,3.026298e-01,-2.920020e+01,5.639692e+00,2.083315e+01,1.957733e+01,5.155667e+00,-1.096879e+01,1.084365e+01,9.680602e+01,-1.766670e+01,-3.656018e+02,0,0
-1.174742e+01,-2.744611e+00,-3.032742e-01,-1.643855e+01,1.658844e+01,5.523391e+01,4.356200e+01,2.899375e+01,-3.916876e+00,1.167229e+02,6.939838e+01,-3.752199e+01,-3.686383e+02,0,0,-1.174742e+01,2.744611e+00,3.032742e-01,-2.893961e+01,5.585303e+00,1.875858e+01,1.963865e+01,4.936390e+00,-1.150226e+01,1.063556e+01,9.669569e+01,-1.722334e+01,-3.652349e+02,0,0
-1.223073e+01,-2.755338e+00,-3.027348e-01,-1.679987e+01,1.651228e+01,5.533077e+01,4.381708e+01,2.924150e+01,-3.735083e+00,1.165889e+02,6.917795e+01,-3.713912e+01,-3.647566e+02,0,0,-1.223073e+01,2.755338e+00,3.027348e-01,-2.929497e+01,5.458331e+00,1.886759e+01,1.958606e+01,5.120761e+00,-1.105381e+01,1.080965e+01,9.665173e+01,-1.759618e+01,-3.657753e+02,0,0
-1.179553e+01,-3.019230e+00,1.914390e-01,-1.741288e+01,1.488961e+01,5.479461e+01,4.280585e+01,2.719999e+01,-3.076485e+00,1.136931e+02,6.750089e+01,-3.621394e+01,-3.632317e+02,0,0,-1.179553e+01,3.019230e+00,-1.914390e-01,-2.971041e+01,6.110027e+00,2.195040e+01,1.940258e+01,5.277100e+00,-1.178965e+01,1.033947e+01,9.660032e+01,-1.714191e+01,-3.652868e+02,0,0
-1.178504e+01,-2.520207e+00,4.676878e-01,-1.815091e+01,1.384270e+01,5.233774e+01,4.192837e+01,2.560593e+01,-3.015582e+00,1.091735e+02,6.565068e+01,-3.426442e+01,-3.640650e+02,0,0,-1.178504e+01,2.520207e+00,-4.676878e-01,-2.914557e+01,6.474419e+00,2.038649e+01,1.994099e+01,5.377276e+00,-1.175075e+01,1.077594e+01,9.705194e+01,-1.779678e+01,-3.654045e+02,0,0
-1.155088e+01,-2.548649e+00,4.658006e-01,-1.778623e+01,1.385344e+01,5.126513e+01,4.231115e+01,2.393018e+01,-3.902304e+00,1.083567e+02,6.387244e+01,-3.452713e+01,-3.638541e+02,0,0,-1.155088e+01,2.548649e+00,-4.658006e-01,-2.893713e+01,6.963165e+00,2.006543e+01,1.993075e+01,5.286086e+00,-1.196720e+01,1.082100e+01,9.712927e+01,-1.754986e+01,-3.651804e+02,0,0
-1.109029e+01,-2.259835e+00,-2.622902e-02,-1.806130e+01,1.358979e+01,4.944463e+01,4.135844e+01,2.256016e+01,-4.254473e+00,1.043173e+02,6.145417e+01,-3.280431e+01,-3.625832e+02,0,0,-1.109029e+01,2.259835e+00,2.622902e-02,-2.873454e+01,6.515434e+00,1.731746e+01,2.024019e+01,4.647419e+00,-1.222580e+01,1.122192e+01,9.674953e+01,-1.699219e+01,-3.646397e+02,0,0
-1.109029e+01,-2.259835e+00,-2.622902e-02,-1.770281e+01,1.305362e+01,4.915749e+01,4.101101e+01,2.142990e+01,-4.545643e+00,1.023798e+02,6.063247e+01,-3.248320e+01,-3.621663e+02,0,0,-1.109029e+01,2.259835e+00,2.622902e-02,-2.850452e+01,6.714735e+00,1.971724e+01,2.024019e+01,4.647419e+00,-1.222580e+01,1.122216e+01,9.674155e+01,-1.700282e+01,-3.646263e+02,0,0
-1.109961e+01,-1.756327e+00,2.497228e-01,-1.827194e+01,1.242073e+01,4.833437e+01,4.008466e+01,2.041739e+01,-3.935484e+00,9.996594e+01,6.074126e+01,-3.107019e+01,-3.608141e+02,0,0,-1.109961e+01,1.756327e+00,-2.497228e-01,-2.778618e+01,6.722733e+00,1.895296e+01,2.069729e+01,5.208567e+00,-1.229443e+01,1.173046e+01,9.715216e+01,-1.694307e+01,-3.646169e+02,0,0
-1.111357e+01,-1.482209e+00,-2.436071e-01,-1.861342e+01,1.276172e+01,4.732574e+01,3.950977e+01,2.016202e+01,-4.404479e+00,9.790974e+01,6.025864e+01,-3.008419e+01,-3.592972e+02,0,0,-1.111357e+01,1.482209e+00,2.436071e-01,-2.771265e+01,6.725126e+00,1.931383e+01,2.164352e+01,4.881154e+00,-1.215946e+01,1.194869e+01,9.673248e+01,-1.703357e+01,-3.646807e+02,0,0
-1.111357e+01,-1.482209e+00,-2.436071e-01,-1.862987e+01,1.250167e+01,4.709931e+01,3.973915e+01,2.020775e+01,-4.577760e+00,9.805013e+01,6.041380e+01,-3.017093e+01,-3.605930e+02,0,0,-1.111357e+01,1.482209e+00,2.436071e-01,-2.761973e+01,6.796063e+00,1.914281e+01,2.164352e+01,4.881154e+00,-1.215946e+01,1.202710e+01,9.663836e+01,-1.713463e+01,-3.648052e+02,0,0
-1.111357e+01,-1.482209e+00,-2.436071e-01,-1.866244e+01,1.237641e+01,4.830993e+01,3.973915e+01,2.020775e+01,-4.577760e+00,9.871283e+01,6.060327e+01,-3.112553e+01,-3.624583e+02,0,0,-1.111357e+01,1.482209e+00,2.436071e-01,-2.753647e+01,6.775325e+00,1.911102e+01,2.164352e+01,4.881154e+00,-1.215946e+01,1.227700e+01,9.668929e+01,-1.702437e+01,-3.646581e+02,0,0
-1.111357e+01,-1.482209e+00,-2.436071e-01,-1.916506e+01,1.251512e+01,4.663394e+01,3.951233e+01,2.070222e+01,-4.647538e+00,1.001441e+02,6.119062e+01,-3.205808e+01,-3.630311e+02,0,0,-1.111357e+01,1.482209e+00,2.436071e-01,-2.736865e+01,7.008296e+00,1.901780e+01,2.177663e+01,4.904530e+00,-1.252908e+01,1.227354e+01,9.664847e+01,-1.702969e+01,-3.645519e+02,0,0
-1.111357e+01,-1.482209e+00,-2.436071e-01,-1.963075e+01,1.261309e+01,4.934716e+01,3.935520e+01,2.209497e+01,-4.280251e+00,1.017041e+02,6.194999e+01,-3.289890e+01,-3.647736e+02,0,0,-1.111357e+01,1.482209e+00,2.436071e-01,-2.768320e+01,6.832969e+00,1.902653e+01,2.177663e+01,4.904530e+00,-1.252908e+01,1.250077e+01,9.669423e+01,-1.696492e+01,-3.646562e+02,0,0
-1.112528e+01,-1.985855e+00,-5.196827e-01,-1.945393e+01,1.338641e+01,5.006071e+01,4.018265e+01,2.367666e+01,-4.751422e+00,1.049350e+02,6.412660e+01,-3.382274e+01,-3.658903e+02,0,0,-1.112528e+01,1.985855e+00,5.196827e-01,-2.796652e+01,6.494496e+00,2.106573e+01,2.126381e+01,4.651094e+00,-1.241980e+01,1.213008e+01,9.635674e+01,-1.697981e+01,-3.647871e+02,0,0
-1.183934e+01,-2.745199e+00,-3.031729e-01,-1.885936e+01,1.352570e+01,5.312457e+01,4.083574e+01,2.527006e+01,-3.387518e+00,1.078542e+02,6.624483e+01,-3.444817e+01,-3.652967e+02,0,0,-1.183934e+01,2.745199e+00,3.031729e-01,-2.866256e+01,5.905663e+00,1.921248e+01,2.038777e+01,5.119198e+00,-1.197879e+01,1.140901e+01,9.674589e+01,-1.759174e+01,-3.654407e+02,0,0
-1.170375e+01,-3.017790e+00,1.915026e-01,-1.922569e+01,1.348974e+01,5.461645e+01,4.058578e+01,2.645028e+01,-2.554516e+00,1.102778e+02,6.800674e+01,-3.612188e+01,-3.670250e+02,0,0,-1.170375e+01,3.017790e+00,-1.915026e-01,-2.882414e+01,6.273648e+00,1.973310e+01,2.018046e+01,5.387643e+00,-1.175862e+01,1.120414e+01,9.700949e+01,-1.752066e+01,-3.652776e+02,0,0
-1.170375e+01,-3.017790e+00,1.915026e-01,-1.936307e+01,1.433992e+01,5.472020e+01,4.084946e+01,2.715161e+01,-2.704067e+00,1.116918e+02,6.923789e+01,-3.648861e+01,-3.671195e+02,0,0,-1.170375e+01,3.017790e+00,-1.915026e-01,-2.859382e+01,6.131427e+00,1.966845e+01,2.020986e+01,5.232427e+00,-1.161499e+01,1.151569e+01,9.688023e+01,-1.751584e+01,-3.652945e+02,0,0
-1.171905e+01,-3.516478e+00,-8.508631e-02,-1.856794e+01,1.508777e+01,5.577926e+01,4.170709e+01,2.804788e+01,-3.034101e+00,1.123599e+02,6.962192e+01,-3.636519e+01,-3.667779e+02,0,0,-1.171905e+01,3.516478e+00,8.508631e-02,-2.886810e+01,5.788272e+00,2.000712e+01,1.970145e+01,4.978639e+00,-1.150566e+01,1.110242e+01,9.652737e+01,-1.755464e+01,-3.654117e+02,0,0
-1.220161e+01,-3.532437e+00,-8.493617e-02,-1.873329e+01,1.496351e+01,5.627589e+01,4.168198e+01,2.832693e+01,-2.379375e+00,1.126467e+02,7.027675e+01,-3.635195e+01,-3.662945e+02,0,0,-1.220161e+01,3.532437e+00,8.493617e-02,-2.892432e+01,5.378623e+00,2.069682e+01,1.958759e+01,5.156522e+00,-1.089751e+01,1.099357e+01,9.663525e+01,-1.804218e+01,-3.659152e+02,0,0
-1.218626e+01,-3.033453e+00,1.911641e-01,-1.945213e+01,1.481491e+01,5.487686e+01,4.109172e+01,2.811000e+01,-2.186317e+00,1.119159e+02,7.007887e+01,-3.631792e+01,-3.649236e+02,0,0,-1.218626e+01,3.033453e+00,-1.911641e-01,-2.858580e+01,5.726885e+00,2.065815e+01,2.015891e+01,5.423214e+00,-1.086939e+01,1.138748e+01,9.689472e+01,-1.858686e+01,-3.658635e+02,0,0
-1.227771e+01,-3.034936e+00,1.910982e-01,-1.983556e+01,1.389319e+01,5.548982e+01,4.074426e+01,2.749166e+01,-2.574364e+00,1.102248e+02,6.905340e+01,-3.516717e+01,-3.664163e+02,0,0,-1.227771e+01,3.034936e+00,-1.910982e-01,-2.866567e+01,5.545980e+00,2.106430e+01,2.014972e+01,5.459163e+00,-1.078492e+01,1.108546e+01,9.678354e+01,-1.868450e+01,-3.663128e+02,0,0
-1.178504e+01,-2.520207e+00,4.676878e-01,-2.008047e+01,1.322879e+01,5.394209e+01,4.001961e+01,2.580274e+01,-2.942775e+00,1.083364e+02,6.745181e+01,-3.535090e+01,-3.662209e+02,0,0,-1.178504e+01,2.520207e+00,-4.676878e-01,-2.803636e+01,5.714415e+00,2.058392e+01,2.071469e+01,5.523158e+00,-1.133958e+01,1.163127e+01,9.692301e+01,-1.827999e+01,-3.658429e+02,0,0
-1.178504e+01,-2.520207e+00,4.676878e-01,-1.984768e+01,1.263494e+01,5.328495e+01,3.988506e+01,2.448532e+01,-2.950334e+00,1.063497e+02,6.589464e+01,-3.533493e+01,-3.650330e+02,0,0,-1.178504e+01,2.520207e+00,-4.676878e-01,-2.814266e+01,5.861815e+00,1.997552e+01,2.074403e+01,5.367894e+00,-1.119873e+01,1.142861e+01,9.689296e+01,-1.836808e+01,-3.658532e+02,0,0
-1.189836e+01,-2.246986e+00,-2.628242e-02,-1.983236e+01,1.220158e+01,5.048399e+01,3.953845e+01,2.307431e+01,-3.584444e+00,1.034449e+02,6.403513e+01,-3.379962e+01,-3.646358e+02,0,0,-1.189836e+01,2.246986e+00,2.628242e-02,-2.764541e+01,5.756419e+00,1.980802e+01,2.099248e+01,4.950686e+00,-1.091851e+01,1.179314e+01,9.636245e+01,-1.853744e+01,-3.660234e+02,0,0
-1.186089e+01,-2.250984e+00,-2.620093e-02,-2.009379e+01,1.176564e+01,4.770853e+01,3.839160e+01,2.102449e+01,-4.163664e+00,1.005421e+02,6.176873e+01,-3.390480e+01,-3.642599e+02,0,0,-1.186089e+01,2.250984e+00,2.620093e-02,-2.795633e+01,5.798492e+00,2.059166e+01,2.099148e+01,4.935979e+00,-1.095309e+01,1.179368e+01,9.606431e+01,-1.845930e+01,-3.661299e+02,0,0
-1.110830e+01,-2.259985e+00,-2.627110e-02,-1.952437e+01,1.119018e+01,4.628163e+01,3.804296e+01,1.891643e+01,-4.992199e+00,9.814895e+01,5.905568e+01,-3.383055e+01,-3.649084e+02,0,0,-1.110830e+01,2.259985e+00,2.627110e-02,-2.741209e+01,6.629768e+00,1.669783e+01,2.104073e+01,4.638567e+00,-1.164685e+01,1.195935e+01,9.561221e+01,-1.769585e+01,-3.654627e+02,0,0
-1.112528e+01,-1.985855e+00,-5.196827e-01,-1.949314e+01,1.151655e+01,4.467473e+01,3.760423e+01,1.797053e+01,-5.714785e+00,9.555171e+01,5.753580e+01,-3.281582e+01,-3.639663e+02,0,0,-1.112528e+01,1.985855e+00,5.196827e-01,-2.710219e+01,6.332561e+00,1.900625e+01,2.129973e+01,4.185639e+00,-1.145127e+01,1.229446e+01,9.522718e+01,-1.793806e+01,-3.654366e+02,0,0
-1.112829e+01,-1.963649e+00,-6.133800e-01,-1.944576e+01,1.053377e+01,4.271076e+01,3.674811e+01,1.613512e+01,-5.687188e+00,9.301704e+01,5.572130e+01,-3.270186e+01,-3.635341e+02,0,0,-1.112829e+01,1.963649e+00,6.133800e-01,-2.724954e+01,5.558988e+00,1.863931e+01,2.138686e+01,3.733095e+00,-1.156167e+01,1.237002e+01,9.493815e+01,-1.795910e+01,-3.656615e+02,0,0
-1.114639e+01,-1.963368e+00,-6.143652e-01,-1.896490e+01,9.987059e+00,4.051593e+01,3.561506e+01,1.436070e+01,-6.178598e+00,8.985167e+01,5.317112e+01,-3.187408e+01,-3.626986e+02,0,0,-1.114639e+01,1.963368e+00,6.143652e-01,-2.704068e+01,5.703810e+00,1.921554e+01,2.132773e+01,3.729026e+00,-1.138130e+01,1.263858e+01,9.388358e+01,-1.769480e+01,-3.657778e+02,0,0
-1.115800e+01,-1.688534e+00,-1.108298e+00,-1.878968e+01,1.029642e+01,3.967204e+01,3.487441e+01,1.294083e+01,-6.550031e+00,8.644117e+01,5.093425e+01,-3.141741e+01,-3.614335e+02,0,0,-1.115800e+01,1.688534e+00,1.108298e+00,-2.657586e+01,5.088763e+00,1.821362e+01,2.172217e+01,3.300314e+00,-1.155433e+01,1.308134e+01,9.260911e+01,-1.741101e+01,-3.654174e+02,0,0
-1.110468e+01,-1.682893e+00,-1.103076e+00,-1.814589e+01,9.564438e+00,3.750034e+01,3.397494e+01,1.115480e+01,-7.376465e+00,8.449094e+01,4.836728e+01,-3.198722e+01,-3.612431e+02,0,0,-1.110468e+01,1.682893e+00,1.103076e+00,-2.629932e+01,5.131714e+00,1.751433e+01,2.168726e+01,2.736925e+00,-1.192694e+01,1.342982e+01,9.134814e+01,-1.707643e+01,-3.655541e+02,0,0
-1.063875e+01,-1.682582e+00,-1.106631e+00,-1.793537e+01,9.608696e+00,3.517822e+01,3.316648e+01,8.844179e+00,-7.762886e+00,8.092004e+01,4.520305e+01,-3.078375e+01,-3.606046e+02,0,0,-1.063875e+01,1.682582e+00,1.106631e+00,-2.615393e+01,5.287890e+00,1.723410e+01,2.171623e+01,2.548730e+00,-1.235364e+01,1.259354e+01,8.928087e+01,-1.693816e+01,-3.650524e+02,0,0
-1.064557e+01,-1.408001e+00,-1.599545e+00,-1.803131e+01,9.245815e+00,3.419469e+01,3.180740e+01,8.040511e+00,-8.385234e+00,7.665668e+01,4.305325e+01,-2.940805e+01,-3.590224e+02,0,0,-1.064557e+01,1.408001e+00,1.599545e+00,-2.552300e+01,4.781086e+00,1.742378e+01,2.217732e+01,2.130860e+00,-1.237748e+01,1.340278e+01,8.652300e+01,-1.693307e+01,-3.646217e+02,0,0
-1.061756e+01,-1.897645e+00,-1.866893e+00,-1.771206e+01,8.384623e+00,3.228875e+01,3.053761e+01,6.924516e+00,-8.997604e+00,7.159982e+01,4.146278e+01,-2.813851e+01,-3.573493e+02,0,0,-1.061756e+01,1.897645e+00,1.866893e+00,-2.569032e+01,3.736445e+00,1.588704e+01,2.127587e+01,1.408066e+00,-1.245669e+01,1.374957e+01,8.345077e+01,-1.634839e+01,-3.646385e+02,0,0
-1.005892e+01,-1.903781e+00,-1.873301e+00,-1.787822e+01,7.145570e+00,3.034730e+01,2.870276e+01,4.805575e+00,-9.676853e+00,6.774576e+01,3.921280e+01,-2.778889e+01,-3.569920e+02,0,0,-1.005892e+01,1.903781e+00,1.873301e+00,-2.449730e+01,3.567039e+00,1.477154e+01,2.138090e+01,6.562470e-01,-1.364908e+01,1.410314e+01,8.148839e+01,-1.459521e+01,-3.628862e+02,0,0
-9.994775e+00,-2.404949e+00,-2.149956e+00,-1.715996e+01,7.183776e+00,2.864780e+01,2.797071e+01,4.313415e+00,-1.021133e+01,6.304500e+01,3.673897e+01,-2.698378e+01,-3.567082e+02,0,0,-9.994775e+00,2.404949e+00,2.149956e+00,-2.448715e+01,3.222881e+00,1.871281e+01,2.098733e+01,5.472119e-01,-1.413553e+01,1.392331e+01,7.924473e+01,-1.386196e+01,-3.623688e+02,0,0
-9.946680e+00,-2.391943e+00,-2.139804e+00,-1.722545e+01,6.592829e+00,2.874395e+01,2.663862e+01,3.572847e+00,-1.010841e+01,5.857569e+01,3.565715e+01,-2.750483e+01,-3.570411e+02,0,0,-9.946680e+00,2.391943e+00,2.139804e+00,-2.428606e+01,3.139638e+00,1.332298e+01,2.109382e+01,1.440948e-02,-1.418250e+01,1.390460e+01,7.893173e+01,-1.340114e+01,-3.613834e+02,0,0
-9.618633e+00,-2.931354e+00,-2.417578e+00,-1.658870e+01,6.505612e+00,2.714395e+01,2.552970e+01,2.256976e+00,-1.057154e+01,5.404870e+01,3.345206e+01,-2.838499e+01,-3.581368e+02,0,0,-9.618633e+00,2.931354e+00,2.417578e+00,-2.454025e+01,3.085540e+00,1.148740e+01,2.004918e+01,-3.182703e-01,-1.524122e+01,1.391045e+01,7.526473e+01,-1.270958e+01,-3.609003e+02,0,0
-9.700814e+00,-2.918662e+00,-2.438126e+00,-1.765477e+01,5.295749e+00,2.639602e+01,2.422878e+01,1.571347e+00,-1.080172e+01,4.975915e+01,3.217423e+01,-2.988392e+01,-3.595911e+02,0,0,-9.700814e+00,2.918662e+00,2.438126e+00,-2.459221e+01,2.866350e+00,1.324488e+01,2.005884e+01,-3.053311e-01,-1.515808e+01,1.408173e+01,7.053967e+01,-1.257314e+01,-3.604718e+02,0,0
-9.157486e+00,-3.427013e+00,-2.720714e+00,-1.692280e+01,5.687908e+00,2.515166e+01,2.359244e+01,9.195186e-01,-1.143764e+01,4.780995e+01,3.018318e+01,-3.129846e+01,-3.607604e+02,0,0,-9.157486e+00,3.427013e+00,2.720714e+00,-2.456984e+01,1.954954e+00,1.148044e+01,1.896956e+01,-1.115200e+00,-1.611037e+01,1.587624e+01,6.103468e+01,-1.465465e+01,-3.622837e+02,0,0
-9.112759e+00,-3.410377e+00,-2.707736e+00,-1.644098e+01,5.122436e+00,2.335392e+01,2.286140e+01,2.746789e-01,-1.165063e+01,4.797882e+01,2.834541e+01,-3.354751e+01,-3.636642e+02,0,0,-9.112759e+00,3.410377e+00,2.707736e+00,-2.386762e+01,1.356097e+00,9.489446e+00,1.827293e+01,-1.913619e+00,-1.639302e+01,1.756824e+01,5.320745e+01,-1.595568e+01,-3.637915e+02,0,0
-9.094098e+00,-3.687832e+00,-2.214900e+00,-1.611870e+01,4.127090e+00,2.169664e+01,2.275292e+01,-1.327859e+00,-1.192760e+01,4.853709e+01,2.695326e+01,-3.661161e+01,-3.658968e+02,0,0,-9.094098e+00,3.687832e+00,2.214900e+00,-2.428302e+01,9.052130e-01,8.828254e+00,1.739743e+01,-2.616572e+00,-1.650177e+01,2.003947e+01,4.463115e+01,-1.782679e+01,-3.654561e+02,0,0
-9.059371e+00,-3.188357e+00,-1.937591e+00,-1.649998e+01,3.716133e+00,2.251655e+01,2.201648e+01,-1.934290e+00,-1.218859e+01,4.893794e+01,2.505736e+01,-3.926788e+01,-3.693062e+02,0,0,-9.059371e+00,3.188357e+00,1.937591e+00,-2.371670e+01,1.327747e+00,9.343176e+00,1.681065e+01,-3.423391e+00,-1.691317e+01,2.310232e+01,3.643982e+01,-2.009841e+01,-3.668536e+02,0,0
-8.664069e+00,-3.186533e+00,-1.939646e+00,-1.648879e+01,3.554320e+00,2.152293e+01,2.152810e+01,-2.676284e+00,-1.301300e+01,4.840379e+01,2.363890e+01,-4.046305e+01,-3.708996e+02,0,0,-8.664069e+00,3.186533e+00,1.939646e+00,-2.351707e+01,8.509363e-01,8.169674e+00,1.621256e+01,-4.160010e+00,-1.705968e+01,2.520002e+01,2.955149e+01,-1.964344e+01,-3.671375e+02,0,0
-8.664069e+00,-3.186533e+00,-1.939646e+00,-1.642002e+01,2.588417e+00,2.040383e+01,2.036602e+01,-3.705472e+00,-1.338903e+01,4.964802e+01,2.185168e+01,-4.308020e+01,-3.744123e+02,0,0,-8.664069e+00,3.186533e+00,1.939646e+00,-2.343931e+01,2.280259e-01,6.907510e+00,1.629307e+01,-4.681654e+00,-1.705285e+01,2.484641e+01,2.487778e+01,-1.774011e+01,-3.653734e+02,0,0
-8.664069e+00,-3.186533e+00,-1.939646e+00,-1.599117e+01,2.479911e+00,1.915454e+01,2.043979e+01,-4.250587e+00,-1.398500e+01,5.102950e+01,2.068867e+01,-4.531648e+01,-3.774202e+02,0,0,-8.664069e+00,3.186533e+00,1.939646e+00,-2.287331e+01,2.887091e-01,6.470180e+00,1.625226e+01,-5.374953e+00,-1.729360e+01,2.449300e+01,2.087691e+01,-1.533526e+01,-3.633821e+02,0,0
-8.664069e+00,-3.186533e+00,-1.939646e+00,-1.635739e+01,2.011406e+00,1.935373e+01,1.954813e+01,-4.121035e+00,-1.436610e+01,5.229971e+01,2.032350e+01,-4.681637e+01,-3.795208e+02,0,0,-8.664069e+00,3.186533e+00,1.939646e+00,-2.262043e+01,-1.329034e-01,6.386194e+00,1.620345e+01,-5.366970e+00,-1.715605e+01,2.421879e+01,1.888316e+01,-1.314837e+01,-3.618042e+02,0,0
-8.664069e+00,-3.186533e+00,-1.939646e+00,-1.630157e+01,1.739109e+00,1.829607e+01,1.979549e+01,-4.632720e+00,-1.460884e+01,5.193384e+01,2.031346e+01,-4.650559e+01,-3.789651e+02,0,0,-8.664069e+00,3.186533e+00,1.939646e+00,-2.177207e+01,-8.647153e-01,6.044694e+00,1.649020e+01,-6.075409e+00,-1.668364e+01,2.256089e+01,1.818284e+01,-1.005642e+01,-3.590857e+02,0,0
-8.664069e+00,-3.186533e+00,-1.939646e+00,-1.638448e+01,1.770273e+00,1.807335e+01,1.930603e+01,-4.555382e+00,-1.489388e+01,5.315993e+01,2.005723e+01,-4.773867e+01,-3.808496e+02,0,0,-8.664069e+00,3.186533e+00,1.939646e+00,-2.089574e+01,-1.553202e+00,6.818051e+00,1.668072e+01,-6.702306e+00,-1.704944e+01,2.267939e+01,1.669004e+01,-9.580507e+00,-3.580999e+02,0,0
-8.620112e+00,-2.687442e+00,-1.659685e+00,-1.662469e+01,1.572801e+00,1.789668e+01,1.808792e+01,-4.687078e+00,-1.571232e+01,5.282088e+01,1.926172e+01,-4.801492e+01,-3.818432e+02,0,0,-8.620112e+00,2.687442e+00,1.659685e+00,-1.982690e+01,-1.361270e+00,6.657239e+00,1.740442e+01,-7.151239e+00,-1.681219e+01,2.274250e+01,1.536120e+01,-7.884133e+00,-3.574628e+02,0,0
-8.658958e+00,-2.458523e+00,-8.882263e-01,-1.668221e+01,9.593435e-01,1.774855e+01,1.787513e+01,-5.112970e+00,-1.553827e+01,5.463047e+01,1.866329e+01,-5.015551e+01,-3.839855e+02,0,0,-8.658958e+00,2.458523e+00,8.882263e-01,-1.982911e+01,-6.895610e-01,4.021849e+00,1.765869e+01,-7.049624e+00,-1.702645e+01,2.215422e+01,1.583016e+01,-6.847286e+00,-3.566213e+02,0,0
-8.658958e+00,-2.458523e+00,-8.882263e-01,-1.649931e+01,1.768247e+00,1.696327e+01,1.800082e+01,-5.090313e+00,-1.589380e+01,5.457340e+01,1.865367e+01,-5.007470e+01,-3.841830e+02,0,0,-8.658958e+00,2.458523e+00,8.882263e-01,-1.940796e+01,-9.544516e-01,5.994873e+00,1.729386e+01,-7.686709e+00,-1.693645e+01,2.183239e+01,1.569413e+01,-6.575795e+00,-3.559704e+02,0,0
-9.220109e+00,-1.961289e+00,-6.114302e-01,-1.663953e+01,1.794065e+00,1.686522e+01,1.826150e+01,-4.931932e+00,-1.586796e+01,5.395579e+01,1.904982e+01,-4.964613e+01,-3.839625e+02,0,0,-9.220109e+00,1.961289e+00,6.114302e-01,-1.955096e+01,-5.697325e-01,7.057466e+00,1.687403e+01,-6.994119e+00,-1.627312e+01,2.466059e+01,1.631351e+01,-8.402142e+00,-3.577770e+02,0,0
-9.220109e+00,-1.961289e+00,-6.114302e-01,-1.670836e+01,1.898431e+00,1.785923e+01,1.826150e+01,-4.931932e+00,-1.586796e+01,5.517561e+01,1.901528e+01,-5.081316e+01,-3.853070e+02,0,0,-9.220109e+00,1.961289e+00,6.114302e-01,-1.996040e+01,-8.385180e-01,7.506711e+00,1.678692e+01,-7.039908e+00,-1.579631e+01,2.610947e+01,1.625129e+01,-9.469787e+00,-3.589224e+02,0,0
-9.220109e+00,-1.961289e+00,-6.114302e-01,-1.657725e+01,1.744976e+00,1.768928e+01,1.834116e+01,-5.447671e+00,-1.587331e+01,5.497558e+01,1.894600e+01,-5.059370e+01,-3.852053e+02,0,0,-9.220109e+00,1.961289e+00,6.114302e-01,-2.010155e+01,-5.737131e-01,7.457504e+00,1.661557e+01,-6.984066e+00,-1.581842e+01,2.740407e+01,1.601869e+01,-1.091372e+01,-3.601089e+02,0,0
-9.312237e+00,-1.961123e+00,-6.112701e-01,-1.634352e+01,1.618328e+00,1.746165e+01,1.835039e+01,-5.421836e+00,-1.578448e+01,5.525272e+01,1.871517e+01,-5.087843e+01,-3.856820e+02,0,0,-9.312237e+00,1.961123e+00,6.112701e-01,-2.027093e+01,-1.116851e-01,7.006540e+00,1.599683e+01,-6.952175e+00,-1.643552e+01,2.846267e+01,1.546564e+01,-1.189248e+01,-3.614830e+02,0,0
-9.312237e+00,-1.961123e+00,-6.112701e-01,-1.576783e+01,1.940235e+00,1.678212e+01,1.827071e+01,-5.250555e+00,-1.664997e+01,5.523354e+01,1.850458e+01,-5.058975e+01,-3.855124e+02,0,0,-9.312237e+00,1.961123e+00,6.112701e-01,-2.013530e+01,6.510039e-02,7.052326e+00,1.611262e+01,-6.779708e+00,-1.659812e+01,2.799842e+01,1.533584e+01,-1.154510e+01,-3.609383e+02,0,0
-9.312237e+00,-1.961123e+00,-6.112701e-01,-1.590425e+01,2.112607e+00,1.516357e+01,1.829511e+01,-4.898705e+00,-1.710819e+01,5.437554e+01,1.844532e+01,-4.975039e+01,-3.846763e+02,0,0,-9.312237e+00,1.961123e+00,6.112701e-01,-2.025919e+01,4.875487e-02,6.968000e+00,1.592295e+01,-6.572731e+00,-1.678607e+01,2.811756e+01,1.507050e+01,-1.166878e+01,-3.613423e+02,0,0
-9.312237e+00,-1.961123e+00,-6.112701e-01,-1.609052e+01,1.909084e+00,1.597772e+01,1.833224e+01,-4.910879e+00,-1.722942e+01,5.420270e+01,1.840646e+01,-4.908818e+01,-3.843219e+02,0,0,-9.312237e+00,1.961123e+00,6.112701e-01,-2.080362e+01,-6.421896e-02,7.369100e+00,1.592295e+01,-6.572731e+00,-1.678607e+01,2.859758e+01,1.522735e+01,-1.208549e+01,-3.613962e+02,0,0
-9.312237e+00,-1.961123e+00,-6.112701e-01,-1.616270e+01,2.322893e+00,1.677027e+01,1.833224e+01,-4.910879e+00,-1.722942e+01,5.459958e+01,1.857479e+01,-4.945845e+01,-3.847387e+02,0,0,-9.312237e+00,1.961123e+00,6.112701e-01,-2.062303e+01,9.647868e-02,7.367206e+00,1.592295e+01,-6.572731e+00,-1.678607e+01,2.821992e+01,1.538324e+01,-1.174606e+01,-3.608026e+02,0,0
-9.220109e+00,-1.961289e+00,-6.114302e-01,-1.601645e+01,2.212037e+00,1.595744e+01,1.832380e+01,-4.936686e+00,-1.731819e+01,5.511702e+01,1.835889e+01,-4.995258e+01,-3.854310e+02,0,0,-9.220109e+00,1.961289e+00,6.114302e-01,-2.069941e+01,-1.067640e-01,6.646125e+00,1.595884e+01,-6.615620e+00,-1.700610e+01,2.867771e+01,1.520516e+01,-1.210293e+01,-3.612045e+02,0,0
-9.312237e+00,-1.961123e+00,-6.112701e-01,-1.604619e+01,2.481339e+00,1.653485e+01,1.833224e+01,-4.910879e+00,-1.722942e+01,5.460258e+01,1.842852e+01,-4.948565e+01,-3.850045e+02,0,0,-9.312237e+00,1.961123e+00,6.112701e-01,-2.082771e+01,3.562601e-01,7.450067e+00,1.588457e+01,-6.069990e+00,-1.692822e+01,2.884564e+01,1.532003e+01,-1.173402e+01,-3.612800e+02,0,0
-9.220109e+00,-1.961289e+00,-6.114302e-01,-1.604867e+01,2.616370e+00,1.650856e+01,1.832380e+01,-4.936686e+00,-1.731819e+01,5.471931e+01,1.827252e+01,-4.957973e+01,-3.849131e+02,0,0,-9.220109e+00,1.961289e+00,6.114302e-01,-2.085976e+01,4.729315e-01,7.303521e+00,1.587605e+01,-6.098370e+00,-1.701637e+01,2.871429e+01,1.519034e+01,-1.157657e+01,-3.612441e+02,0,0
