4.877640000000000420e+00,-4.219867999999999397e-01,-1.233291999999999982e-03,-2.846692999999999785e+01,2.748600000000000065e+01,-3.706448000000000409e+00,2.845489000000000246e+01,1.932482999999999862e+01,-6.145271000000000150e+00,2.214489999999999981e+01,8.063215999999999894e+01,3.473820999999999515e+01,4.011220999999999890e+02,0.000000000000000000e+00,0.000000000000000000e+00,4.877640000000000420e+00,4.219867999999999397e-01,1.233291999999999982e-03,-2.054691000000000045e+01,3.993925999999999732e+01,-4.602943999999999924e+00,3.217660000000000053e+01,2.416792000000000229e+01,-1.650769999999999982e+01,2.710453000000000046e+01,5.714459999999999695e+01,1.714498000000000033e+01,3.948079000000000178e+02,0.000000000000000000e+00,0.000000000000000000e+00
4.923937000000000452e+00,-7.195201999999999432e-01,4.890746000000000260e-01,-2.766229000000000227e+01,2.507361000000000217e+01,-4.059104000000000489e+00,2.708924000000000376e+01,1.826821999999999946e+01,-5.192407000000000217e+00,2.247212999999999994e+01,7.829189000000000931e+01,2.717830000000000013e+01,3.929660000000000082e+02,0.000000000000000000e+00,0.000000000000000000e+00,4.923937000000000452e+00,7.195201999999999432e-01,-4.890746000000000260e-01,-2.072292999999999807e+01,3.916266999999999854e+01,-3.878176999999999541e+00,3.122429999999999950e+01,2.363792000000000115e+01,-1.623493999999999815e+01,2.681714000000000198e+01,5.497144000000000119e+01,1.357637999999999856e+01,3.902620000000000005e+02,0.000000000000000000e+00,0.000000000000000000e+00
4.882194999999999396e+00,-7.176812000000000191e-01,4.849400999999999851e-01,-2.797519000000000133e+01,2.425528999999999868e+01,-3.681005000000000305e+00,2.545073999999999970e+01,1.812686000000000064e+01,-4.840010999999999619e+00,2.187574000000000041e+01,7.536908999999999992e+01,1.676417999999999964e+01,3.818095000000000141e+02,0.000000000000000000e+00,0.000000000000000000e+00,4.882194999999999396e+00,7.176812000000000191e-01,-4.849400999999999851e-01,-2.119923999999999964e+01,3.763634000000000412e+01,-5.205214999999999925e+00,3.044454000000000349e+01,2.298793999999999826e+01,-1.647106000000000137e+01,2.874744000000000099e+01,5.316046000000000049e+01,6.662903000000000020e+00,3.819655000000000200e+02,0.000000000000000000e+00,0.000000000000000000e+00
4.923937000000000452e+00,-7.195201999999999432e-01,4.890746000000000260e-01,-2.830287000000000219e+01,2.332912999999999926e+01,-3.898892000000000024e+00,2.473003999999999891e+01,1.775429000000000102e+01,-4.246425000000000338e+00,2.293084999999999951e+01,7.408317999999999870e+01,9.191311999999999927e+00,3.724628000000000156e+02,0.000000000000000000e+00,0.000000000000000000e+00,4.923937000000000452e+00,7.195201999999999432e-01,-4.890746000000000260e-01,-2.146239999999999881e+01,3.740890999999999877e+01,-3.473727999999999927e+00,3.026430999999999827e+01,2.247119999999999962e+01,-1.605522000000000205e+01,3.022975999999999885e+01,5.252923000000000542e+01,1.406155999999999962e+00,3.768131000000000199e+02,0.000000000000000000e+00,0.000000000000000000e+00
4.920480999999999661e+00,-7.194987999999999939e-01,4.887322000000000055e-01,-2.838610999999999862e+01,2.253447000000000244e+01,-3.935149000000000008e+00,2.397267000000000081e+01,1.771637999999999735e+01,-4.387410000000000032e+00,2.434245999999999910e+01,7.157905999999999835e+01,6.923593000000001219e-01,3.611555999999999926e+02,0.000000000000000000e+00,0.000000000000000000e+00,4.920480999999999661e+00,7.194987999999999939e-01,-4.887322000000000055e-01,-2.195194000000000045e+01,3.677145000000000152e+01,-4.098240000000000549e+00,2.980202000000000240e+01,2.205177000000000120e+01,-1.620857000000000170e+01,3.222299999999999898e+01,5.153684000000000509e+01,-3.815973000000000503e+00,3.722065999999999804e+02,0.000000000000000000e+00,0.000000000000000000e+00
4.920480999999999661e+00,-7.194987999999999939e-01,4.887322000000000055e-01,-2.860177000000000191e+01,2.183444000000000074e+01,-4.121724999999999639e+00,2.329934000000000083e+01,1.772857999999999734e+01,-4.722337000000000451e+00,2.616497000000000028e+01,6.897156999999999982e+01,-8.068761999999999546e+00,3.479003000000000156e+02,0.000000000000000000e+00,0.000000000000000000e+00,4.920480999999999661e+00,7.194987999999999939e-01,-4.887322000000000055e-01,-2.227292999999999878e+01,3.602253999999999934e+01,-4.301656999999999620e+00,2.922370999999999697e+01,2.184163999999999817e+01,-1.540212000000000181e+01,3.435927999999999827e+01,4.995790000000000219e+01,-1.322907000000000188e+01,3.555181000000000040e+02,0.000000000000000000e+00,0.000000000000000000e+00
5.214037999999999506e+00,-2.303380999999999901e-01,7.860650999999999611e-01,-2.930219000000000307e+01,2.075532000000000110e+01,-6.092195999999999501e+00,2.207649999999999935e+01,1.679143999999999792e+01,-5.042641000000000595e+00,2.839509000000000327e+01,6.470588999999999658e+01,-1.694102999999999781e+01,3.377038000000000011e+02,0.000000000000000000e+00,0.000000000000000000e+00,5.214037999999999506e+00,2.303380999999999901e-01,-7.860650999999999611e-01,-2.179692000000000007e+01,3.553065999999999747e+01,-5.278262000000000675e+00,2.923320000000000007e+01,2.108836000000000155e+01,-1.568122999999999934e+01,3.642517999999999745e+01,4.908427000000000362e+01,-2.088130999999999915e+01,3.467126000000000090e+02,0.000000000000000000e+00,0.000000000000000000e+00
5.671924999999999883e+00,-2.290126000000000106e-01,7.813916999999999113e-01,-2.880087999999999937e+01,2.059091000000000093e+01,-6.742450999999999084e+00,2.221431000000000111e+01,1.662833999999999790e+01,-5.368672000000000111e+00,3.005095000000000027e+01,6.257220999999999833e+01,-2.269165999999999883e+01,3.293412999999999897e+02,0.000000000000000000e+00,0.000000000000000000e+00,5.671924999999999883e+00,2.290126000000000106e-01,-7.813916999999999113e-01,-2.167117000000000004e+01,3.540144000000000091e+01,-5.432253000000000220e+00,2.932767999999999731e+01,2.082912999999999926e+01,-1.593957999999999942e+01,3.874380999999999631e+01,4.730924000000000262e+01,-2.859867999999999810e+01,3.356197000000000230e+02,0.000000000000000000e+00,0.000000000000000000e+00
5.676466000000000456e+00,-5.249979999999999647e-01,1.267201000000000022e+00,-2.878600000000000136e+01,2.001022000000000034e+01,-6.489914999999999878e+00,2.192209000000000074e+01,1.628828000000000031e+01,-5.489844999999999864e+00,3.281978000000000151e+01,6.117223000000000610e+01,-3.016512999999999778e+01,3.172144999999999868e+02,0.000000000000000000e+00,0.000000000000000000e+00,5.676466000000000456e+00,5.249979999999999647e-01,-1.267201000000000022e+00,-2.254217000000000226e+01,3.503902000000000072e+01,-6.835213999999999679e+00,2.872869999999999990e+01,2.056846000000000174e+01,-1.594708999999999932e+01,4.095505999999999602e+01,4.740560999999999581e+01,-3.550919000000000381e+01,3.253041000000000054e+02,0.000000000000000000e+00,0.000000000000000000e+00
5.676466000000000456e+00,-5.249979999999999647e-01,1.267201000000000022e+00,-2.845979000000000170e+01,1.916384000000000043e+01,-7.347844999999999516e+00,2.189118999999999815e+01,1.595560000000000045e+01,-5.477616999999999514e+00,3.391230000000000189e+01,6.083430999999999500e+01,-3.405854999999999677e+01,3.122502999999999815e+02,0.000000000000000000e+00,0.000000000000000000e+00,5.676466000000000456e+00,5.249979999999999647e-01,-1.267201000000000022e+00,-2.273958999999999975e+01,3.457902999999999594e+01,-5.590958000000000538e+00,2.865825999999999851e+01,2.061491000000000184e+01,-1.570952000000000126e+01,4.308064999999999856e+01,4.822950999999999766e+01,-3.826655999999999835e+01,3.219202000000000226e+02,0.000000000000000000e+00,0.000000000000000000e+00
5.676466000000000456e+00,-5.249979999999999647e-01,1.267201000000000022e+00,-2.838850999999999658e+01,1.893371000000000137e+01,-7.187307000000000556e+00,2.169194999999999851e+01,1.580961000000000105e+01,-5.354911000000000421e+00,3.517804000000000286e+01,6.016870999999999725e+01,-3.720275999999999783e+01,3.076000999999999976e+02,0.000000000000000000e+00,0.000000000000000000e+00,5.676466000000000456e+00,5.249979999999999647e-01,-1.267201000000000022e+00,-2.226212999999999909e+01,3.421645999999999788e+01,-7.101983000000000601e+00,2.809902999999999906e+01,2.025662000000000162e+01,-1.565042000000000044e+01,4.531862999999999886e+01,4.805259999999999820e+01,-4.333789000000000158e+01,3.142409999999999854e+02,0.000000000000000000e+00,0.000000000000000000e+00
5.676466000000000456e+00,-5.249979999999999647e-01,1.267201000000000022e+00,-2.881750999999999863e+01,1.845520000000000138e+01,-7.469772999999999996e+00,2.187254000000000076e+01,1.577355999999999980e+01,-5.810419999999999696e+00,3.649732999999999805e+01,5.912019000000000091e+01,-4.114045000000000130e+01,3.007579999999999814e+02,0.000000000000000000e+00,0.000000000000000000e+00,5.676466000000000456e+00,5.249979999999999647e-01,-1.267201000000000022e+00,-2.261612000000000222e+01,3.353192999999999557e+01,-6.706933999999999507e+00,2.804852999999999952e+01,2.022860999999999976e+01,-1.548920999999999992e+01,4.737865999999999644e+01,4.860938000000000159e+01,-4.934375999999999607e+01,3.059189000000000078e+02,0.000000000000000000e+00,0.000000000000000000e+00
5.676466000000000456e+00,-5.249979999999999647e-01,1.267201000000000022e+00,-2.891410999999999731e+01,1.784975000000000023e+01,-6.515724999999999767e+00,2.129719000000000051e+01,1.537292000000000058e+01,-6.003353999999999857e+00,3.740747000000000355e+01,5.800908000000000442e+01,-4.516214999999999691e+01,2.964784999999999968e+02,0.000000000000000000e+00,0.000000000000000000e+00,5.676466000000000456e+00,5.249979999999999647e-01,-1.267201000000000022e+00,-2.286672000000000082e+01,3.288765999999999678e+01,-7.806744000000000128e+00,2.808292999999999751e+01,1.944667000000000101e+01,-1.593590000000000018e+01,4.895922999999999803e+01,4.866155999999999437e+01,-5.361150999999999556e+01,2.986417999999999893e+02,0.000000000000000000e+00,0.000000000000000000e+00
5.676466000000000456e+00,-5.249979999999999647e-01,1.267201000000000022e+00,-2.875891999999999982e+01,1.766727000000000203e+01,-7.122683000000000320e+00,2.057926000000000144e+01,1.532817999999999969e+01,-5.995087999999999973e+00,3.767152000000000100e+01,5.718529000000000195e+01,-4.705313999999999908e+01,2.918444999999999823e+02,0.000000000000000000e+00,0.000000000000000000e+00,5.676466000000000456e+00,5.249979999999999647e-01,-1.267201000000000022e+00,-2.265487000000000251e+01,3.232802999999999827e+01,-8.847560000000001423e+00,2.794852000000000203e+01,1.890004000000000062e+01,-1.570972999999999864e+01,4.935515999999999792e+01,4.850345999999999691e+01,-5.635756999999999550e+01,2.943745999999999867e+02,0.000000000000000000e+00,0.000000000000000000e+00
5.676466000000000456e+00,-5.249979999999999647e-01,1.267201000000000022e+00,-2.867977000000000132e+01,1.756906000000000034e+01,-8.306980000000001141e+00,2.057166000000000139e+01,1.533378999999999870e+01,-6.214367000000000196e+00,3.741109000000000151e+01,5.615356999999999488e+01,-4.907310999999999979e+01,2.891234999999999786e+02,0.000000000000000000e+00,0.000000000000000000e+00,5.676466000000000456e+00,5.249979999999999647e-01,-1.267201000000000022e+00,-2.277202000000000126e+01,3.012629000000000090e+01,-6.923638999999999655e+00,2.676002000000000081e+01,1.791476000000000113e+01,-1.465971000000000046e+01,5.076930999999999727e+01,4.903849999999999909e+01,-6.005290999999999713e+01,2.880248000000000275e+02,0.000000000000000000e+00,0.000000000000000000e+00
5.721995999999999860e+00,-3.462665999999999800e-01,2.104867000000000044e+00,-2.841657999999999973e+01,1.664747000000000199e+01,-8.331205000000000638e+00,2.035112999999999772e+01,1.408215000000000039e+01,-6.105062000000000211e+00,3.818254999999999910e+01,5.362156999999999840e+01,-5.317009999999999792e+01,1.176416000000000167e+03,0.000000000000000000e+00,0.000000000000000000e+00,5.721995999999999860e+00,3.462665999999999800e-01,-2.104867000000000044e+00,-2.432880000000000109e+01,2.799900999999999840e+01,-5.311122000000000121e+00,2.664640999999999593e+01,1.802121999999999957e+01,-1.395454999999999934e+01,5.172982000000000369e+01,5.028412000000000148e+01,-6.290335000000000321e+01,-2.616386999999999716e+02,0.000000000000000000e+00,0.000000000000000000e+00
5.717977999999999561e+00,-3.461676000000000197e-01,2.103397000000000183e+00,-2.887105999999999639e+01,1.637206000000000117e+01,-1.096936000000000000e+01,1.981653999999999982e+01,1.417495000000000083e+01,-6.322008000000000294e+00,3.835999999999999943e+01,5.336008999999999958e+01,-5.618174000000000490e+01,6.374125999999999976e+02,0.000000000000000000e+00,0.000000000000000000e+00,5.717977999999999561e+00,3.461676000000000197e-01,-2.103397000000000183e+00,-2.468355000000000032e+01,2.726982999999999890e+01,-5.401705000000000645e+00,2.588419000000000025e+01,1.821644999999999825e+01,-1.318255000000000088e+01,5.149705999999999761e+01,5.098034000000000532e+01,-6.545865000000000578e+01,6.416394999999999982e+02,0.000000000000000000e+00,0.000000000000000000e+00
6.375293000000000099e+00,8.153696000000000277e-01,3.488179000000000141e+00,-2.977595999999999776e+01,1.563383999999999929e+01,-9.546611999999999654e+00,1.731788999999999845e+01,1.319608999999999988e+01,-6.658863000000000198e+00,3.669890000000000185e+01,5.052962999999999738e+01,-5.861560000000000059e+01,6.326040000000000418e+02,0.000000000000000000e+00,0.000000000000000000e+00,6.375293000000000099e+00,-8.153696000000000277e-01,-3.488179000000000141e+00,-2.585918999999999812e+01,2.430017000000000138e+01,-4.802125000000000199e+00,2.541982000000000141e+01,1.882347999999999999e+01,-1.236641999999999975e+01,5.298268000000000200e+01,5.434818000000000637e+01,-6.733629999999999427e+01,6.373510999999999740e+02,0.000000000000000000e+00,0.000000000000000000e+00
6.983736999999999639e+00,2.137763999999999776e+00,3.585444999999999549e+00,-2.842849999999999966e+01,1.799297999999999931e+01,-9.604128999999998584e+00,1.566061000000000014e+01,1.299427999999999983e+01,-7.227927000000000213e+00,3.485260999999999854e+01,4.923140000000000072e+01,-5.850019999999999953e+01,6.313959999999999582e+02,0.000000000000000000e+00,0.000000000000000000e+00,6.983736999999999639e+00,-2.137763999999999776e+00,-3.585444999999999549e+00,-2.519001000000000090e+01,2.599043999999999954e+01,-3.610465000000000035e+00,2.529729999999999990e+01,1.916757000000000133e+01,-1.177398999999999951e+01,5.438604999999999734e+01,5.558261999999999858e+01,-6.873586000000000240e+01,6.352933000000000447e+02,0.000000000000000000e+00,0.000000000000000000e+00
7.451566000000000578e+00,2.594295999999999935e+00,3.891610000000000014e+00,-2.886905999999999750e+01,1.836570999999999998e+01,-1.029586000000000112e+01,1.485655000000000037e+01,1.270449999999999946e+01,-7.779138000000000552e+00,3.317080999999999591e+01,4.816767000000000110e+01,-5.827231999999999346e+01,6.316135000000000446e+02,0.000000000000000000e+00,0.000000000000000000e+00,7.451566000000000578e+00,-2.594295999999999935e+00,-3.891610000000000014e+00,-2.503587999999999880e+01,2.545211000000000112e+01,-3.407198999999999867e+00,2.522890999999999906e+01,1.949422999999999817e+01,-1.182352999999999987e+01,5.405098000000000269e+01,5.618495000000000061e+01,-6.956531999999999982e+01,6.344763000000000375e+02,0.000000000000000000e+00,0.000000000000000000e+00
7.647203000000000195e+00,2.822254000000000040e+00,4.671073000000000697e+00,-2.935517000000000110e+01,1.704922999999999789e+01,-1.191792000000000051e+01,1.387953999999999866e+01,1.244533000000000023e+01,-7.737813000000000052e+00,3.170377000000000223e+01,4.737564000000000419e+01,-5.848609000000000435e+01,6.302123000000000275e+02,0.000000000000000000e+00,0.000000000000000000e+00,7.647203000000000195e+00,-2.822254000000000040e+00,-4.671073000000000697e+00,-2.557496000000000080e+01,2.470982000000000056e+01,-3.220059999999999700e+00,2.474880999999999887e+01,2.012820999999999927e+01,-1.195013999999999932e+01,5.352628000000000696e+01,5.704495999999999611e+01,-6.949813000000000329e+01,6.330733000000000175e+02,0.000000000000000000e+00,0.000000000000000000e+00
8.099916999999999589e+00,3.267490000000000006e+00,4.975977999999999568e+00,-2.962740000000000151e+01,1.667275000000000063e+01,-1.317009999999999970e+01,1.253744000000000014e+01,1.287648000000000081e+01,-8.698695999999999984e+00,2.844005999999999901e+01,4.551857000000000397e+01,-5.775183000000000533e+01,6.301852000000000089e+02,0.000000000000000000e+00,0.000000000000000000e+00,8.099916999999999589e+00,-3.267490000000000006e+00,-4.975977999999999568e+00,-2.622897999999999996e+01,2.292480000000000118e+01,-2.842356999999999800e+00,2.393302000000000263e+01,2.040739999999999910e+01,-1.199000999999999983e+01,5.346470999999999663e+01,5.834608000000000771e+01,-7.108409000000000333e+01,6.322748000000000275e+02,0.000000000000000000e+00,0.000000000000000000e+00
8.764305000000000234e+00,3.827167999999999903e+00,5.261265999999999998e+00,-2.991374000000000066e+01,1.642614999999999981e+01,-1.384532000000000096e+01,1.106871000000000116e+01,1.258765000000000001e+01,-9.856659000000000503e+00,2.572532999999999959e+01,4.490082000000000306e+01,-5.746820000000000306e+01,6.312102999999999611e+02,0.000000000000000000e+00,0.000000000000000000e+00,8.764305000000000234e+00,-3.827167999999999903e+00,-5.261265999999999998e+00,-2.703512999999999877e+01,2.278659999999999997e+01,-2.978285000000000071e+00,2.294121000000000166e+01,2.126470000000000127e+01,-1.250711000000000084e+01,5.280446999999999491e+01,5.947763000000000488e+01,-7.110900999999999783e+01,6.294486000000000558e+02,0.000000000000000000e+00,0.000000000000000000e+00
8.704130000000001033e+00,4.527228000000000030e+00,5.092420999999999864e+00,-3.095807000000000286e+01,1.679393999999999920e+01,-1.357431000000000054e+01,1.037734999999999985e+01,1.276093000000000011e+01,-9.823952000000000240e+00,2.519849999999999923e+01,4.477843000000000018e+01,-5.773658999999999963e+01,6.304701999999999771e+02,0.000000000000000000e+00,0.000000000000000000e+00,8.704130000000001033e+00,-4.527228000000000030e+00,-5.092420999999999864e+00,-2.592408000000000001e+01,2.233005999999999958e+01,-3.161656999999999940e+00,2.351530999999999949e+01,2.060062000000000282e+01,-1.239563000000000059e+01,5.371085999999999672e+01,5.915715000000000146e+01,-7.186563000000001011e+01,6.288174000000000206e+02,0.000000000000000000e+00,0.000000000000000000e+00
8.701582999999999402e+00,4.520055999999999408e+00,5.132502999999999815e+00,-3.059820999999999813e+01,1.633286000000000016e+01,-1.380227999999999966e+01,1.038359999999999950e+01,1.273381999999999969e+01,-9.824374000000000606e+00,2.576584000000000074e+01,4.453455000000000297e+01,-5.937071999999999861e+01,6.290284000000000333e+02,0.000000000000000000e+00,0.000000000000000000e+00,8.701582999999999402e+00,-4.520055999999999408e+00,-5.132502999999999815e+00,-2.542954999999999899e+01,2.158768999999999849e+01,-4.969457000000000235e+00,2.332299000000000078e+01,2.007069999999999865e+01,-1.213667000000000051e+01,5.364510999999999541e+01,5.867261999999999489e+01,-7.241888000000000147e+01,6.285144999999999982e+02,0.000000000000000000e+00,0.000000000000000000e+00
8.632308000000000092e+00,4.999063999999999730e+00,5.432934999999999626e+00,-3.070682000000000045e+01,1.551196000000000019e+01,-1.441366000000000014e+01,1.006750000000000078e+01,1.240941000000000116e+01,-1.021141000000000076e+01,2.572472000000000136e+01,4.377167000000000030e+01,-5.995588000000000761e+01,6.287812999999999874e+02,0.000000000000000000e+00,0.000000000000000000e+00,8.632308000000000092e+00,-4.999063999999999730e+00,-5.432934999999999626e+00,-2.508850999999999942e+01,2.046293000000000006e+01,-4.906070999999999849e+00,2.365152999999999750e+01,1.978430000000000177e+01,-1.196682999999999986e+01,5.418034999999999712e+01,5.843318000000000723e+01,-7.285483999999999583e+01,6.280748999999999569e+02,0.000000000000000000e+00,0.000000000000000000e+00
9.363680000000000447e+00,5.539108999999999838e+00,5.766531999999999769e+00,-3.095053000000000054e+01,1.553894000000000020e+01,-1.625877999999999801e+01,9.661505999999999261e+00,1.137950999999999979e+01,-1.124171000000000120e+01,2.510678000000000054e+01,4.208456999999999937e+01,-5.937830999999999904e+01,6.290403999999999769e+02,0.000000000000000000e+00,0.000000000000000000e+00,9.363680000000000447e+00,-5.539108999999999838e+00,-5.766531999999999769e+00,-2.438945999999999970e+01,2.062477999999999767e+01,-5.836281999999999748e+00,2.430738999999999805e+01,1.939740000000000109e+01,-1.274469000000000030e+01,5.450339000000000311e+01,5.734735999999999478e+01,-7.264889999999999759e+01,6.286864000000000487e+02,0.000000000000000000e+00,0.000000000000000000e+00
9.482649000000000328e+00,6.022739999999999760e+00,6.030143999999999949e+00,-3.168742999999999910e+01,1.443647999999999954e+01,-1.678251000000000204e+01,8.639466999999999786e+00,1.087072000000000038e+01,-1.129961999999999911e+01,2.346407999999999916e+01,4.059376999999999924e+01,-5.986255999999999489e+01,6.305303000000000111e+02,0.000000000000000000e+00,0.000000000000000000e+00,9.482649000000000328e+00,-6.022739999999999760e+00,-6.030143999999999949e+00,-2.420325000000000060e+01,1.970469999999999899e+01,-5.735514000000000223e+00,2.406914000000000087e+01,1.851457999999999871e+01,-1.300619000000000014e+01,5.475259000000000498e+01,5.586719000000000079e+01,-7.327591999999999928e+01,6.277761000000000422e+02,0.000000000000000000e+00,0.000000000000000000e+00
1.003354999999999997e+01,5.722223999999999755e+00,6.558411999999999686e+00,-3.129469999999999885e+01,1.383353999999999928e+01,-1.786184000000000083e+01,8.402553999999998524e+00,1.018751999999999924e+01,-1.204488999999999876e+01,2.278709999999999880e+01,4.004912000000000205e+01,-5.990385999999999456e+01,6.292214999999999918e+02,0.000000000000000000e+00,0.000000000000000000e+00,1.003354999999999997e+01,-5.722223999999999755e+00,-6.558411999999999686e+00,-2.438827999999999818e+01,2.005281000000000091e+01,-7.365125999999999173e+00,2.331208999999999776e+01,1.783061000000000007e+01,-1.417537000000000091e+01,5.163757000000000374e+01,5.350200000000000244e+01,-7.176433000000000106e+01,6.291195999999999913e+02,0.000000000000000000e+00,0.000000000000000000e+00
9.965944999999999609e+00,6.497043999999999819e+00,6.375524999999999665e+00,-3.250210999999999473e+01,1.359672000000000125e+01,-1.800443999999999889e+01,7.079608000000000345e+00,1.031980000000000075e+01,-1.209323000000000015e+01,2.138439999999999941e+01,3.966781999999999897e+01,-5.969809000000000054e+01,6.300955000000000155e+02,0.000000000000000000e+00,0.000000000000000000e+00,9.965944999999999609e+00,-6.497043999999999819e+00,-6.375524999999999665e+00,-2.382919000000000054e+01,1.915892000000000195e+01,-1.135676000000000130e+01,2.338997000000000170e+01,1.726233999999999824e+01,-1.399212000000000167e+01,5.215265000000000128e+01,5.300348000000000326e+01,-7.257101000000000113e+01,6.299823999999999842e+02,0.000000000000000000e+00,0.000000000000000000e+00
1.068720000000000070e+01,6.596472000000000335e+00,6.356527999999999956e+00,-3.231517000000000195e+01,1.400396000000000107e+01,-1.803164999999999907e+01,7.714408999999999850e+00,1.004163999999999923e+01,-1.276456999999999908e+01,2.055322999999999922e+01,3.903126999999999924e+01,-5.850421000000000049e+01,6.301228999999999587e+02,0.000000000000000000e+00,0.000000000000000000e+00,1.068720000000000070e+01,-6.596472000000000335e+00,-6.356527999999999956e+00,-2.348049999999999926e+01,1.943723999999999918e+01,-9.797402999999999196e+00,2.371823999999999799e+01,1.700431000000000026e+01,-1.510423999999999900e+01,5.150892999999999944e+01,5.243579000000000434e+01,-7.184586000000000183e+01,6.292874000000000478e+02,0.000000000000000000e+00,0.000000000000000000e+00
1.068720000000000070e+01,6.596472000000000335e+00,6.356527999999999956e+00,-3.211514999999999986e+01,1.376440000000000019e+01,-1.781193999999999988e+01,7.714408999999999850e+00,1.004163999999999923e+01,-1.276456999999999908e+01,2.040547999999999718e+01,3.891524000000000427e+01,-5.825654999999999717e+01,6.303184999999999718e+02,0.000000000000000000e+00,0.000000000000000000e+00,1.068720000000000070e+01,-6.596472000000000335e+00,-6.356527999999999956e+00,-2.369772000000000034e+01,1.929384999999999906e+01,-9.254599000000000686e+00,2.368802999999999770e+01,1.698722000000000065e+01,-1.500675999999999988e+01,5.112883000000000067e+01,5.206217000000000183e+01,-7.233465999999999951e+01,6.300788000000000011e+02,0.000000000000000000e+00,0.000000000000000000e+00
1.059627000000000052e+01,7.075827000000000311e+00,6.660460000000000491e+00,-3.266814999999999714e+01,1.303017999999999965e+01,-1.656154000000000082e+01,7.109714999999999563e+00,9.374765000000000015e+00,-1.256959999999999944e+01,1.944016000000000233e+01,3.926406000000000063e+01,-5.833478000000000208e+01,6.305946999999999889e+02,0.000000000000000000e+00,0.000000000000000000e+00,1.059627000000000052e+01,-7.075827000000000311e+00,-6.660460000000000491e+00,-2.383510000000000062e+01,1.931671000000000049e+01,-9.889614999999999156e+00,2.336234999999999928e+01,1.672190000000000154e+01,-1.507733999999999952e+01,5.130384999999999707e+01,5.210468000000000188e+01,-7.249970000000000425e+01,6.284129000000000360e+02,0.000000000000000000e+00,0.000000000000000000e+00
1.059627000000000052e+01,7.075827000000000311e+00,6.660460000000000491e+00,-3.263013000000000119e+01,1.258667999999999942e+01,-1.887706999999999979e+01,6.585058999999999330e+00,9.498758000000000479e+00,-1.262648000000000081e+01,1.938152000000000186e+01,3.924593000000000131e+01,-5.837789999999999679e+01,6.293501999999999725e+02,0.000000000000000000e+00,0.000000000000000000e+00,1.059627000000000052e+01,-7.075827000000000311e+00,-6.660460000000000491e+00,-2.411321000000000225e+01,1.918168000000000006e+01,-9.393487999999999616e+00,2.336234999999999928e+01,1.672190000000000154e+01,-1.507733999999999952e+01,5.125845000000000340e+01,5.232520000000000238e+01,-7.243474999999999397e+01,6.295543999999999869e+02,0.000000000000000000e+00,0.000000000000000000e+00
1.054604999999999926e+01,7.297982000000001079e+00,6.147613999999999912e+00,-3.377613000000000198e+01,1.180503000000000036e+01,-1.867562000000000211e+01,6.242033000000000165e+00,9.324346000000000245e+00,-1.257864999999999966e+01,1.822428000000000026e+01,3.985932000000000386e+01,-5.893905000000000172e+01,6.300216000000000349e+02,0.000000000000000000e+00,0.000000000000000000e+00,1.054604999999999926e+01,-7.297982000000001079e+00,-6.147613999999999912e+00,-2.390027999999999864e+01,1.847024000000000044e+01,-8.272719000000000378e+00,2.353707999999999956e+01,1.626475999999999900e+01,-1.484698999999999991e+01,5.153640999999999650e+01,5.189344000000000534e+01,-7.309487000000000023e+01,6.284868999999999915e+02,0.000000000000000000e+00,0.000000000000000000e+00
1.072531999999999996e+01,6.732775000000000176e+00,5.865877999999999481e+00,-3.347075000000000244e+01,1.117588000000000115e+01,-1.993882999999999939e+01,5.982880999999999894e+00,9.412516000000000105e+00,-1.221005000000000074e+01,1.791803999999999775e+01,4.033644000000000318e+01,-6.034706999999999510e+01,6.283817000000000235e+02,0.000000000000000000e+00,0.000000000000000000e+00,1.072531999999999996e+01,-6.732775000000000176e+00,-5.865877999999999481e+00,-2.379709000000000074e+01,1.863148999999999944e+01,-1.044521999999999906e+01,2.245176999999999978e+01,1.621903999999999968e+01,-1.487398999999999916e+01,5.114672999999999803e+01,5.134667000000000314e+01,-7.336400999999999328e+01,6.285555000000000518e+02,0.000000000000000000e+00,0.000000000000000000e+00
1.172346999999999895e+01,6.167391000000000290e+00,4.761854000000000475e+00,-3.356975999999999516e+01,1.155053000000000019e+01,-1.785829999999999984e+01,5.211395999999999695e+00,9.893895000000000550e+00,-1.228490000000000038e+01,1.688954000000000022e+01,4.136334000000000088e+01,-5.992328000000000543e+01,6.293248999999999569e+02,0.000000000000000000e+00,0.000000000000000000e+00,1.172346999999999895e+01,-6.167391000000000290e+00,-4.761854000000000475e+00,-2.380166000000000182e+01,1.791211000000000197e+01,-1.034882999999999953e+01,2.206080000000000041e+01,1.545948999999999884e+01,-1.542332000000000036e+01,5.036180999999999841e+01,5.025325999999999738e+01,-7.338344000000000733e+01,6.264547999999999774e+02,0.000000000000000000e+00,0.000000000000000000e+00
1.239821000000000062e+01,5.928101999999999983e+00,3.938483999999999430e+00,-3.353970000000000340e+01,1.190568000000000026e+01,-1.828265000000000029e+01,4.713276999999999717e+00,1.011403999999999925e+01,-1.214456999999999987e+01,1.524803999999999959e+01,4.194912999999999670e+01,-5.918991999999999365e+01,6.294968000000000075e+02,0.000000000000000000e+00,0.000000000000000000e+00,1.239821000000000062e+01,-5.928101999999999983e+00,-3.938483999999999430e+00,-2.395452000000000226e+01,1.812427999999999884e+01,-1.078408999999999907e+01,2.172802000000000078e+01,1.449643999999999977e+01,-1.543670999999999971e+01,4.950024000000000513e+01,4.907950999999999908e+01,-7.318710000000000093e+01,6.283943000000000438e+02,0.000000000000000000e+00,0.000000000000000000e+00
1.269394999999999918e+01,5.458591999999999445e+00,3.616337000000000135e+00,-3.372870000000000346e+01,1.050938000000000017e+01,-1.947464000000000084e+01,4.409568000000000154e+00,9.285676999999999737e+00,-1.263715000000000011e+01,1.498927000000000120e+01,4.129167999999999950e+01,-5.967173999999999978e+01,6.300611000000000104e+02,0.000000000000000000e+00,0.000000000000000000e+00,1.269394999999999918e+01,-5.458591999999999445e+00,-3.616337000000000135e+00,-2.434916000000000125e+01,1.773936000000000135e+01,-1.261655999999999977e+01,2.075083000000000055e+01,1.428304999999999936e+01,-1.562482999999999933e+01,4.873127000000000209e+01,4.850357000000000340e+01,-7.350230999999999426e+01,6.280633000000000266e+02,0.000000000000000000e+00,0.000000000000000000e+00
1.326342000000000176e+01,5.272082000000000157e+00,2.824701999999999824e+00,-3.420118000000000080e+01,1.002210000000000001e+01,-1.970060000000000144e+01,3.840618000000000087e+00,8.944596999999999909e+00,-1.314005000000000045e+01,1.383162999999999876e+01,4.085569000000000273e+01,-5.854838000000000164e+01,6.299194999999999709e+02,0.000000000000000000e+00,0.000000000000000000e+00,1.326342000000000176e+01,-5.272082000000000157e+00,-2.824701999999999824e+00,-2.401739999999999853e+01,1.719314999999999927e+01,-1.244780000000000086e+01,2.059659999999999869e+01,1.339607000000000170e+01,-1.589172000000000118e+01,4.797652000000000072e+01,4.786990999999999730e+01,-7.332318999999999676e+01,6.277394000000000460e+02,0.000000000000000000e+00,0.000000000000000000e+00
1.331935000000000002e+01,5.220280000000000697e+00,2.835595000000000088e+00,-3.455559000000000225e+01,1.020793000000000106e+01,-1.994438999999999851e+01,3.902437999999999629e+00,8.915813999999999240e+00,-1.315571000000000090e+01,1.369408999999999921e+01,4.086439000000000021e+01,-5.876370999999999611e+01,6.298064000000000533e+02,0.000000000000000000e+00,0.000000000000000000e+00,1.331935000000000002e+01,-5.220280000000000697e+00,-2.835595000000000088e+00,-2.395589999999999975e+01,1.745785000000000053e+01,-1.174113999999999969e+01,2.068900999999999968e+01,1.390322000000000102e+01,-1.598536000000000001e+01,4.788212000000000046e+01,4.777926000000000073e+01,-7.325419000000000835e+01,6.285316000000000258e+02,0.000000000000000000e+00,0.000000000000000000e+00
1.369446000000000119e+01,4.786624999999999908e+00,2.531841999999999704e+00,-3.424526999999999788e+01,1.032217999999999947e+01,-1.890116000000000085e+01,3.889129000000000058e+00,9.312536999999998955e+00,-1.358990000000000009e+01,1.334787999999999819e+01,4.121459999999999724e+01,-5.717558999999999969e+01,6.314530999999999494e+02,0.000000000000000000e+00,0.000000000000000000e+00,1.369446000000000119e+01,-4.786624999999999908e+00,-2.531841999999999704e+00,-2.432007000000000119e+01,1.743280999999999992e+01,-1.344127999999999901e+01,2.033865000000000123e+01,1.355417000000000094e+01,-1.631928999999999874e+01,4.683774999999999977e+01,4.738121999999999900e+01,-7.283773000000000764e+01,6.285515000000000327e+02,0.000000000000000000e+00,0.000000000000000000e+00
1.325501000000000040e+01,4.751672000000000118e+00,2.514368999999999854e+00,-3.415632999999999697e+01,1.023680000000000057e+01,-1.933746000000000009e+01,5.005463999999999913e+00,8.628417000000000670e+00,-1.345611000000000068e+01,1.628404000000000096e+01,4.233244000000000540e+01,-5.491551999999999367e+01,6.337640999999999849e+02,0.000000000000000000e+00,0.000000000000000000e+00,1.325501000000000040e+01,-4.751672000000000118e+00,-2.514368999999999854e+00,-2.524909999999999854e+01,1.838165000000000049e+01,-1.196480000000000032e+01,1.976054999999999851e+01,1.439298999999999928e+01,-1.605117999999999867e+01,4.728340000000000032e+01,5.002284000000000219e+01,-6.863535000000000252e+01,6.335610000000000355e+02,0.000000000000000000e+00,0.000000000000000000e+00
1.201313999999999993e+01,5.052459999999999951e+00,2.032958999999999961e+00,-3.433596000000000004e+01,1.071171000000000006e+01,-1.801375000000000171e+01,5.611575000000000202e+00,9.528909999999999769e+00,-1.191277000000000008e+01,1.876422999999999774e+01,4.655885999999999569e+01,-5.312904000000000337e+01,6.362753999999999905e+02,0.000000000000000000e+00,0.000000000000000000e+00,1.201313999999999993e+01,-5.052459999999999951e+00,-2.032958999999999961e+00,-2.675469999999999970e+01,1.929712999999999923e+01,-1.330688999999999922e+01,2.013836000000000226e+01,1.537826000000000093e+01,-1.506233999999999895e+01,4.865110999999999564e+01,5.147299000000000291e+01,-6.613976999999999862e+01,6.374298999999999751e+02,0.000000000000000000e+00,0.000000000000000000e+00
1.125616000000000128e+01,4.566036000000000428e+00,1.735081000000000095e+00,-3.436340999999999468e+01,1.080766999999999989e+01,-1.564487000000000094e+01,7.182375000000000398e+00,1.028940000000000055e+01,-1.073080999999999996e+01,2.022292999999999807e+01,5.188333000000000084e+01,-4.959431000000000012e+01,9.447760999999999854e+01,0.000000000000000000e+00,0.000000000000000000e+00,1.125616000000000128e+01,-4.566036000000000428e+00,-1.735081000000000095e+00,-2.816220999999999819e+01,2.051972999999999914e+01,-8.906914999999999694e+00,2.040755000000000052e+01,1.675742999999999938e+01,-1.452147999999999861e+01,4.823297000000000168e+01,5.288049999999999784e+01,-6.295951999999999771e+01,2.842427999999999884e+02,0.000000000000000000e+00,0.000000000000000000e+00
1.125838999999999857e+01,4.895251999999999271e+00,1.243813999999999975e+00,-3.560902999999999707e+01,1.129452999999999996e+01,-1.617073999999999856e+01,6.866480000000000139e+00,1.077547999999999995e+01,-1.080276999999999887e+01,1.933723999999999776e+01,5.548745000000000260e+01,-4.335199999999999676e+01,2.904347000000000207e+02,0.000000000000000000e+00,0.000000000000000000e+00,1.125838999999999857e+01,-4.895251999999999271e+00,-1.243813999999999975e+00,-2.819352999999999909e+01,2.086541000000000068e+01,-7.853360000000000340e+00,2.146277999999999864e+01,1.640014000000000038e+01,-1.451534000000000013e+01,4.842534000000000560e+01,5.238092999999999932e+01,-5.854500999999999777e+01,2.896908000000000243e+02,0.000000000000000000e+00,0.000000000000000000e+00
1.058727999999999980e+01,4.098322000000000465e+00,1.444417999999999980e+00,-3.442649000000000115e+01,1.079222000000000037e+01,-1.504587999999999859e+01,8.548049999999999926e+00,1.002984000000000009e+01,-9.953649999999999665e+00,1.964705000000000013e+01,5.936569000000000074e+01,-3.695850999999999686e+01,4.718340999999999781e+02,0.000000000000000000e+00,0.000000000000000000e+00,1.058727999999999980e+01,-4.098322000000000465e+00,-1.444417999999999980e+00,-2.859087999999999852e+01,2.195507000000000275e+01,-8.211708999999999037e+00,2.117605000000000004e+01,1.658817000000000164e+01,-1.429782999999999937e+01,4.820421999999999940e+01,5.189637000000000455e+01,-5.604319000000000273e+01,2.954852000000000203e+02,0.000000000000000000e+00,0.000000000000000000e+00
9.759565000000000268e+00,3.589034999999999975e+00,1.138618000000000130e+00,-3.436854999999999905e+01,1.111038999999999888e+01,-1.296646000000000143e+01,1.006946999999999903e+01,1.063751000000000069e+01,-8.354322999999999055e+00,2.212695000000000078e+01,6.431654000000000337e+01,-3.323440000000000083e+01,4.778768999999999778e+02,0.000000000000000000e+00,0.000000000000000000e+00,9.759565000000000268e+00,-3.589034999999999975e+00,-1.138618000000000130e+00,-2.893554999999999922e+01,2.198277000000000214e+01,-6.721868999999999872e+00,2.092956000000000216e+01,1.639957000000000065e+01,-1.331582999999999828e+01,4.840905999999999665e+01,5.265333000000000396e+01,-5.489799000000000007e+01,2.985726999999999975e+02,0.000000000000000000e+00,0.000000000000000000e+00
9.856180000000000163e+00,3.605217999999999812e+00,1.145113999999999965e+00,-3.439084000000000430e+01,1.174293999999999905e+01,-1.264897000000000027e+01,1.110438999999999865e+01,1.080303999999999931e+01,-7.271686999999999124e+00,2.277182000000000173e+01,6.856489000000000544e+01,-2.741874000000000322e+01,4.855677000000000021e+02,0.000000000000000000e+00,0.000000000000000000e+00,9.856180000000000163e+00,-3.605217999999999812e+00,-1.145113999999999965e+00,-2.911915999999999727e+01,2.264292999999999978e+01,-6.776915999999999940e+00,2.193825999999999965e+01,1.677742000000000289e+01,-1.397517000000000031e+01,4.876174999999999926e+01,5.275815000000000055e+01,-5.058252000000000237e+01,3.057318000000000211e+02,0.000000000000000000e+00,0.000000000000000000e+00
9.858588000000001017e+00,3.611826999999999899e+00,1.104812000000000127e+00,-3.423727999999999838e+01,1.235735000000000028e+01,-1.135262999999999955e+01,1.229889999999999972e+01,1.069461000000000084e+01,-7.038374000000000130e+00,2.304504000000000019e+01,7.153923000000000343e+01,-2.479448000000000008e+01,3.166191999999999780e+02,0.000000000000000000e+00,0.000000000000000000e+00,9.858588000000001017e+00,-3.611826999999999899e+00,-1.104812000000000127e+00,-2.889130999999999716e+01,2.325012000000000256e+01,-7.277646999999999977e+00,2.250369999999999848e+01,1.662491999999999948e+01,-1.404241000000000028e+01,4.894707000000000363e+01,5.209369999999999834e+01,-4.993601999999999919e+01,3.066519999999999868e+02,0.000000000000000000e+00,0.000000000000000000e+00
9.107127000000000194e+00,3.100283000000000122e+00,8.080869999999999997e-01,-3.446092000000000155e+01,1.194406000000000034e+01,-1.100108999999999959e+01,1.312403999999999904e+01,1.085808999999999891e+01,-5.847144000000000119e+00,2.257101000000000113e+01,7.641563999999999623e+01,-2.071362000000000236e+01,3.218433999999999742e+02,0.000000000000000000e+00,0.000000000000000000e+00,9.107127000000000194e+00,-3.100283000000000122e+00,-8.080869999999999997e-01,-3.042479000000000156e+01,2.274652999999999992e+01,-5.503919999999999924e+00,2.116046000000000049e+01,1.727309999999999945e+01,-1.280468999999999902e+01,4.689137000000000199e+01,5.355104000000000042e+01,-4.660379000000000360e+01,3.119196999999999775e+02,0.000000000000000000e+00,0.000000000000000000e+00
9.030008000000000479e+00,3.105909999999999727e+00,8.013140999999999181e-01,-3.504861999999999966e+01,1.220798000000000094e+01,-1.049306999999999945e+01,1.380428999999999995e+01,1.134743999999999886e+01,-5.721614999999999895e+00,2.194200000000000017e+01,7.916584000000000287e+01,-1.591039999999999921e+01,3.281390999999999849e+02,0.000000000000000000e+00,0.000000000000000000e+00,9.030008000000000479e+00,-3.105909999999999727e+00,-8.013140999999999181e-01,-3.062857999999999947e+01,2.287190999999999974e+01,-7.157574999999999577e+00,2.134737000000000151e+01,1.729478999999999900e+01,-1.326471000000000089e+01,4.668784000000000134e+01,5.252004999999999768e+01,-4.411589000000000027e+01,3.138836999999999762e+02,0.000000000000000000e+00,0.000000000000000000e+00
9.030008000000000479e+00,3.105909999999999727e+00,8.013140999999999181e-01,-3.513725999999999772e+01,1.246116999999999919e+01,-9.632168000000000063e+00,1.427604000000000006e+01,1.119068000000000040e+01,-5.318176999999999488e+00,2.232671000000000205e+01,8.119068000000000040e+01,-1.243304999999999971e+01,3.315436000000000263e+02,0.000000000000000000e+00,0.000000000000000000e+00,9.030008000000000479e+00,-3.105909999999999727e+00,-8.013140999999999181e-01,-3.021274999999999977e+01,2.359271999999999991e+01,-6.006261000000000294e+00,2.185327000000000197e+01,1.726522999999999897e+01,-1.311594999999999978e+01,4.630380999999999858e+01,5.130185000000000173e+01,-4.208426000000000045e+01,3.157712000000000216e+02,0.000000000000000000e+00,0.000000000000000000e+00
9.030008000000000479e+00,3.105909999999999727e+00,8.013140999999999181e-01,-3.576355000000000217e+01,1.260256000000000043e+01,-1.115793000000000035e+01,1.497002999999999950e+01,1.117792999999999992e+01,-5.042724999999999902e+00,2.295882000000000289e+01,8.467663000000000295e+01,-8.890361999999999654e+00,3.350844000000000165e+02,0.000000000000000000e+00,0.000000000000000000e+00,9.030008000000000479e+00,-3.105909999999999727e+00,-8.013140999999999181e-01,-3.009134999999999849e+01,2.439492000000000260e+01,-5.500741000000000547e+00,2.202240000000000109e+01,1.716143999999999892e+01,-1.366549999999999976e+01,4.556521000000000043e+01,5.087991999999999848e+01,-3.776729999999999876e+01,3.223111000000000104e+02,0.000000000000000000e+00,0.000000000000000000e+00
9.069504999999999484e+00,3.106108000000000313e+00,8.012259000000000464e-01,-3.577076999999999884e+01,1.292319999999999958e+01,-8.779491000000000156e+00,1.543012000000000050e+01,1.101048999999999900e+01,-5.008274000000000115e+00,2.334215000000000018e+01,8.644673000000000229e+01,-6.329749999999999766e+00,3.383874999999999886e+02,0.000000000000000000e+00,0.000000000000000000e+00,9.069504999999999484e+00,-3.106108000000000313e+00,-8.012259000000000464e-01,-2.986042000000000129e+01,2.498488000000000042e+01,-5.912634999999999863e+00,2.259615000000000151e+01,1.704044999999999987e+01,-1.379335999999999984e+01,4.402094999999999914e+01,5.049822999999999951e+01,-3.146669999999999945e+01,3.301782999999999788e+02,0.000000000000000000e+00,0.000000000000000000e+00
9.136753999999999820e+00,2.626586999999999783e+00,5.074260999999999910e-01,-3.525885999999999854e+01,1.290226999999999968e+01,-9.299532000000001020e+00,1.680752000000000024e+01,1.122812000000000054e+01,-5.640400999999999776e+00,2.507078999999999880e+01,8.857876999999999157e+01,-3.431044000000000427e+00,3.417148000000000252e+02,0.000000000000000000e+00,0.000000000000000000e+00,9.136753999999999820e+00,-2.626586999999999783e+00,-5.074260999999999910e-01,-2.939750999999999692e+01,2.631943000000000055e+01,-7.432415999999999912e+00,2.349812999999999974e+01,1.670919999999999916e+01,-1.408760999999999974e+01,4.015006999999999948e+01,4.808633999999999986e+01,-2.441629000000000005e+01,3.389062000000000126e+02,0.000000000000000000e+00,0.000000000000000000e+00
8.675546999999999898e+00,2.335602999999999874e+00,9.980139999999999567e-01,-3.512474999999999881e+01,1.260233999999999988e+01,-8.832580000000000098e+00,1.781882999999999839e+01,1.100781999999999883e+01,-5.318851000000000440e+00,2.587752000000000052e+01,8.885160000000000480e+01,-2.971878999999999937e+00,3.429746999999999844e+02,0.000000000000000000e+00,0.000000000000000000e+00,8.675546999999999898e+00,-2.335602999999999874e+00,-9.980139999999999567e-01,-2.999979000000000084e+01,2.658542000000000272e+01,-5.615796999999999706e+00,2.298303999999999903e+01,1.668609999999999971e+01,-1.369472000000000200e+01,3.928197999999999723e+01,4.818509000000000242e+01,-2.360265000000000057e+01,3.399211999999999989e+02,0.000000000000000000e+00,0.000000000000000000e+00
8.405345999999999762e+00,1.825695000000000068e+00,7.009798999999999891e-01,-3.491470000000000340e+01,1.268841999999999892e+01,-1.072036999999999907e+01,1.890475999999999956e+01,1.072301000000000037e+01,-5.641955999999999527e+00,2.727295000000000158e+01,8.903374000000000876e+01,-1.060354000000000019e+00,3.458795999999999822e+02,0.000000000000000000e+00,0.000000000000000000e+00,8.405345999999999762e+00,-1.825695000000000068e+00,-7.009798999999999891e-01,-3.043922999999999845e+01,2.667784000000000333e+01,-6.757666000000000395e+00,2.236559000000000097e+01,1.650997000000000270e+01,-1.330405000000000015e+01,3.852779000000000309e+01,4.956633000000000067e+01,-1.977472999999999814e+01,3.443364000000000260e+02,0.000000000000000000e+00,0.000000000000000000e+00
8.334201000000000192e+00,1.829811000000000076e+00,6.950954000000000299e-01,-3.515689000000000419e+01,1.275441999999999965e+01,-1.070808000000000071e+01,1.888752999999999815e+01,1.075373999999999874e+01,-5.576222000000000456e+00,2.737002000000000024e+01,8.866825000000000045e+01,6.911064000000000096e-01,3.486791000000000054e+02,0.000000000000000000e+00,0.000000000000000000e+00,8.334201000000000192e+00,-1.829811000000000076e+00,-6.950954000000000299e-01,-3.012944999999999851e+01,2.775179000000000329e+01,-5.419020999999999866e+00,2.317530999999999963e+01,1.691919000000000040e+01,-1.390548999999999857e+01,3.840655000000000285e+01,4.926064000000000220e+01,-1.661286000000000129e+01,3.470409000000000219e+02,0.000000000000000000e+00,0.000000000000000000e+00
8.447725000000000151e+00,1.639817999999999998e+00,-8.771313999999999500e-02,-3.499850999999999601e+01,1.339833999999999925e+01,-1.047217000000000020e+01,1.934253999999999962e+01,1.160838999999999999e+01,-6.720530999999999366e+00,2.811584000000000216e+01,8.903078999999999610e+01,2.397291000000000061e+00,3.512894999999999754e+02,0.000000000000000000e+00,0.000000000000000000e+00,8.447725000000000151e+00,-1.639817999999999998e+00,8.771313999999999500e-02,-2.940274000000000143e+01,2.807785000000000153e+01,-6.653307000000000748e+00,2.366062000000000154e+01,1.622038999999999831e+01,-1.367340000000000089e+01,3.756906000000000034e+01,4.828058000000000050e+01,-1.487852000000000174e+01,3.499877000000000180e+02,0.000000000000000000e+00,0.000000000000000000e+00
7.974143999999999899e+00,1.157028000000000167e+00,-3.857703000000000104e-01,-3.725981999999999772e+01,9.561740999999999602e+00,-9.551788999999999419e+00,1.968308999999999997e+01,1.153868000000000116e+01,-6.361055000000000348e+00,2.831987999999999772e+01,8.926241000000000270e+01,3.924169999999999714e+00,3.535905999999999949e+02,0.000000000000000000e+00,0.000000000000000000e+00,7.974143999999999899e+00,-1.157028000000000167e+00,3.857703000000000104e-01,-3.095564000000000249e+01,2.574112000000000222e+01,-5.928770000000000095e+00,2.357003999999999877e+01,1.723894999999999911e+01,-1.436707000000000178e+01,3.587819000000000358e+01,4.936467999999999989e+01,-1.381869000000000014e+01,3.518983000000000061e+02,0.000000000000000000e+00,0.000000000000000000e+00
7.974286999999999459e+00,6.648876000000000230e-01,-6.835633000000000958e-01,-3.685110999999999848e+01,9.633922000000000097e+00,-9.123839000000000254e+00,2.037471000000000032e+01,1.177781000000000056e+01,-6.913733999999999824e+00,2.893934000000000140e+01,8.938056999999999164e+01,4.652451000000000114e+00,3.554495000000000005e+02,0.000000000000000000e+00,0.000000000000000000e+00,7.974286999999999459e+00,-6.648876000000000230e-01,6.835633000000000958e-01,-3.060753000000000057e+01,2.666182000000000230e+01,-6.563353999999999466e+00,2.308243999999999829e+01,1.699144000000000077e+01,-1.437204999999999977e+01,3.444977999999999696e+01,5.000694000000000017e+01,-1.074600000000000044e+01,3.553673999999999751e+02,0.000000000000000000e+00,0.000000000000000000e+00
7.724417999999999118e+00,6.614388000000001044e-01,-6.844591999999999343e-01,-3.658104000000000156e+01,9.924212999999999951e+00,-9.571825999999999723e+00,2.032066999999999979e+01,1.187077999999999989e+01,-7.000592000000000148e+00,2.892360999999999649e+01,8.911251999999998930e+01,5.342692999999999692e+00,3.598553999999999746e+02,0.000000000000000000e+00,0.000000000000000000e+00,7.724417999999999118e+00,-6.614388000000001044e-01,6.844591999999999343e-01,-2.967422999999999789e+01,2.705679999999999907e+01,-8.037039999999999296e+00,2.363758999999999943e+01,1.681106000000000122e+01,-1.455257000000000112e+01,3.445950999999999453e+01,5.007276999999999845e+01,-8.657372000000000511e+00,3.585188999999999737e+02,0.000000000000000000e+00,0.000000000000000000e+00
7.654082999999999970e+00,1.706855999999999929e-01,-9.743285999999999891e-01,-3.633462000000000103e+01,1.019118000000000102e+01,-8.886552000000000007e+00,2.082150999999999996e+01,1.216486000000000089e+01,-7.044389999999999041e+00,2.963372000000000028e+01,8.909081999999999368e+01,6.406098000000000070e+00,3.639574000000000069e+02,0.000000000000000000e+00,0.000000000000000000e+00,7.654082999999999970e+00,-1.706855999999999929e-01,9.743285999999999891e-01,-2.972207000000000221e+01,2.912832000000000221e+01,-7.172247999999999735e+00,2.408614999999999995e+01,1.777041000000000182e+01,-1.460926000000000080e+01,3.301803999999999917e+01,5.167497000000000185e+01,-5.788399000000000072e+00,3.611179000000000201e+02,0.000000000000000000e+00,0.000000000000000000e+00
7.693699999999999761e+00,1.699767000000000083e-01,-9.742378000000000426e-01,-3.679173000000000116e+01,1.023706000000000138e+01,-8.732664999999999011e+00,2.084123999999999910e+01,1.214801999999999893e+01,-6.757471000000000672e+00,3.097302000000000177e+01,8.880040999999999940e+01,7.294227999999999490e+00,3.666170000000000186e+02,0.000000000000000000e+00,0.000000000000000000e+00,7.693699999999999761e+00,-1.699767000000000083e-01,9.742378000000000426e-01,-2.920354000000000383e+01,2.964480000000000004e+01,-7.290022000000000446e+00,2.467634999999999934e+01,1.779067999999999827e+01,-1.472874000000000017e+01,3.313080999999999676e+01,5.193538000000000210e+01,-4.798210000000000086e+00,3.645138999999999783e+02,0.000000000000000000e+00,0.000000000000000000e+00
7.689099000000000572e+00,-3.184900999999999982e-01,-1.270723000000000047e+00,-3.653152999999999651e+01,1.085477999999999987e+01,-8.539654999999999774e+00,2.135395000000000110e+01,1.242283999999999899e+01,-6.871436000000000099e+00,3.211354000000000042e+01,8.878669000000000722e+01,7.737495000000000012e+00,3.700206000000000017e+02,0.000000000000000000e+00,0.000000000000000000e+00,7.689099000000000572e+00,3.184900999999999982e-01,1.270723000000000047e+00,-2.870047999999999888e+01,3.094215999999999767e+01,-7.247514999999999041e+00,2.514873000000000047e+01,1.794157000000000224e+01,-1.524230000000000018e+01,3.230169999999999675e+01,5.189081999999999795e+01,-1.018187999999999871e+00,3.698088000000000193e+02,0.000000000000000000e+00,0.000000000000000000e+00
7.719100999999999324e+00,-8.076560000000000406e-01,-1.567523999999999917e+00,-3.670156000000000063e+01,1.193778999999999968e+01,-8.350146000000000512e+00,2.137806000000000139e+01,1.299268999999999963e+01,-7.376232000000000788e+00,3.293810999999999467e+01,8.816546999999999912e+01,9.066121000000000762e+00,3.719445999999999799e+02,0.000000000000000000e+00,0.000000000000000000e+00,7.719100999999999324e+00,8.076560000000000406e-01,1.567523999999999917e+00,-2.751824999999999832e+01,3.269664000000000215e+01,-9.208669000000000437e+00,2.542125000000000057e+01,1.743902000000000285e+01,-1.611381000000000085e+01,3.048808000000000007e+01,5.160361999999999938e+01,2.821323000000000025e+00,3.743206000000000131e+02,0.000000000000000000e+00,0.000000000000000000e+00
7.719100999999999324e+00,-8.076560000000000406e-01,-1.567523999999999917e+00,-3.689405999999999608e+01,1.259526000000000145e+01,-7.564439999999999387e+00,2.189138999999999768e+01,1.287861000000000011e+01,-7.355399000000000242e+00,3.449596999999999980e+01,8.874994999999999834e+01,1.075851999999999897e+01,3.761883000000000266e+02,0.000000000000000000e+00,0.000000000000000000e+00,7.719100999999999324e+00,8.076560000000000406e-01,1.567523999999999917e+00,-2.744112000000000151e+01,3.233198000000000150e+01,-8.632113000000000369e+00,2.556606999999999985e+01,1.739882000000000062e+01,-1.652262999999999948e+01,3.053827000000000069e+01,5.151887999999999579e+01,4.947505000000000486e+00,3.771745000000000232e+02,0.000000000000000000e+00,0.000000000000000000e+00
7.713725999999999416e+00,-8.077036999999999134e-01,-1.566440000000000055e+00,-3.659379000000000559e+01,1.663178999999999874e+01,-6.359674000000000049e+00,2.444388999999999967e+01,1.390193999999999974e+01,-8.367778999999998746e+00,3.754702000000000339e+01,8.878706999999999994e+01,1.396359999999999957e+01,3.812502999999999815e+02,0.000000000000000000e+00,0.000000000000000000e+00,7.713725999999999416e+00,8.077036999999999134e-01,1.566440000000000055e+00,-2.736100000000000065e+01,3.173502000000000223e+01,-8.128538000000000707e+00,2.543082000000000065e+01,1.685680999999999941e+01,-1.631514999999999915e+01,3.067725999999999686e+01,5.118944000000000472e+01,5.701633000000000173e+00,3.783528999999999769e+02,0.000000000000000000e+00,0.000000000000000000e+00
7.276827000000000822e+00,-6.189067999999999792e-01,-7.883114999999999428e-01,-3.615404999999999802e+01,1.667352999999999952e+01,-5.672937999999999370e+00,2.582522000000000162e+01,1.400891000000000020e+01,-8.013328999999998814e+00,3.954330000000000211e+01,8.849058000000000845e+01,1.418233999999999995e+01,3.809870000000000232e+02,0.000000000000000000e+00,0.000000000000000000e+00,7.276827000000000822e+00,6.189067999999999792e-01,7.883114999999999428e-01,-2.801462000000000074e+01,3.183990000000000009e+01,-8.124423000000000172e+00,2.554603999999999786e+01,1.772543999999999897e+01,-1.610857000000000028e+01,3.056475999999999615e+01,5.174320000000000164e+01,6.322940000000000005e+00,3.793433999999999742e+02,0.000000000000000000e+00,0.000000000000000000e+00
7.239275999999999378e+00,-1.267803000000000124e-01,-4.904765999999999848e-01,-3.589175999999999789e+01,1.883633000000000024e+01,-6.088727999999999696e+00,2.666505999999999688e+01,1.464780000000000015e+01,-7.824502000000000734e+00,3.966891999999999996e+01,8.806919999999999504e+01,1.559430000000000049e+01,3.834227999999999952e+02,0.000000000000000000e+00,0.000000000000000000e+00,7.239275999999999378e+00,1.267803000000000124e-01,4.904765999999999848e-01,-2.744149000000000171e+01,3.250186000000000064e+01,-6.801880000000000592e+00,2.555699999999999861e+01,1.815060000000000073e+01,-1.621652999999999878e+01,3.088939000000000235e+01,5.260455000000000325e+01,7.738466000000000733e+00,3.814701999999999771e+02,0.000000000000000000e+00,0.000000000000000000e+00
7.239275999999999378e+00,-1.267803000000000124e-01,-4.904765999999999848e-01,-3.550692000000000093e+01,1.906987999999999772e+01,-6.910071000000000296e+00,2.683142000000000138e+01,1.460106000000000037e+01,-8.402865000000000251e+00,4.020275999999999783e+01,8.725437999999999761e+01,1.647119999999999962e+01,3.844986000000000104e+02,0.000000000000000000e+00,0.000000000000000000e+00,7.239275999999999378e+00,1.267803000000000124e-01,4.904765999999999848e-01,-2.669349000000000061e+01,3.379390000000000072e+01,-7.923960000000001003e+00,2.624790999999999741e+01,1.858606999999999942e+01,-1.655389999999999873e+01,3.042470999999999748e+01,5.211637000000000342e+01,9.260392999999998764e+00,3.833344000000000165e+02,0.000000000000000000e+00,0.000000000000000000e+00
6.944132999999999889e+00,-1.237089999999999856e-01,-4.907909999999999773e-01,-3.530172999999999917e+01,1.920277999999999707e+01,-6.677152000000000420e+00,2.676332000000000022e+01,1.474557000000000073e+01,-8.138870999999999967e+00,4.067678000000000083e+01,8.633763000000000432e+01,1.738915000000000077e+01,3.858994999999999891e+02,0.000000000000000000e+00,0.000000000000000000e+00,6.944132999999999889e+00,1.237089999999999856e-01,4.907909999999999773e-01,-2.615028999999999826e+01,3.393364000000000402e+01,-8.216950999999999894e+00,2.673075000000000045e+01,1.874934999999999974e+01,-1.635842000000000240e+01,3.043340999999999852e+01,5.200090000000000146e+01,1.125445000000000029e+01,3.852812000000000126e+02,0.000000000000000000e+00,0.000000000000000000e+00
6.885424000000000433e+00,-1.257958000000000132e-01,-4.866632000000000735e-01,-3.512693000000000154e+01,1.986886000000000152e+01,-6.245954000000000228e+00,2.749430999999999869e+01,1.475890000000000057e+01,-8.229642999999999375e+00,4.064925000000000210e+01,8.439676000000000045e+01,1.931552000000000291e+01,3.878428999999999860e+02,0.000000000000000000e+00,0.000000000000000000e+00,6.885424000000000433e+00,1.257958000000000132e-01,4.866632000000000735e-01,-2.563253999999999877e+01,3.413294000000000494e+01,-8.184788000000001063e+00,2.670025999999999655e+01,1.868886000000000180e+01,-1.636142999999999859e+01,3.065034000000000347e+01,5.132780000000000342e+01,1.153462000000000032e+01,3.855439999999999827e+02,0.000000000000000000e+00,0.000000000000000000e+00
6.885424000000000433e+00,-1.257958000000000132e-01,-4.866632000000000735e-01,-3.461184000000000083e+01,2.098560000000000159e+01,-6.164157000000000330e+00,2.777899000000000385e+01,1.494653999999999883e+01,-8.876464999999999606e+00,3.904150999999999527e+01,8.258308000000000959e+01,2.207405999999999935e+01,3.906304000000000087e+02,0.000000000000000000e+00,0.000000000000000000e+00,6.885424000000000433e+00,1.257958000000000132e-01,4.866632000000000735e-01,-2.532262000000000057e+01,3.457117000000000218e+01,-8.156771000000000882e+00,2.715399000000000385e+01,1.883783000000000030e+01,-1.693825999999999965e+01,3.031227000000000160e+01,5.116982000000000141e+01,1.312911000000000072e+01,3.871542000000000030e+02,0.000000000000000000e+00,0.000000000000000000e+00
6.468573999999999380e+00,-6.179180999999999147e-01,-7.864409000000001093e-01,-3.411475000000000080e+01,2.215521999999999991e+01,-5.839264000000000010e+00,2.827479000000000298e+01,1.591408999999999985e+01,-8.666107999999999478e+00,3.895100000000000051e+01,8.261563000000001011e+01,2.295270000000000010e+01,3.915389999999999873e+02,0.000000000000000000e+00,0.000000000000000000e+00,6.468573999999999380e+00,6.179180999999999147e-01,7.864409000000001093e-01,-2.529057999999999851e+01,3.425454000000000576e+01,-8.364382000000000872e+00,2.691854999999999976e+01,1.857476000000000127e+01,-1.623969999999999914e+01,2.966009000000000384e+01,5.078922000000000025e+01,1.413893999999999984e+01,3.886284999999999741e+02,0.000000000000000000e+00,0.000000000000000000e+00
6.473099999999999632e+00,-6.178803000000000489e-01,-7.869885999999999271e-01,-3.386115999999999815e+01,2.352687999999999846e+01,-5.624991999999999770e+00,2.836090999999999696e+01,1.595289000000000001e+01,-9.024606000000000350e+00,3.904583000000000226e+01,8.158048000000000854e+01,2.444717999999999947e+01,3.929306000000000267e+02,0.000000000000000000e+00,0.000000000000000000e+00,6.473099999999999632e+00,6.178803000000000489e-01,7.869885999999999271e-01,-2.454240000000000066e+01,3.458440000000000225e+01,-1.047690000000000055e+01,2.718399000000000143e+01,1.810419999999999874e+01,-1.713572999999999880e+01,2.830150999999999684e+01,5.044932000000000016e+01,1.634048999999999907e+01,3.910414999999999850e+02,0.000000000000000000e+00,0.000000000000000000e+00
6.460609999999999964e+00,-1.108594000000000079e+00,-1.084095999999999949e+00,-3.322305999999999671e+01,2.357263999999999982e+01,-6.134609999999999452e+00,2.889164000000000243e+01,1.621565999999999974e+01,-9.168564999999999188e+00,3.907880999999999716e+01,8.081967000000000212e+01,2.541702000000000083e+01,3.939873000000000047e+02,0.000000000000000000e+00,0.000000000000000000e+00,6.460609999999999964e+00,1.108594000000000079e+00,1.084095999999999949e+00,-2.459252000000000038e+01,3.406015999999999622e+01,-8.141944999999999766e+00,2.683452000000000126e+01,1.821271000000000129e+01,-1.751087000000000060e+01,2.743420000000000059e+01,5.044887999999999550e+01,1.783683999999999870e+01,3.930070000000000050e+02,0.000000000000000000e+00,0.000000000000000000e+00
6.500504000000000282e+00,-1.109234000000000053e+00,-1.084011000000000058e+00,-3.342173999999999978e+01,2.384952999999999790e+01,-5.480285000000000295e+00,2.890177999999999869e+01,1.619697999999999993e+01,-9.205280000000000129e+00,3.761514999999999986e+01,7.979041999999999746e+01,2.708157999999999888e+01,3.958947999999999752e+02,0.000000000000000000e+00,0.000000000000000000e+00,6.500504000000000282e+00,1.109234000000000053e+00,1.084011000000000058e+00,-2.408350000000000080e+01,3.477353000000000094e+01,-8.627594999999999459e+00,2.730400999999999812e+01,1.811064000000000007e+01,-1.731834999999999880e+01,2.671930999999999656e+01,5.050197999999999610e+01,1.929456000000000060e+01,3.941763000000000261e+02,0.000000000000000000e+00,0.000000000000000000e+00
6.527374000000000009e+00,-1.600408999999999970e+00,-1.382066999999999934e+00,-3.269415999999999656e+01,2.468084999999999951e+01,-5.424472999999999878e+00,2.950790999999999897e+01,1.694947999999999766e+01,-9.415392000000000650e+00,3.686449000000000353e+01,7.960026999999999475e+01,2.892192000000000007e+01,3.972325999999999908e+02,0.000000000000000000e+00,0.000000000000000000e+00,6.527374000000000009e+00,1.600408999999999970e+00,1.382066999999999934e+00,-2.392047000000000168e+01,3.507585999999999871e+01,-8.415853000000000250e+00,2.715394000000000219e+01,1.851728999999999914e+01,-1.743298000000000059e+01,2.555822999999999823e+01,5.052849000000000501e+01,2.122954000000000008e+01,3.957645999999999731e+02,0.000000000000000000e+00,0.000000000000000000e+00
6.527374000000000009e+00,-1.600408999999999970e+00,-1.382066999999999934e+00,-3.291282000000000352e+01,2.493587999999999738e+01,-5.144525999999999932e+00,2.933537999999999712e+01,1.699563999999999808e+01,-8.973597999999999075e+00,3.636735999999999791e+01,7.958490000000000464e+01,2.981653000000000020e+01,3.981096999999999753e+02,0.000000000000000000e+00,0.000000000000000000e+00,6.527374000000000009e+00,1.600408999999999970e+00,1.382066999999999934e+00,-2.364029000000000025e+01,3.556130000000000280e+01,-1.071063999999999972e+01,2.777424000000000248e+01,1.836082999999999998e+01,-1.782542000000000115e+01,2.501152000000000086e+01,5.081696999999999775e+01,2.252599000000000018e+01,3.970602000000000089e+02,0.000000000000000000e+00,0.000000000000000000e+00
6.504696000000000033e+00,-2.090431000000000150e+00,-1.679624000000000228e+00,-3.202960999999999814e+01,2.543768999999999991e+01,-5.425187000000000204e+00,2.986844999999999928e+01,1.725844999999999985e+01,-9.118318999999999619e+00,3.610116000000000014e+01,7.881925999999999988e+01,3.042930999999999742e+01,3.986259999999999764e+02,0.000000000000000000e+00,0.000000000000000000e+00,6.504696000000000033e+00,2.090431000000000150e+00,1.679624000000000228e+00,-2.390282999999999802e+01,3.512980000000000302e+01,-8.768940999999999875e+00,2.724984000000000250e+01,1.824492000000000047e+01,-1.759900000000000020e+01,2.439506000000000085e+01,5.045885999999999427e+01,2.246108999999999867e+01,3.973779000000000110e+02,0.000000000000000000e+00,0.000000000000000000e+00
6.504696000000000033e+00,-2.090431000000000150e+00,-1.679624000000000228e+00,-3.164544000000000068e+01,2.522221000000000046e+01,-5.499006999999999756e+00,3.004259000000000057e+01,1.722353000000000023e+01,-9.576419999999998822e+00,3.545027000000000328e+01,7.798376000000000374e+01,3.077517000000000280e+01,3.998367000000000075e+02,0.000000000000000000e+00,0.000000000000000000e+00,6.504696000000000033e+00,2.090431000000000150e+00,1.679624000000000228e+00,-2.360705000000000098e+01,3.500520000000000209e+01,-1.069392999999999994e+01,2.731150999999999840e+01,1.815795999999999921e+01,-1.782607000000000141e+01,2.368412999999999968e+01,5.031893000000000171e+01,2.248404000000000025e+01,3.974923999999999751e+02,0.000000000000000000e+00,0.000000000000000000e+00
6.536413999999999724e+00,-1.896768000000000010e+00,-8.932175999999999449e-01,-3.149427000000000021e+01,2.463299999999999912e+01,-5.911027999999999949e+00,2.973672999999999789e+01,1.652906000000000120e+01,-9.192244000000000526e+00,3.446567999999999898e+01,7.691859000000000890e+01,3.164379999999999882e+01,3.999146000000000072e+02,0.000000000000000000e+00,0.000000000000000000e+00,6.536413999999999724e+00,1.896768000000000010e+00,8.932175999999999449e-01,-2.251662999999999926e+01,3.477630999999999517e+01,-8.756149000000000626e+00,2.763517999999999830e+01,1.884207999999999927e+01,-1.823367999999999967e+01,2.316740000000000066e+01,5.122984000000000293e+01,2.277356999999999942e+01,3.982715999999999781e+02,0.000000000000000000e+00,0.000000000000000000e+00
6.531842000000000148e+00,-1.896824999999999983e+00,-8.925956999999999919e-01,-3.062781999999999982e+01,2.555512000000000228e+01,-6.846636999999999418e+00,2.988247000000000142e+01,1.708049000000000106e+01,-9.568217999999999890e+00,3.404120000000000346e+01,7.689343000000000927e+01,3.244394000000000489e+01,4.008342000000000098e+02,0.000000000000000000e+00,0.000000000000000000e+00,6.531842000000000148e+00,1.896824999999999983e+00,8.925956999999999919e-01,-2.217957000000000178e+01,3.489280000000000115e+01,-1.167363999999999891e+01,2.758117999999999981e+01,1.834572000000000003e+01,-1.817693999999999832e+01,2.285773000000000010e+01,5.113160999999999490e+01,2.230520999999999887e+01,3.984320000000000164e+02,0.000000000000000000e+00,0.000000000000000000e+00
5.761181999999999803e+00,-1.393662000000000178e+00,-5.958128999999999786e-01,-3.127152999999999849e+01,2.573460000000000036e+01,-3.531173999999999591e+00,2.980672000000000210e+01,1.791997000000000284e+01,-7.989577000000000595e+00,3.286584000000000572e+01,7.756004000000000076e+01,3.248940999999999946e+01,4.009932000000000016e+02,0.000000000000000000e+00,0.000000000000000000e+00,5.761181999999999803e+00,1.393662000000000178e+00,5.958128999999999786e-01,-2.144199000000000055e+01,3.513750000000000284e+01,-9.848561000000000121e+00,2.843628000000000000e+01,1.934965000000000046e+01,-1.766003999999999863e+01,2.323277999999999821e+01,5.175789999999999935e+01,2.222110999999999947e+01,3.984800999999999931e+02,0.000000000000000000e+00,0.000000000000000000e+00
5.761181999999999803e+00,-1.393662000000000178e+00,-5.958128999999999786e-01,-3.121294999999999931e+01,2.484175000000000111e+01,-5.533026999999999695e+00,2.924282000000000181e+01,1.740962999999999994e+01,-8.889875999999999223e+00,3.324116000000000071e+01,7.670774000000000115e+01,3.006770999999999816e+01,3.982182000000000244e+02,0.000000000000000000e+00,0.000000000000000000e+00,5.761181999999999803e+00,1.393662000000000178e+00,5.958128999999999786e-01,-2.100808999999999926e+01,3.517430999999999841e+01,-8.492710999999999899e+00,2.843628000000000000e+01,1.934965000000000046e+01,-1.766003999999999863e+01,2.282297999999999760e+01,5.080095999999999634e+01,2.033243999999999829e+01,3.973075999999999794e+02,0.000000000000000000e+00,0.000000000000000000e+00
5.772517999999999816e+00,-1.695230000000000015e+00,-1.066701000000000038e-01,-3.052704999999999913e+01,2.004162999999999784e+01,-6.344864000000000281e+00,2.676437999999999917e+01,1.533822000000000152e+01,-7.304688000000000514e+00,3.322892000000000223e+01,7.455225000000000080e+01,2.375485000000000113e+01,3.929218000000000188e+02,0.000000000000000000e+00,0.000000000000000000e+00,5.772517999999999816e+00,1.695230000000000015e+00,1.066701000000000038e-01,-2.319134999999999991e+01,3.163504000000000360e+01,-8.636029999999999873e+00,2.576506000000000185e+01,1.782827999999999946e+01,-1.646747999999999834e+01,2.251225000000000165e+01,4.719055999999999784e+01,1.316197000000000195e+01,3.905260999999999854e+02,0.000000000000000000e+00,0.000000000000000000e+00
6.581227000000000160e+00,-2.193026999999999838e+00,-4.034997000000000167e-01,-2.961277999999999722e+01,1.789237999999999928e+01,-9.698471000000001396e+00,2.501540999999999926e+01,1.348620999999999981e+01,-7.969319000000000486e+00,3.100422999999999973e+01,6.924233999999999867e+01,2.010957999999999757e+01,3.894531999999999812e+02,0.000000000000000000e+00,0.000000000000000000e+00,6.581227000000000160e+00,2.193026999999999838e+00,4.034997000000000167e-01,-2.301136999999999944e+01,2.789982999999999791e+01,-1.383951000000000064e+01,2.416847000000000278e+01,1.303617999999999988e+01,-1.682800999999999902e+01,2.128443000000000040e+01,4.090532999999999930e+01,9.944383000000000195e+00,3.869549999999999841e+02,0.000000000000000000e+00,0.000000000000000000e+00
6.640222000000000513e+00,-2.488049000000000177e+00,8.513811999999999769e-02,-2.897030999999999779e+01,1.388947000000000109e+01,-1.097598999999999947e+01,2.238178999999999874e+01,1.148192000000000057e+01,-7.346449999999999925e+00,2.916857000000000255e+01,6.153830999999999563e+01,1.465564999999999962e+01,3.809119000000000028e+02,0.000000000000000000e+00,0.000000000000000000e+00,6.640222000000000513e+00,2.488049000000000177e+00,-8.513811999999999769e-02,-2.305708999999999875e+01,2.604756000000000071e+01,-1.427643999999999913e+01,2.366873999999999967e+01,1.136521000000000114e+01,-1.676581000000000188e+01,2.127577999999999747e+01,3.771312999999999960e+01,8.375705999999999207e+00,3.841086999999999989e+02,0.000000000000000000e+00,0.000000000000000000e+00
7.428655000000000008e+00,-2.983740000000000059e+00,-2.123050999999999966e-01,-2.829652000000000100e+01,1.082202000000000019e+01,-1.397017000000000131e+01,2.154787999999999926e+01,8.897227000000000885e+00,-8.645430000000001058e+00,2.817905999999999622e+01,5.180254000000000048e+01,1.337199999999999989e+01,3.785880999999999972e+02,0.000000000000000000e+00,0.000000000000000000e+00,7.428655000000000008e+00,2.983740000000000059e+00,2.123050999999999966e-01,-2.186416000000000182e+01,1.938870999999999967e+01,-1.955258999999999858e+01,2.210914000000000001e+01,5.693519000000000219e+00,-1.645401999999999987e+01,1.907505000000000095e+01,2.904530999999999707e+01,8.916903999999998831e+00,3.827203999999999837e+02,0.000000000000000000e+00,0.000000000000000000e+00
8.234283999999998827e+00,-2.988268999999999842e+00,-2.126130999999999993e-01,-2.743243000000000009e+01,9.876932999999999296e+00,-1.535050000000000026e+01,2.085477000000000203e+01,7.460555999999999521e+00,-9.327086999999998795e+00,2.745385999999999882e+01,4.630478000000000094e+01,1.640485999999999933e+01,3.822028000000000247e+02,0.000000000000000000e+00,0.000000000000000000e+00,8.234283999999998827e+00,2.988268999999999842e+00,2.126130999999999993e-01,-2.145280999999999949e+01,1.726803999999999917e+01,-2.148248999999999853e+01,2.162052000000000263e+01,3.022870999999999864e+00,-1.736182999999999765e+01,1.418332000000000193e+01,2.607490999999999914e+01,1.295923999999999943e+01,3.850317999999999756e+02,0.000000000000000000e+00,0.000000000000000000e+00
9.022416999999999021e+00,-3.286239000000000132e+00,2.767999999999999905e-01,-2.616578999999999766e+01,7.048141999999999463e+00,-1.818952999999999776e+01,2.185209000000000046e+01,3.909751000000000420e+00,-1.086123999999999867e+01,2.810597999999999885e+01,3.829650000000000176e+01,1.949777999999999878e+01,3.816173999999999751e+02,0.000000000000000000e+00,0.000000000000000000e+00,9.022416999999999021e+00,3.286239000000000132e+00,-2.767999999999999905e-01,-2.127433999999999870e+01,1.607121000000000066e+01,-2.196666000000000096e+01,2.080617999999999768e+01,2.116643999999999970e+00,-1.859744999999999848e+01,3.790121000000000073e+00,2.272129999999999939e+01,2.170204000000000022e+01,3.892262999999999806e+02,0.000000000000000000e+00,0.000000000000000000e+00
1.025683000000000078e+01,-2.486177999999999777e+00,8.504488000000000325e-02,-2.457187000000000054e+01,5.218663999999999525e+00,-2.189740000000000109e+01,2.239546999999999954e+01,1.851093000000000099e+00,-1.233856000000000108e+01,2.722947999999999880e+01,3.047182000000000102e+01,2.592302000000000106e+01,3.855344000000000051e+02,0.000000000000000000e+00,0.000000000000000000e+00,1.025683000000000078e+01,2.486177999999999777e+00,-8.504488000000000325e-02,-1.968331000000000230e+01,1.532000000000000028e+01,-2.513870000000000005e+01,2.120691000000000059e+01,8.523178999999999617e-01,-2.039877000000000251e+01,-3.842555000000000387e+00,1.989023999999999859e+01,3.132147999999999755e+01,3.966927999999999770e+02,0.000000000000000000e+00,0.000000000000000000e+00
1.105166000000000004e+01,-2.192660000000000053e+00,-4.036057000000000117e-01,-2.367232000000000269e+01,4.826273999999999731e+00,-2.198806000000000083e+01,2.291043999999999770e+01,1.841466000000000047e+00,-1.383660000000000068e+01,2.047888000000000019e+01,2.144640000000000057e+01,3.334526999999999930e+01,3.891614999999999895e+02,0.000000000000000000e+00,0.000000000000000000e+00,1.105166000000000004e+01,2.192660000000000053e+00,4.036057000000000117e-01,-1.883017000000000252e+01,1.472983999999999938e+01,-2.619404000000000110e+01,2.166403000000000034e+01,6.140687000000000229e-01,-2.112972000000000250e+01,-1.060593999999999859e+01,1.586403999999999925e+01,4.106924000000000063e+01,4.021331999999999880e+02,0.000000000000000000e+00,0.000000000000000000e+00
1.179576000000000136e+01,-2.859853999999999896e+00,-1.482026000000000066e+00,-2.461021000000000214e+01,3.761601999999999890e+00,-2.476304000000000016e+01,2.003463999999999956e+01,2.022804000000000268e+00,-1.460035000000000061e+01,1.378529999999999944e+01,1.755367999999999995e+01,3.547050999999999732e+01,3.906250999999999749e+02,0.000000000000000000e+00,0.000000000000000000e+00,1.179576000000000136e+01,2.859853999999999896e+00,1.482026000000000066e+00,-1.900656000000000034e+01,1.358394999999999975e+01,-2.631445999999999685e+01,2.073874999999999957e+01,-2.266465000000000146e-02,-2.090566000000000102e+01,-1.534892000000000145e+01,1.429904999999999937e+01,4.489012999999999920e+01,4.053770999999999844e+02,0.000000000000000000e+00,0.000000000000000000e+00
1.185401000000000060e+01,-3.160047999999999746e+00,-9.949781999999999238e-01,-2.417774999999999963e+01,3.493001999999999718e+00,-2.311312000000000211e+01,2.026367999999999725e+01,2.116429000000000116e+00,-1.408337999999999823e+01,1.481248999999999860e+01,1.696997000000000000e+01,3.492146999999999935e+01,3.895980999999999881e+02,0.000000000000000000e+00,0.000000000000000000e+00,1.185401000000000060e+01,3.160047999999999746e+00,9.949781999999999238e-01,-1.971077000000000012e+01,1.374697999999999887e+01,-2.712004000000000303e+01,2.016301999999999950e+01,-9.220878999999999881e-02,-2.060812999999999917e+01,-1.796604999999999919e+01,1.424760999999999989e+01,4.517211999999999961e+01,4.051385000000000218e+02,0.000000000000000000e+00,0.000000000000000000e+00
1.184578999999999915e+01,-3.160104000000000024e+00,-9.942992000000000496e-01,-2.440981000000000023e+01,3.581923999999999886e+00,-2.332132999999999967e+01,2.016009000000000029e+01,2.111868999999999996e+00,-1.423242999999999903e+01,1.385017000000000031e+01,1.644351999999999947e+01,3.530269000000000545e+01,3.897309999999999945e+02,0.000000000000000000e+00,0.000000000000000000e+00,1.184578999999999915e+01,3.160104000000000024e+00,9.942992000000000496e-01,-1.990576000000000079e+01,1.369638999999999918e+01,-2.639164999999999850e+01,1.961296000000000106e+01,2.078344000000000025e-02,-2.062302000000000035e+01,-1.722226000000000212e+01,1.431690000000000040e+01,4.399224000000000245e+01,4.060188999999999737e+02,0.000000000000000000e+00,0.000000000000000000e+00
1.184578999999999915e+01,-3.160104000000000024e+00,-9.942992000000000496e-01,-2.454593999999999809e+01,3.829741999999999980e+00,-2.323139000000000109e+01,1.976390999999999920e+01,2.756170000000000009e+00,-1.435778999999999961e+01,1.437529999999999930e+01,1.644116999999999962e+01,3.484351999999999805e+01,3.891673999999999864e+02,0.000000000000000000e+00,0.000000000000000000e+00,1.184578999999999915e+01,3.160104000000000024e+00,9.942992000000000496e-01,-2.008811999999999998e+01,1.374150000000000027e+01,-2.843710000000000093e+01,1.957477000000000089e+01,1.904033000000000114e-02,-2.048977000000000004e+01,-1.772975999999999885e+01,1.401336000000000048e+01,4.439938000000000073e+01,4.060090999999999894e+02,0.000000000000000000e+00,0.000000000000000000e+00
1.184578999999999915e+01,-3.160104000000000024e+00,-9.942992000000000496e-01,-2.457930999999999955e+01,4.172608000000000317e+00,-2.285052999999999912e+01,1.959110000000000085e+01,2.797803000000000040e+00,-1.383867000000000047e+01,1.415412999999999855e+01,1.641647000000000034e+01,3.457467000000000468e+01,3.890729999999999791e+02,0.000000000000000000e+00,0.000000000000000000e+00,1.184578999999999915e+01,3.160104000000000024e+00,9.942992000000000496e-01,-2.021252999999999744e+01,1.383943999999999974e+01,-2.751694000000000173e+01,1.954628999999999905e+01,-1.326595000000000135e-01,-2.055709999999999837e+01,-1.693915000000000148e+01,1.404752999999999830e+01,4.365838000000000108e+01,4.054409999999999741e+02,0.000000000000000000e+00,0.000000000000000000e+00
1.184578999999999915e+01,-3.160104000000000024e+00,-9.942992000000000496e-01,-2.481602000000000174e+01,4.211041000000000700e+00,-2.260792999999999964e+01,1.959110000000000085e+01,2.797803000000000040e+00,-1.383867000000000047e+01,1.426923999999999992e+01,1.622297000000000011e+01,3.465065999999999491e+01,3.887814999999999941e+02,0.000000000000000000e+00,0.000000000000000000e+00,1.184578999999999915e+01,3.160104000000000024e+00,9.942992000000000496e-01,-2.021218000000000004e+01,1.383502000000000187e+01,-2.754500000000000171e+01,1.954628999999999905e+01,-1.326595000000000135e-01,-2.055709999999999837e+01,-1.754137000000000057e+01,1.398475000000000001e+01,4.346334999999999837e+01,4.059304000000000201e+02,0.000000000000000000e+00,0.000000000000000000e+00
1.184578999999999915e+01,-3.160104000000000024e+00,-9.942992000000000496e-01,-2.476957000000000164e+01,4.206013999999999697e+00,-2.266835000000000022e+01,1.964451999999999998e+01,2.803367999999999860e+00,-1.395744999999999969e+01,1.435262999999999955e+01,1.609903999999999868e+01,3.460202999999999918e+01,3.886648000000000138e+02,0.000000000000000000e+00,0.000000000000000000e+00,1.184578999999999915e+01,3.160104000000000024e+00,9.942992000000000496e-01,-2.044104000000000099e+01,1.372031000000000134e+01,-2.714875999999999934e+01,1.960628999999999778e+01,-1.302981000000000000e-01,-2.069782999999999973e+01,-1.727150999999999925e+01,1.396088999999999913e+01,4.308597999999999928e+01,4.054900000000000091e+02,0.000000000000000000e+00,0.000000000000000000e+00
