-1.485557999999999801e+01,4.730573000000000583e+00,-1.137504999999999988e+00,-3.038854999999999862e+01,1.347833999999999977e+00,1.403279999999999994e+01,1.391310000000000002e+01,7.638375000000000199e-03,-9.016842999999999719e+00,1.836777999999999800e+00,1.704726000000000141e+01,-3.524880000000000280e+01,-7.818012999999999693e+02,0.000000000000000000e+00,0.000000000000000000e+00,-1.485557999999999801e+01,-4.730573000000000583e+00,1.137504999999999988e+00,-2.581677000000000177e+01,9.541091999999998796e-01,1.243596000000000146e+01,1.962973999999999819e+01,7.316727999999999454e+00,-1.172023000000000081e+01,3.001219000000000392e+01,2.109525000000000006e+01,-5.197489999999999810e+01,-8.039142000000000507e+02,0.000000000000000000e+00,0.000000000000000000e+00
-1.485557999999999801e+01,4.730573000000000583e+00,-1.137504999999999988e+00,-3.159339999999999904e+01,1.328562000000000021e+00,1.456569000000000003e+01,1.368670000000000009e+01,4.487251000000000434e-01,-8.383438999999999197e+00,7.013225000000000708e-01,1.993041000000000196e+01,-3.707556999999999903e+01,-7.851182999999999765e+02,0.000000000000000000e+00,0.000000000000000000e+00,-1.485557999999999801e+01,-4.730573000000000583e+00,1.137504999999999988e+00,-2.594487000000000165e+01,5.236167999999999934e-01,1.243836000000000119e+01,1.962973999999999819e+01,7.316727999999999454e+00,-1.172023000000000081e+01,3.002395999999999887e+01,2.169102999999999781e+01,-5.254344000000000392e+01,-8.053005000000000564e+02,0.000000000000000000e+00,0.000000000000000000e+00
-1.484244999999999948e+01,4.248454999999999870e+00,-1.443411000000000000e+00,-3.131701999999999941e+01,1.482132999999999923e+00,1.544486000000000026e+01,1.364240999999999993e+01,1.406563999999999925e+00,-7.940158000000000271e+00,5.895249999999999657e-01,2.126887999999999934e+01,-3.975380999999999432e+01,-7.881431999999999789e+02,0.000000000000000000e+00,0.000000000000000000e+00,-1.484244999999999948e+01,-4.248454999999999870e+00,1.443411000000000000e+00,-2.683595999999999648e+01,4.501544000000000101e-01,1.228648999999999880e+01,1.882528999999999897e+01,7.451508999999999716e+00,-1.124310000000000009e+01,2.897792000000000101e+01,2.176999999999999957e+01,-5.380650999999999584e+01,-8.069226999999999634e+02,0.000000000000000000e+00,0.000000000000000000e+00
-1.432267000000000046e+01,4.237173000000000300e+00,-1.440849000000000046e+00,-3.134431999999999974e+01,1.322089999999999987e+00,1.458572000000000202e+01,1.302953000000000117e+01,1.062858000000000080e+00,-8.310705999999999705e+00,-9.063829999999999387e-01,2.159571000000000041e+01,-3.958138999999999896e+01,-7.896280000000000427e+02,0.000000000000000000e+00,0.000000000000000000e+00,-1.432267000000000046e+01,-4.237173000000000300e+00,1.440849000000000046e+00,-2.681827999999999790e+01,4.854997000000000340e-01,1.311700000000000088e+01,1.887358000000000047e+01,7.862108000000000096e+00,-1.174259999999999948e+01,2.335502999999999929e+01,2.222622999999999749e+01,-5.089249000000000223e+01,-8.031154999999999973e+02,0.000000000000000000e+00,0.000000000000000000e+00
-1.406666000000000061e+01,4.296393000000000129e+00,-1.447068000000000021e+00,-3.142961999999999989e+01,1.502990999999999966e+00,1.498312999999999917e+01,1.285228999999999999e+01,1.490034999999999998e+00,-8.471116000000000312e+00,-7.283903999999999934e-01,2.196769000000000105e+01,-4.024127999999999616e+01,-7.899288999999999987e+02,0.000000000000000000e+00,0.000000000000000000e+00,-1.406666000000000061e+01,-4.296393000000000129e+00,1.447068000000000021e+00,-2.702964000000000055e+01,7.649761999999999951e-01,1.247905000000000086e+01,1.878458999999999790e+01,7.750407000000000934e+00,-1.161083999999999961e+01,2.329227000000000203e+01,2.255900000000000105e+01,-5.072728000000000037e+01,-8.019267999999999574e+02,0.000000000000000000e+00,0.000000000000000000e+00
-1.352735999999999983e+01,4.260938999999999588e+00,-1.450379000000000085e+00,-3.091667999999999950e+01,1.568016000000000076e+00,1.449197999999999809e+01,1.269123000000000090e+01,1.285929000000000100e+00,-8.617322999999998956e+00,-2.185078999999999994e+00,2.187835000000000107e+01,-3.868623000000000189e+01,-7.878967000000000098e+02,0.000000000000000000e+00,0.000000000000000000e+00,-1.352735999999999983e+01,-4.260938999999999588e+00,1.450379000000000085e+00,-2.684525000000000006e+01,6.378260999999999514e-01,1.197132000000000041e+01,1.883310000000000173e+01,7.611733999999999334e+00,-1.213723000000000063e+01,2.707944000000000173e+01,2.221891000000000105e+01,-5.328139000000000181e+01,-8.059310000000000400e+02,0.000000000000000000e+00,0.000000000000000000e+00
-1.352735999999999983e+01,4.260938999999999588e+00,-1.450379000000000085e+00,-3.087642999999999915e+01,1.392194000000000154e+00,1.435177000000000191e+01,1.269123000000000090e+01,1.285929000000000100e+00,-8.617322999999998956e+00,-1.572112999999999872e+00,2.187452000000000041e+01,-3.910699999999999932e+01,-7.883111000000000104e+02,0.000000000000000000e+00,0.000000000000000000e+00,-1.352735999999999983e+01,-4.260938999999999588e+00,1.450379000000000085e+00,-2.684935999999999723e+01,6.407510000000000705e-01,1.197143999999999942e+01,1.883310000000000173e+01,7.611733999999999334e+00,-1.213723000000000063e+01,2.176080999999999932e+01,2.263113999999999848e+01,-4.906459999999999866e+01,-8.005705000000000382e+02,0.000000000000000000e+00,0.000000000000000000e+00
-1.360166000000000075e+01,4.264177000000000106e+00,-1.449928000000000106e+00,-3.083660000000000068e+01,1.354879999999999862e+00,1.528480000000000061e+01,1.306147999999999954e+01,1.949313999999999991e+00,-8.586422999999999917e+00,-3.218677999999999817e-01,2.283077000000000112e+01,-3.940155999999999636e+01,-7.879248999999999796e+02,0.000000000000000000e+00,0.000000000000000000e+00,-1.360166000000000075e+01,-4.264177000000000106e+00,1.449928000000000106e+00,-2.703729999999999833e+01,6.469385999999999193e-01,1.189362999999999992e+01,1.882485000000000142e+01,7.630866999999999400e+00,-1.206475999999999971e+01,2.104814999999999969e+01,2.309691000000000116e+01,-4.904431999999999903e+01,-8.001683000000000447e+02,0.000000000000000000e+00,0.000000000000000000e+00
-1.356639000000000017e+01,5.051064000000000220e+00,-1.624967000000000050e+00,-3.133602999999999739e+01,1.843331000000000053e+00,1.509711000000000070e+01,1.326508999999999894e+01,1.747804000000000135e+00,-8.465792000000000428e+00,-1.351662000000000141e+00,2.310683999999999827e+01,-3.746424000000000376e+01,-7.855249000000000024e+02,0.000000000000000000e+00,0.000000000000000000e+00,-1.356639000000000017e+01,-5.051064000000000220e+00,1.624967000000000050e+00,-2.627332000000000178e+01,5.098880000000000079e-01,1.188396999999999970e+01,1.960663999999999874e+01,7.463669999999999582e+00,-1.202097000000000016e+01,2.544363999999999848e+01,2.330392000000000152e+01,-5.061575999999999453e+01,-8.030374000000000478e+02,0.000000000000000000e+00,0.000000000000000000e+00
-1.356639000000000017e+01,5.051064000000000220e+00,-1.624967000000000050e+00,-3.130862000000000123e+01,2.240079000000000153e+00,1.543900000000000006e+01,1.375897000000000148e+01,1.869315999999999978e+00,-8.354423999999999850e+00,-2.213436000000000181e+00,2.334335000000000093e+01,-3.637224000000000501e+01,-7.839733999999999696e+02,0.000000000000000000e+00,0.000000000000000000e+00,-1.356639000000000017e+01,-5.051064000000000220e+00,1.624967000000000050e+00,-2.615469999999999828e+01,7.662033000000000316e-01,1.153741000000000128e+01,1.955309000000000097e+01,7.431175999999999782e+00,-1.210097000000000023e+01,2.489097999999999900e+01,2.306423999999999808e+01,-5.016640999999999906e+01,-8.018836999999999762e+02,0.000000000000000000e+00,0.000000000000000000e+00
-1.403120999999999974e+01,5.088523000000000351e+00,-1.621788000000000007e+00,-3.158745000000000047e+01,1.943349000000000215e+00,1.577662999999999904e+01,1.371967000000000070e+01,2.016302000000000039e+00,-7.912569000000000408e+00,-2.185670999999999697e+00,2.305007999999999768e+01,-3.579753000000000185e+01,-7.832301999999999680e+02,0.000000000000000000e+00,0.000000000000000000e+00,-1.403120999999999974e+01,-5.088523000000000351e+00,1.621788000000000007e+00,-2.614368999999999943e+01,3.233687000000000089e-01,1.257112000000000052e+01,1.970572999999999908e+01,7.592181000000000068e+00,-1.202538999999999980e+01,2.659447000000000116e+01,2.321968999999999994e+01,-5.139964000000000510e+01,-8.031778000000000475e+02,0.000000000000000000e+00,0.000000000000000000e+00
-1.402023999999999937e+01,4.604750000000000121e+00,-1.928052999999999795e+00,-3.131975999999999871e+01,2.122047999999999934e+00,1.592827000000000126e+01,1.364236000000000004e+01,2.203206999999999915e+00,-8.119051999999999936e+00,-2.738067000000000029e+00,2.367192999999999969e+01,-3.382235999999999621e+01,-7.805823000000000320e+02,0.000000000000000000e+00,0.000000000000000000e+00,-1.402023999999999937e+01,-4.604750000000000121e+00,1.928052999999999795e+00,-2.659772999999999854e+01,2.408460000000000045e-01,1.299249999999999972e+01,1.967757999999999896e+01,7.399244999999999628e+00,-1.201783999999999963e+01,2.584722999999999971e+01,2.316819999999999879e+01,-5.063274000000000541e+01,-8.019311000000000149e+02,0.000000000000000000e+00,0.000000000000000000e+00
-1.409572000000000180e+01,4.581926999999999417e+00,-1.938041999999999820e+00,-3.104112999999999900e+01,2.011588999999999849e+00,1.526952999999999960e+01,1.376357999999999926e+01,1.712538000000000116e+00,-8.324094999999999800e+00,-3.025133000000000294e+00,2.365337999999999852e+01,-3.290507999999999811e+01,-7.789750999999999976e+02,0.000000000000000000e+00,0.000000000000000000e+00,-1.409572000000000180e+01,-4.581926999999999417e+00,1.938041999999999820e+00,-2.648982999999999777e+01,4.171553000000000067e-01,1.207067999999999941e+01,1.977252999999999972e+01,7.487603999999999260e+00,-1.196111000000000146e+01,2.550867000000000218e+01,2.308927000000000263e+01,-4.973588000000000164e+01,-8.000276000000000067e+02,0.000000000000000000e+00,0.000000000000000000e+00
-1.432267000000000046e+01,4.237173000000000300e+00,-1.440849000000000046e+00,-3.074071999999999960e+01,1.137617000000000100e+00,1.464891000000000076e+01,1.434717999999999805e+01,1.146506000000000025e+00,-8.519036999999999082e+00,-2.214479000000000308e+00,2.268463999999999814e+01,-3.153502000000000294e+01,-7.766889999999999645e+02,0.000000000000000000e+00,0.000000000000000000e+00,-1.432267000000000046e+01,-4.237173000000000300e+00,1.440849000000000046e+00,-2.669095999999999691e+01,2.939202000000000203e-01,1.249155999999999977e+01,1.967392999999999859e+01,7.779733000000000231e+00,-1.248987999999999943e+01,2.439793999999999841e+01,2.414694000000000074e+01,-4.810515999999999792e+01,-7.958649000000000342e+02,0.000000000000000000e+00,0.000000000000000000e+00
-1.432267000000000046e+01,4.237173000000000300e+00,-1.440849000000000046e+00,-3.079615000000000080e+01,1.594461000000000128e+00,1.508498999999999945e+01,1.445073999999999970e+01,1.144517999999999924e+00,-8.342928999999999817e+00,-2.829720999999999709e+00,2.490681999999999974e+01,-2.726260999999999868e+01,-7.718173000000000457e+02,0.000000000000000000e+00,0.000000000000000000e+00,-1.432267000000000046e+01,-4.237173000000000300e+00,1.440849000000000046e+00,-2.636571999999999960e+01,6.082221999999999351e-01,1.318787000000000198e+01,1.981478999999999857e+01,7.557421000000000610e+00,-1.197535000000000061e+01,2.208035999999999888e+01,2.487278999999999840e+01,-4.221687999999999619e+01,-7.883478999999999814e+02,0.000000000000000000e+00,0.000000000000000000e+00
-1.471000000000000085e+01,4.265566000000000635e+00,-1.438361000000000001e+00,-3.050329999999999941e+01,2.100487999999999911e+00,1.761596000000000117e+01,1.505971000000000082e+01,8.880014999999998881e-01,-7.482064000000000270e+00,-1.458433000000000090e+00,2.589110000000000156e+01,-2.631287000000000020e+01,-7.697540000000000191e+02,0.000000000000000000e+00,0.000000000000000000e+00,-1.471000000000000085e+01,-4.265566000000000635e+00,1.438361000000000001e+00,-2.605272000000000077e+01,1.169664000000000037e+00,1.263636999999999944e+01,2.038253999999999877e+01,7.847375999999999685e+00,-1.169407999999999959e+01,2.193205000000000027e+01,2.569807999999999737e+01,-3.945014000000000465e+01,-7.844976000000000340e+02,0.000000000000000000e+00,0.000000000000000000e+00
-1.478829999999999956e+01,4.246647000000000283e+00,-1.445759000000000016e+00,-3.032735999999999876e+01,2.800974000000000075e+00,1.481949999999999967e+01,1.507946000000000097e+01,9.209268999999999927e-01,-7.410574000000000439e+00,-1.001353000000000160e+00,2.629542999999999964e+01,-2.468506000000000000e+01,-7.677874000000000478e+02,0.000000000000000000e+00,0.000000000000000000e+00,-1.478829999999999956e+01,-4.246647000000000283e+00,1.445759000000000016e+00,-2.578533999999999793e+01,1.350104999999999889e+00,1.326619999999999955e+01,2.140503000000000000e+01,7.624144999999999506e+00,-1.187725999999999971e+01,2.263622000000000156e+01,2.594712999999999781e+01,-3.771000000000000085e+01,-7.813549000000000433e+02,0.000000000000000000e+00,0.000000000000000000e+00
-1.532282000000000188e+01,3.774809999999999999e+00,-1.757045999999999886e+00,-3.002534000000000347e+01,3.563642999999999894e+00,1.544021000000000043e+01,1.567912999999999890e+01,1.450072000000000028e+00,-7.229046000000000305e+00,4.742779999999999774e-01,2.753400999999999854e+01,-2.153467999999999805e+01,-7.636547000000000480e+02,0.000000000000000000e+00,0.000000000000000000e+00,-1.532282000000000188e+01,-3.774809999999999999e+00,1.757045999999999886e+00,-2.598376000000000019e+01,1.460727000000000109e+00,1.302651000000000003e+01,2.084408999999999779e+01,7.669900999999999414e+00,-1.179118000000000066e+01,2.301002000000000081e+01,2.635267999999999944e+01,-3.483277000000000356e+01,-7.775593000000000075e+02,0.000000000000000000e+00,0.000000000000000000e+00
-1.532282000000000188e+01,3.774809999999999999e+00,-1.757045999999999886e+00,-2.975744999999999862e+01,3.716343000000000174e+00,1.668163999999999803e+01,1.670427000000000106e+01,9.211565000000000447e-01,-7.650694000000000550e+00,2.191256000000000093e+00,2.802800999999999831e+01,-1.983427999999999969e+01,-7.615154999999999745e+02,0.000000000000000000e+00,0.000000000000000000e+00,-1.532282000000000188e+01,-3.774809999999999999e+00,1.757045999999999886e+00,-2.612416999999999945e+01,1.950038000000000160e+00,1.264550000000000018e+01,2.170587000000000089e+01,7.937636000000000358e+00,-1.168133000000000088e+01,2.410415000000000063e+01,2.671379999999999910e+01,-3.166492000000000218e+01,-7.735688000000000102e+02,0.000000000000000000e+00,0.000000000000000000e+00
-1.532282000000000188e+01,3.774809999999999999e+00,-1.757045999999999886e+00,-2.927309000000000339e+01,4.085128000000000092e+00,1.489822000000000202e+01,1.662350999999999956e+01,9.247431999999998764e-01,-7.632919999999999483e+00,2.938320000000000043e+00,2.849194000000000315e+01,-1.893244999999999933e+01,-7.602071999999999434e+02,0.000000000000000000e+00,0.000000000000000000e+00,-1.532282000000000188e+01,-3.774809999999999999e+00,1.757045999999999886e+00,-2.603010000000000090e+01,2.262175999999999743e+00,1.359602999999999895e+01,2.170587000000000089e+01,7.937636000000000358e+00,-1.168133000000000088e+01,2.352595000000000169e+01,2.783755999999999631e+01,-2.875840000000000174e+01,-7.681663999999999533e+02,0.000000000000000000e+00,0.000000000000000000e+00
-1.578402999999999956e+01,3.805973999999999968e+00,-1.753143000000000118e+00,-2.982554000000000372e+01,3.701880000000000503e+00,1.731405000000000172e+01,1.659884999999999877e+01,1.081990000000000007e+00,-7.198755999999999489e+00,2.609456999999999915e+00,2.986575999999999809e+01,-1.615240000000000009e+01,-7.567435000000000400e+02,0.000000000000000000e+00,0.000000000000000000e+00,-1.578402999999999956e+01,-3.805973999999999968e+00,1.753143000000000118e+00,-2.622769000000000261e+01,2.163454000000000210e+00,1.417193999999999932e+01,2.226689000000000007e+01,8.765978000000000492e+00,-1.110017000000000031e+01,2.370411000000000001e+01,2.858077999999999719e+01,-2.733445999999999643e+01,-7.663669999999999618e+02,0.000000000000000000e+00,0.000000000000000000e+00
-1.600609000000000037e+01,3.784887999999999586e+00,-1.751159999999999828e+00,-3.012257999999999925e+01,3.822909999999999808e+00,1.668176000000000059e+01,1.669558999999999926e+01,1.154882999999999882e+00,-7.136927000000000021e+00,3.714662000000000130e+00,3.096877000000000280e+01,-1.263898000000000010e+01,-7.520042999999999438e+02,0.000000000000000000e+00,0.000000000000000000e+00,-1.600609000000000037e+01,-3.784887999999999586e+00,1.751159999999999828e+00,-2.613992000000000004e+01,2.551981000000000055e+00,1.540005000000000024e+01,2.176547000000000054e+01,9.418103000000000335e+00,-1.040165000000000006e+01,2.328030000000000044e+01,2.977887000000000128e+01,-2.210332999999999970e+01,-7.589501000000000204e+02,0.000000000000000000e+00,0.000000000000000000e+00
-1.608872999999999820e+01,3.284594999999999487e+00,-2.067337999999999898e+00,-2.984067000000000291e+01,4.106123999999999441e+00,1.625664000000000087e+01,1.780639000000000038e+01,1.627974000000000032e+00,-6.673010000000000552e+00,6.529608999999999774e+00,3.237357000000000085e+01,-4.919569000000000081e+00,-7.432335000000000491e+02,0.000000000000000000e+00,0.000000000000000000e+00,-1.608872999999999820e+01,-3.284594999999999487e+00,2.067337999999999898e+00,-2.688094000000000250e+01,2.151869000000000032e+00,1.636722999999999928e+01,2.216550000000000153e+01,9.402214000000000738e+00,-9.801607000000000625e+00,2.362269999999999825e+01,3.023180999999999941e+01,-1.584084999999999965e+01,-7.638537999999999784e+02,0.000000000000000000e+00,0.000000000000000000e+00
-1.595718999999999888e+01,3.264543000000000195e+00,-2.050768999999999842e+00,-2.912133000000000038e+01,4.306605000000000238e+00,1.622850000000000037e+01,1.915844999999999843e+01,1.900327999999999795e+00,-7.016839000000000048e+00,9.335428999999999533e+00,3.309322000000000230e+01,3.052223000000000019e-01,-7.363817000000000235e+02,0.000000000000000000e+00,0.000000000000000000e+00,-1.595718999999999888e+01,-3.264543000000000195e+00,2.050768999999999842e+00,-2.639226999999999990e+01,2.443753000000000064e+00,1.562467000000000183e+01,2.290230000000000032e+01,1.013328000000000095e+01,-1.052498000000000111e+01,2.456040000000000134e+01,3.062205000000000155e+01,-1.094110000000000049e+01,-7.470634999999999764e+02,0.000000000000000000e+00,0.000000000000000000e+00
-1.640879999999999939e+01,3.315177999999999958e+00,-2.121977999999999920e+00,-2.959374000000000393e+01,4.701463999999999643e+00,1.789779000000000053e+01,1.978017999999999788e+01,2.346534000000000120e+00,-6.702211999999999392e+00,1.155850000000000044e+01,3.510759000000000185e+01,5.978488999999999720e+00,-7.305167000000000144e+02,0.000000000000000000e+00,0.000000000000000000e+00,-1.640879999999999939e+01,-3.315177999999999958e+00,2.121977999999999920e+00,-2.633265999999999707e+01,2.345771000000000051e+00,1.686269000000000062e+01,2.352452999999999861e+01,1.038956999999999908e+01,-1.009403000000000006e+01,2.544908999999999821e+01,3.168683000000000050e+01,-6.362772000000000538e+00,-7.423103999999999587e+02,0.000000000000000000e+00,0.000000000000000000e+00
-1.642314999999999969e+01,3.289687000000000250e+00,-2.133595999999999826e+00,-2.978856999999999999e+01,4.422037999999999691e+00,1.699822999999999951e+01,2.016638999999999982e+01,3.218141999999999836e+00,-6.796383999999999759e+00,1.572822000000000031e+01,3.646466999999999814e+01,9.362337000000000131e+00,-7.264369000000000369e+02,0.000000000000000000e+00,0.000000000000000000e+00,-1.642314999999999969e+01,-3.289687000000000250e+00,2.133595999999999826e+00,-2.592849999999999966e+01,2.214379000000000097e+00,1.480137999999999820e+01,2.454802999999999713e+01,1.088318999999999903e+01,-1.024758000000000102e+01,2.663742999999999839e+01,3.314729000000000525e+01,-1.607215999999999978e+00,-7.372301999999999680e+02,0.000000000000000000e+00,0.000000000000000000e+00
-1.644767000000000223e+01,2.808327999999999935e+00,-2.442066999999999766e+00,-2.918017000000000039e+01,5.914126000000000438e+00,2.095645999999999987e+01,2.152550000000000097e+01,3.716426999999999481e+00,-7.104991000000000057e+00,1.972164000000000073e+01,3.783447999999999922e+01,1.260386000000000095e+01,-7.217856000000000449e+02,0.000000000000000000e+00,0.000000000000000000e+00,-1.644767000000000223e+01,-2.808327999999999935e+00,2.442066999999999766e+00,-2.633555999999999742e+01,2.775649000000000033e+00,1.758188999999999780e+01,2.482798999999999978e+01,1.139166999999999952e+01,-1.006526000000000032e+01,2.750944000000000145e+01,3.429077000000000197e+01,3.404083999999999666e+00,-7.304886999999999944e+02,0.000000000000000000e+00,0.000000000000000000e+00
-1.690505999999999887e+01,2.838470999999999744e+00,-2.436247000000000273e+00,-2.965672999999999959e+01,6.065369999999999706e+00,1.918797999999999959e+01,2.231803000000000026e+01,4.633769999999999278e+00,-7.131613000000000646e+00,2.552980000000000160e+01,3.940268999999999977e+01,1.298723999999999990e+01,-7.203260999999999967e+02,0.000000000000000000e+00,0.000000000000000000e+00,-1.690505999999999887e+01,-2.838470999999999744e+00,2.436247000000000273e+00,-2.629374000000000322e+01,2.447853999999999974e+00,1.550079999999999991e+01,2.557603999999999900e+01,1.182799999999999940e+01,-9.747524999999999551e+00,3.089602999999999966e+01,3.608649000000000484e+01,6.691491000000000078e+00,-7.247554000000000087e+02,0.000000000000000000e+00,0.000000000000000000e+00
-1.690505999999999887e+01,2.838470999999999744e+00,-2.436247000000000273e+00,-2.978726999999999947e+01,6.252072000000000074e+00,1.949872999999999834e+01,2.259033999999999764e+01,5.489615000000000578e+00,-7.089589000000000141e+00,2.608408000000000015e+01,3.936044000000000409e+01,1.414687000000000161e+01,-7.198269000000000233e+02,0.000000000000000000e+00,0.000000000000000000e+00,-1.690505999999999887e+01,-2.838470999999999744e+00,2.436247000000000273e+00,-2.616062999999999761e+01,2.912713999999999803e+00,1.965788999999999831e+01,2.666168000000000049e+01,1.266135000000000055e+01,-9.937803999999999860e+00,3.226968000000000103e+01,3.622572999999999865e+01,9.231449000000001348e+00,-7.226249000000000251e+02,0.000000000000000000e+00,0.000000000000000000e+00
-1.683230000000000004e+01,2.834649999999999892e+00,-2.437184999999999935e+00,-2.976952999999999960e+01,6.614035000000000331e+00,2.082562000000000069e+01,2.306182000000000087e+01,5.593020000000000103e+00,-7.076461000000000112e+00,2.752782999999999802e+01,4.028119999999999834e+01,1.430974999999999930e+01,-7.192201999999999771e+02,0.000000000000000000e+00,0.000000000000000000e+00,-1.683230000000000004e+01,-2.834649999999999892e+00,2.437184999999999935e+00,-2.624364000000000274e+01,3.395923000000000247e+00,1.973892999999999986e+01,2.728080999999999889e+01,1.330821000000000076e+01,-9.962775000000000603e+00,3.318693999999999988e+01,3.869265999999999650e+01,1.194529999999999959e+01,-7.182915000000000418e+02,0.000000000000000000e+00,0.000000000000000000e+00
-1.683230000000000004e+01,2.834649999999999892e+00,-2.437184999999999935e+00,-2.965509000000000128e+01,6.677941000000000571e+00,2.089563000000000059e+01,2.353212000000000259e+01,5.729905000000000470e+00,-6.853871999999999964e+00,2.840550999999999604e+01,4.083385999999999427e+01,1.617839999999999989e+01,-7.165720999999999776e+02,0.000000000000000000e+00,0.000000000000000000e+00,-1.683230000000000004e+01,-2.834649999999999892e+00,2.437184999999999935e+00,-2.628659000000000390e+01,3.267473999999999990e+00,2.025693000000000055e+01,2.797166999999999959e+01,1.370007999999999804e+01,-9.778411000000000186e+00,3.467235000000000156e+01,3.998545999999999623e+01,1.434955000000000069e+01,-7.164004999999999654e+02,0.000000000000000000e+00,0.000000000000000000e+00
-1.684035000000000082e+01,2.350636999999999865e+00,-2.742088000000000303e+00,-2.950215000000000032e+01,7.345642999999999034e+00,2.080637999999999721e+01,2.398444999999999894e+01,6.526510000000000034e+00,-7.378171000000000923e+00,2.847364999999999924e+01,4.116492999999999824e+01,1.671913999999999945e+01,-7.157866000000000213e+02,0.000000000000000000e+00,0.000000000000000000e+00,-1.684035000000000082e+01,-2.350636999999999865e+00,2.742088000000000303e+00,-2.635172999999999988e+01,4.110516000000000503e+00,2.257932999999999879e+01,2.827235999999999905e+01,1.438243999999999900e+01,-9.672731999999999886e+00,3.510314999999999941e+01,3.957047999999999632e+01,1.476900000000000013e+01,-7.157154000000000451e+02,0.000000000000000000e+00,0.000000000000000000e+00
-1.693065999999999960e+01,2.326916000000000206e+00,-2.756105999999999945e+00,-2.918840000000000146e+01,7.588141000000000247e+00,2.100157000000000096e+01,2.424288999999999916e+01,6.608186999999999145e+00,-7.267210000000000392e+00,2.881145000000000067e+01,4.201610999999999763e+01,1.889864999999999995e+01,-7.135873000000000275e+02,0.000000000000000000e+00,0.000000000000000000e+00,-1.693065999999999960e+01,-2.326916000000000206e+00,2.756105999999999945e+00,-2.621990999999999872e+01,4.350373000000000268e+00,2.237549999999999883e+01,2.885436999999999941e+01,1.532682000000000144e+01,-9.917476999999999876e+00,3.733450999999999453e+01,4.105071999999999832e+01,1.655215000000000103e+01,-7.135919000000000096e+02,0.000000000000000000e+00,0.000000000000000000e+00
-1.741090000000000160e+01,2.358800999999999704e+00,-2.752824000000000382e+00,-2.960922000000000054e+01,7.826757000000000630e+00,2.194246000000000052e+01,2.481541999999999959e+01,7.003655000000000186e+00,-7.289700999999999098e+00,2.943182000000000187e+01,4.194024000000000285e+01,1.830883000000000038e+01,-7.131752000000000180e+02,0.000000000000000000e+00,0.000000000000000000e+00,-1.741090000000000160e+01,-2.358800999999999704e+00,2.752824000000000382e+00,-2.678385000000000105e+01,5.103966999999999921e+00,2.359616000000000113e+01,2.885764000000000351e+01,1.640902999999999778e+01,-9.501242999999998773e+00,3.883339999999999748e+01,4.252197999999999922e+01,1.631614000000000075e+01,-7.122509000000000015e+02,0.000000000000000000e+00,0.000000000000000000e+00
-1.731676000000000215e+01,2.175213999999999981e+00,-3.539778000000000091e+00,-2.953659999999999997e+01,8.924186999999999870e+00,2.272597999999999985e+01,2.506762000000000157e+01,7.675455999999999612e+00,-7.419464999999999755e+00,2.780182000000000286e+01,4.207500999999999891e+01,2.116583999999999932e+01,-7.092137000000000171e+02,0.000000000000000000e+00,0.000000000000000000e+00,-1.731676000000000215e+01,-2.175213999999999981e+00,3.539778000000000091e+00,-2.663932000000000144e+01,5.070651999999999937e+00,2.337497999999999720e+01,2.909812999999999761e+01,1.649916999999999945e+01,-9.002335000000000420e+00,3.894335999999999842e+01,4.238042000000000087e+01,1.724582999999999799e+01,-7.115036999999999807e+02,0.000000000000000000e+00,0.000000000000000000e+00
-1.760928999999999789e+01,2.184709999999999930e+00,-3.534080000000000332e+00,-3.002543000000000006e+01,8.645563000000000997e+00,2.249579999999999913e+01,2.494334999999999880e+01,8.535564000000000817e+00,-7.389961000000000446e+00,2.723939999999999984e+01,4.230134000000000327e+01,2.198678999999999917e+01,-7.092141000000000304e+02,0.000000000000000000e+00,0.000000000000000000e+00,-1.760928999999999789e+01,-2.184709999999999930e+00,3.534080000000000332e+00,-2.689175999999999789e+01,5.157535000000000203e+00,2.474552999999999869e+01,2.899173000000000044e+01,1.718779999999999930e+01,-8.886949000000001320e+00,3.927465000000000117e+01,4.266517000000000337e+01,1.732567000000000235e+01,-7.117229999999999563e+02,0.000000000000000000e+00,0.000000000000000000e+00
-1.772512000000000043e+01,1.677368999999999888e+00,-3.858541999999999916e+00,-2.968125999999999820e+01,9.391055999999998960e+00,2.377492000000000161e+01,2.543204000000000065e+01,9.402150999999999925e+00,-7.686619999999999564e+00,2.658859000000000350e+01,4.099829000000000434e+01,2.389097999999999900e+01,-7.078694000000000415e+02,0.000000000000000000e+00,0.000000000000000000e+00,-1.772512000000000043e+01,-1.677368999999999888e+00,3.858541999999999916e+00,-2.746935999999999822e+01,4.715791999999999540e+00,2.428767999999999816e+01,2.859284999999999854e+01,1.697371000000000052e+01,-8.373044000000000153e+00,3.829852000000000345e+01,4.229480000000000217e+01,1.774112000000000222e+01,-7.112364999999999782e+02,0.000000000000000000e+00,0.000000000000000000e+00
-1.772512000000000043e+01,1.677368999999999888e+00,-3.858541999999999916e+00,-2.956712000000000273e+01,9.431805999999999912e+00,2.364482000000000284e+01,2.542646000000000228e+01,9.424049000000000120e+00,-7.822538999999999909e+00,2.423787000000000091e+01,3.978058000000000050e+01,2.563100000000000023e+01,-7.054850000000000136e+02,0.000000000000000000e+00,0.000000000000000000e+00,-1.772512000000000043e+01,-1.677368999999999888e+00,3.858541999999999916e+00,-2.744254000000000104e+01,4.657601000000000546e+00,2.497689000000000092e+01,2.852615999999999730e+01,1.717028999999999783e+01,-8.530807000000001139e+00,3.685394000000000148e+01,4.228149000000000513e+01,1.934252000000000038e+01,-7.100265000000000555e+02,0.000000000000000000e+00,0.000000000000000000e+00
-1.772512000000000043e+01,1.677368999999999888e+00,-3.858541999999999916e+00,-3.016920000000000002e+01,9.278446000000000637e+00,2.334035000000000082e+01,2.494725999999999999e+01,9.535657999999999745e+00,-7.313642999999999006e+00,2.423757000000000161e+01,3.956282999999999817e+01,2.587186000000000163e+01,-7.054589999999999463e+02,0.000000000000000000e+00,0.000000000000000000e+00,-1.772512000000000043e+01,-1.677368999999999888e+00,3.858541999999999916e+00,-2.798307000000000144e+01,4.648927999999999727e+00,2.524308999999999870e+01,2.846324000000000254e+01,1.769500000000000028e+01,-8.666591999999999629e+00,3.610005999999999915e+01,4.238922000000000168e+01,2.051264000000000109e+01,-7.085465000000000373e+02,0.000000000000000000e+00,0.000000000000000000e+00
-1.772512000000000043e+01,1.677368999999999888e+00,-3.858541999999999916e+00,-2.998161999999999949e+01,9.136810000000000542e+00,2.365146000000000015e+01,2.490962000000000032e+01,1.007070000000000043e+01,-7.540410000000000501e+00,2.453455999999999904e+01,3.951346999999999809e+01,2.568593999999999866e+01,-7.049844000000000506e+02,0.000000000000000000e+00,0.000000000000000000e+00,-1.772512000000000043e+01,-1.677368999999999888e+00,3.858541999999999916e+00,-2.797499000000000180e+01,4.663818000000000019e+00,2.522081000000000017e+01,2.846324000000000254e+01,1.769500000000000028e+01,-8.666591999999999629e+00,3.596500999999999948e+01,4.232334000000000174e+01,2.070300999999999902e+01,-7.081639000000000124e+02,0.000000000000000000e+00,0.000000000000000000e+00
-1.818100000000000094e+01,1.710327000000000153e+00,-3.848594000000000293e+00,-3.066525000000000034e+01,9.299483000000000388e+00,2.478704000000000107e+01,2.515175999999999945e+01,1.090418999999999983e+01,-7.271557000000000492e+00,2.704871999999999943e+01,4.147469999999999857e+01,2.340803000000000011e+01,-7.074804000000000315e+02,0.000000000000000000e+00,0.000000000000000000e+00,-1.818100000000000094e+01,-1.710327000000000153e+00,3.848594000000000293e+00,-2.849371999999999971e+01,4.413007000000000346e+00,2.616838999999999871e+01,2.839365999999999701e+01,1.804536000000000229e+01,-7.939149000000000456e+00,3.690713000000000221e+01,4.344776999999999845e+01,2.010884000000000071e+01,-7.086580000000000155e+02,0.000000000000000000e+00,0.000000000000000000e+00
-1.732870000000000132e+01,1.866999000000000075e+00,-3.056064000000000114e+00,-3.048697999999999908e+01,9.543229000000000184e+00,2.351624999999999943e+01,2.541071000000000168e+01,1.064406000000000141e+01,-7.446625999999999301e+00,2.695197000000000287e+01,4.125327000000000055e+01,2.503997000000000028e+01,-7.056627999999999474e+02,0.000000000000000000e+00,0.000000000000000000e+00,-1.732870000000000132e+01,-1.866999000000000075e+00,3.056064000000000114e+00,-2.809924000000000177e+01,6.203757000000000410e+00,2.564515000000000100e+01,2.973997999999999919e+01,1.855395000000000039e+01,-9.222447000000000727e+00,3.541504000000000474e+01,4.421162999999999954e+01,2.232992999999999739e+01,-7.059326999999999543e+02,0.000000000000000000e+00,0.000000000000000000e+00
-1.732870000000000132e+01,1.866999000000000075e+00,-3.056064000000000114e+00,-3.052298000000000044e+01,9.792130000000000223e+00,2.459002999999999872e+01,2.537092000000000169e+01,1.120638000000000112e+01,-7.810335000000000250e+00,2.468717000000000183e+01,4.077510000000000190e+01,2.711435999999999780e+01,-7.039450000000000500e+02,0.000000000000000000e+00,0.000000000000000000e+00,-1.732870000000000132e+01,-1.866999000000000075e+00,3.056064000000000114e+00,-2.799822999999999951e+01,6.385164999999999758e+00,2.532807000000000031e+01,3.010199000000000069e+01,1.860989000000000004e+01,-9.335075999999999041e+00,3.522164000000000073e+01,4.453854000000000468e+01,2.310640000000000072e+01,-7.059774999999999636e+02,0.000000000000000000e+00,0.000000000000000000e+00
-1.727447000000000088e+01,1.377302000000000026e+00,-3.362922000000000189e+00,-2.988772999999999769e+01,1.018510000000000026e+01,2.593550000000000111e+01,2.571460000000000079e+01,1.140261999999999887e+01,-7.643764000000000003e+00,2.230252999999999730e+01,3.938351000000000113e+01,2.904929000000000272e+01,-7.018159000000000560e+02,0.000000000000000000e+00,0.000000000000000000e+00,-1.727447000000000088e+01,-1.377302000000000026e+00,3.362922000000000189e+00,-2.854725999999999786e+01,6.623764999999999681e+00,2.556021000000000143e+01,2.933354999999999890e+01,1.869426999999999950e+01,-9.329715000000000202e+00,3.435828000000000060e+01,4.411758999999999986e+01,2.408770000000000167e+01,-7.053882999999999583e+02,0.000000000000000000e+00,0.000000000000000000e+00
-1.727447000000000088e+01,1.377302000000000026e+00,-3.362922000000000189e+00,-3.053239999999999910e+01,1.013025999999999982e+01,2.524934000000000012e+01,2.497599999999999909e+01,1.177265000000000050e+01,-7.758325000000000138e+00,2.122456000000000031e+01,3.847240999999999644e+01,2.977055000000000007e+01,-7.006557000000000244e+02,0.000000000000000000e+00,0.000000000000000000e+00,-1.727447000000000088e+01,-1.377302000000000026e+00,3.362922000000000189e+00,-2.847626999999999953e+01,6.578280999999999601e+00,2.592256000000000071e+01,3.019857000000000014e+01,1.895305000000000106e+01,-9.297483999999998971e+00,3.374488000000000198e+01,4.435257999999999612e+01,2.501651999999999987e+01,-7.040175000000000409e+02,0.000000000000000000e+00,0.000000000000000000e+00
-1.681660000000000110e+01,1.348695999999999895e+00,-3.371180999999999983e+00,-3.017609000000000208e+01,1.059446999999999939e+01,2.553425999999999974e+01,2.487783999999999907e+01,1.153379999999999939e+01,-7.799697999999999354e+00,1.888409000000000049e+01,3.675532000000000465e+01,3.150957999999999970e+01,-6.994290999999999485e+02,0.000000000000000000e+00,0.000000000000000000e+00,-1.681660000000000110e+01,-1.348695999999999895e+00,3.371180999999999983e+00,-2.815555999999999770e+01,6.813536999999999288e+00,2.539717999999999876e+01,3.015909000000000262e+01,1.870007999999999981e+01,-9.340082999999999913e+00,3.222082999999999942e+01,4.366962999999999795e+01,2.653540999999999883e+01,-7.024835000000000491e+02,0.000000000000000000e+00,0.000000000000000000e+00
-1.681660000000000110e+01,1.348695999999999895e+00,-3.371180999999999983e+00,-2.986664000000000385e+01,1.091239000000000026e+01,2.543306000000000111e+01,2.488325999999999993e+01,1.151191000000000031e+01,-7.666442999999999230e+00,1.820202000000000098e+01,3.547147000000000361e+01,3.186094000000000293e+01,-6.991286000000000058e+02,0.000000000000000000e+00,0.000000000000000000e+00,-1.681660000000000110e+01,-1.348695999999999895e+00,3.371180999999999983e+00,-2.869265999999999650e+01,6.755080999999999669e+00,2.559061000000000163e+01,3.015909000000000262e+01,1.870007999999999981e+01,-9.340082999999999913e+00,3.140204000000000306e+01,4.320931999999999817e+01,2.676304000000000372e+01,-7.016363999999999805e+02,0.000000000000000000e+00,0.000000000000000000e+00
-1.672645999999999944e+01,1.374062999999999812e+00,-3.353998999999999953e+00,-2.936402000000000001e+01,1.118219999999999992e+01,2.549549999999999983e+01,2.473911000000000016e+01,1.197676000000000052e+01,-7.768602999999999703e+00,1.744007999999999825e+01,3.490634000000000015e+01,3.234011999999999887e+01,-6.978265999999999849e+02,0.000000000000000000e+00,0.000000000000000000e+00,-1.672645999999999944e+01,-1.374062999999999812e+00,3.353998999999999953e+00,-2.879817000000000249e+01,7.036239999999999384e+00,2.658163000000000054e+01,3.007264000000000337e+01,1.913269999999999982e+01,-9.378900999999999044e+00,3.153799000000000063e+01,4.293834999999999980e+01,2.687270999999999788e+01,-7.013985999999999876e+02,0.000000000000000000e+00,0.000000000000000000e+00
-1.672645999999999944e+01,1.374062999999999812e+00,-3.353998999999999953e+00,-2.959340999999999866e+01,1.127571000000000012e+01,2.448261000000000109e+01,2.473911000000000016e+01,1.197676000000000052e+01,-7.768602999999999703e+00,1.735857000000000028e+01,3.468934999999999746e+01,3.229364000000000345e+01,-6.980712999999999511e+02,0.000000000000000000e+00,0.000000000000000000e+00,-1.672645999999999944e+01,-1.374062999999999812e+00,3.353998999999999953e+00,-2.864492999999999867e+01,7.183013000000000758e+00,2.607232000000000127e+01,3.021884999999999977e+01,1.867229000000000028e+01,-9.431071000000001092e+00,3.136467000000000027e+01,4.293320999999999543e+01,2.697324000000000410e+01,-7.010263999999999669e+02,0.000000000000000000e+00,0.000000000000000000e+00
-1.672645999999999944e+01,1.374062999999999812e+00,-3.353998999999999953e+00,-2.923601999999999990e+01,1.145526000000000089e+01,2.548581000000000074e+01,2.473911000000000016e+01,1.197676000000000052e+01,-7.768602999999999703e+00,1.713484000000000052e+01,3.468967999999999563e+01,3.246226000000000056e+01,-6.978532000000000153e+02,0.000000000000000000e+00,0.000000000000000000e+00,-1.672645999999999944e+01,-1.374062999999999812e+00,3.353998999999999953e+00,-2.856217000000000183e+01,7.308950000000000280e+00,2.538296000000000063e+01,3.021884999999999977e+01,1.867229000000000028e+01,-9.431071000000001092e+00,3.137617000000000189e+01,4.292390999999999934e+01,2.686357999999999890e+01,-7.009525999999999613e+02,0.000000000000000000e+00,0.000000000000000000e+00
-1.672645999999999944e+01,1.374062999999999812e+00,-3.353998999999999953e+00,-2.937850999999999857e+01,1.160913000000000039e+01,2.416907999999999745e+01,2.486730999999999980e+01,1.145716000000000001e+01,-7.740054999999999907e+00,1.702682000000000073e+01,3.482357999999999976e+01,3.253335999999999473e+01,-6.980542000000000371e+02,0.000000000000000000e+00,0.000000000000000000e+00,-1.672645999999999944e+01,-1.374062999999999812e+00,3.353998999999999953e+00,-2.865915000000000035e+01,7.202453999999999468e+00,2.514311000000000007e+01,2.959714999999999918e+01,1.858549000000000007e+01,-9.548175999999999775e+00,3.182390999999999792e+01,4.246855999999999653e+01,2.579553999999999903e+01,-7.020069999999999482e+02,0.000000000000000000e+00,0.000000000000000000e+00
-1.672645999999999944e+01,1.374062999999999812e+00,-3.353998999999999953e+00,-2.906977000000000189e+01,1.196856999999999971e+01,2.441067999999999927e+01,2.486730999999999980e+01,1.145716000000000001e+01,-7.740054999999999907e+00,1.659721000000000046e+01,3.541682000000000130e+01,3.286155000000000115e+01,-6.966330000000000382e+02,0.000000000000000000e+00,0.000000000000000000e+00,-1.672645999999999944e+01,-1.374062999999999812e+00,3.353998999999999953e+00,-2.874007999999999896e+01,7.410603999999999303e+00,2.482314999999999827e+01,2.935155999999999921e+01,1.841958999999999946e+01,-9.464681000000000566e+00,3.198792999999999864e+01,4.226758000000000237e+01,2.565297999999999945e+01,-7.030736000000000558e+02,0.000000000000000000e+00,0.000000000000000000e+00
-1.667727999999999966e+01,8.856238999999999084e-01,-3.660166000000000253e+00,-2.807122999999999990e+01,1.339240999999999993e+01,2.593027999999999977e+01,2.574897999999999954e+01,1.232481000000000115e+01,-7.799939000000000178e+00,1.794479000000000113e+01,3.778922999999999632e+01,3.400830999999999449e+01,-6.965863000000000511e+02,0.000000000000000000e+00,0.000000000000000000e+00,-1.667727999999999966e+01,-8.856238999999999084e-01,3.660166000000000253e+00,-2.830039999999999978e+01,7.551963000000000648e+00,2.502201000000000164e+01,2.884083000000000041e+01,1.811450999999999922e+01,-9.381049000000000859e+00,3.244839000000000340e+01,4.364123000000000019e+01,2.546345000000000169e+01,-7.023260999999999967e+02,0.000000000000000000e+00,0.000000000000000000e+00
-1.669903000000000048e+01,8.883707000000000686e-01,-3.664830000000000254e+00,-2.624922999999999718e+01,1.144768000000000008e+01,2.676805999999999841e+01,2.725400999999999740e+01,1.454207999999999856e+01,-7.567427999999999599e+00,2.185992999999999853e+01,4.234532000000000096e+01,3.392772999999999683e+01,-6.960326999999999771e+02,0.000000000000000000e+00,0.000000000000000000e+00,-1.669903000000000048e+01,-8.883707000000000686e-01,3.664830000000000254e+00,-2.880370999999999881e+01,5.089870999999999590e+00,2.739042000000000243e+01,3.038994999999999891e+01,2.017425000000000068e+01,-8.922166999999999959e+00,3.482225999999999999e+01,4.653077000000000396e+01,2.636730000000000018e+01,-7.005516000000000076e+02,0.000000000000000000e+00,0.000000000000000000e+00
-1.669903000000000048e+01,8.883707000000000686e-01,-3.664830000000000254e+00,-2.404572000000000287e+01,1.474087000000000103e+01,2.785003000000000029e+01,2.949809000000000125e+01,1.633823999999999899e+01,-7.478657000000000998e+00,2.463474000000000075e+01,4.795539000000000129e+01,3.623382000000000147e+01,-6.943210000000000264e+02,0.000000000000000000e+00,0.000000000000000000e+00,-1.669903000000000048e+01,-8.883707000000000686e-01,3.664830000000000254e+00,-2.717099999999999937e+01,7.337471000000000743e+00,2.872615000000000052e+01,3.140020000000000167e+01,2.119337999999999766e+01,-8.703013000000000332e+00,3.580619999999999692e+01,4.939426999999999879e+01,2.796437999999999846e+01,-6.973885000000000218e+02,0.000000000000000000e+00,0.000000000000000000e+00
-1.804357999999999862e+01,7.390784999999999716e-01,-4.470844000000000484e+00,-2.319724000000000075e+01,1.754662000000000077e+01,3.041939999999999955e+01,3.183892999999999773e+01,1.876292999999999722e+01,-7.798102000000000089e+00,2.706700999999999624e+01,5.207974000000000103e+01,3.628307999999999822e+01,-6.937001999999999953e+02,0.000000000000000000e+00,0.000000000000000000e+00,-1.804357999999999862e+01,-7.390784999999999716e-01,4.470844000000000484e+00,-2.772565000000000168e+01,8.483019999999999783e+00,2.977747999999999706e+01,3.194715999999999667e+01,2.287312999999999974e+01,-8.152988000000000568e+00,3.748611999999999966e+01,5.073589000000000482e+01,2.771510999999999925e+01,-6.970049000000000206e+02,0.000000000000000000e+00,0.000000000000000000e+00
-1.852067999999999870e+01,7.105236999999998693e-01,-4.444501999999999953e+00,-2.221943999999999875e+01,1.961609999999999943e+01,3.257852000000000459e+01,3.293227999999999867e+01,2.002745000000000175e+01,-7.497471000000000885e+00,2.910684000000000182e+01,5.508846999999999383e+01,3.664704000000000406e+01,-6.927813999999999623e+02,0.000000000000000000e+00,0.000000000000000000e+00,-1.852067999999999870e+01,-7.105236999999998693e-01,4.444501999999999953e+00,-2.697030000000000172e+01,1.028004999999999924e+01,3.039329000000000391e+01,3.282927999999999713e+01,2.425940999999999903e+01,-8.109610999999999237e+00,3.797202000000000055e+01,5.163792999999999722e+01,2.906024999999999991e+01,-6.952625000000000455e+02,0.000000000000000000e+00,0.000000000000000000e+00
-1.907379999999999853e+01,7.118204999999999671e-01,-4.454990000000000450e+00,-2.194542999999999822e+01,2.102872999999999948e+01,3.281784000000000390e+01,3.360540999999999912e+01,2.164095000000000013e+01,-7.982721999999999873e+00,3.091517999999999944e+01,5.699925000000000352e+01,3.614990000000000236e+01,-6.943074000000000296e+02,0.000000000000000000e+00,0.000000000000000000e+00,-1.907379999999999853e+01,-7.118204999999999671e-01,4.454990000000000450e+00,-2.651939000000000135e+01,1.196837999999999980e+01,3.146644999999999825e+01,3.391927000000000447e+01,2.514467000000000141e+01,-8.233143000000000100e+00,3.954959000000000202e+01,5.271114000000000033e+01,2.903894999999999982e+01,-6.940326999999999771e+02,0.000000000000000000e+00,0.000000000000000000e+00
-1.962950999999999979e+01,7.130568999999999935e-01,-4.465111000000000274e+00,-2.208277000000000001e+01,2.240415000000000134e+01,3.416170000000000329e+01,3.419120999999999810e+01,2.291293999999999897e+01,-7.612903000000000198e+00,3.320652000000000470e+01,5.882229000000000241e+01,3.523619999999999663e+01,-6.949960999999999558e+02,0.000000000000000000e+00,0.000000000000000000e+00,-1.962950999999999979e+01,-7.130568999999999935e-01,4.465111000000000274e+00,-2.618806000000000012e+01,1.402927999999999820e+01,3.231815999999999889e+01,3.444317999999999813e+01,2.633959000000000117e+01,-7.444008999999999432e+00,4.085169000000000494e+01,5.397043000000000745e+01,2.993245999999999896e+01,-6.924302000000000135e+02,0.000000000000000000e+00,0.000000000000000000e+00
-1.991695999999999955e+01,7.424626999999999200e-01,-4.457040000000000113e+00,-2.265733999999999781e+01,2.305172999999999917e+01,3.470589999999999975e+01,3.405910999999999689e+01,2.363126000000000104e+01,-7.809699000000000169e+00,3.500275999999999499e+01,6.079769000000000290e+01,3.409543000000000035e+01,-6.963028000000000475e+02,0.000000000000000000e+00,0.000000000000000000e+00,-1.991695999999999955e+01,-7.424626999999999200e-01,4.457040000000000113e+00,-2.598510999999999882e+01,1.504647999999999897e+01,3.446164999999999878e+01,3.530680000000000263e+01,2.761250000000000071e+01,-7.300654999999999895e+00,4.174363999999999919e+01,5.529200000000000159e+01,3.075125999999999848e+01,-6.913918999999999642e+02,0.000000000000000000e+00,0.000000000000000000e+00
-1.991695999999999955e+01,7.424626999999999200e-01,-4.457040000000000113e+00,-2.280610000000000070e+01,2.442392999999999859e+01,3.404545999999999850e+01,3.414567000000000263e+01,2.477398999999999774e+01,-7.556857000000000824e+00,3.753432000000000102e+01,6.335528000000000759e+01,3.269227999999999668e+01,-6.976739999999999782e+02,0.000000000000000000e+00,0.000000000000000000e+00,-1.991695999999999955e+01,-7.424626999999999200e-01,4.457040000000000113e+00,-2.554801000000000144e+01,1.749046000000000234e+01,3.589231999999999800e+01,3.656542000000000314e+01,2.909769000000000361e+01,-7.331647999999999499e+00,4.267199999999999704e+01,5.625840000000000174e+01,3.203027999999999764e+01,-6.901926999999999452e+02,0.000000000000000000e+00,0.000000000000000000e+00
-2.031038999999999817e+01,7.074965999999999200e-01,-4.431726999999999528e+00,-2.391482999999999848e+01,2.527645000000000053e+01,3.910634999999999906e+01,3.466696999999999917e+01,2.647327999999999903e+01,-7.206400000000000361e+00,3.979373999999999967e+01,6.623640999999999224e+01,3.128545000000000087e+01,-6.997354000000000269e+02,0.000000000000000000e+00,0.000000000000000000e+00,-2.031038999999999817e+01,-7.074965999999999200e-01,4.431726999999999528e+00,-2.574558000000000035e+01,1.830777999999999750e+01,3.698165000000000191e+01,3.694697000000000031e+01,2.977121999999999957e+01,-6.873750000000000249e+00,4.373545999999999623e+01,5.789925999999999817e+01,3.223819999999999908e+01,-6.888161000000000058e+02,0.000000000000000000e+00,0.000000000000000000e+00
-2.023935000000000173e+01,7.023048000000000624e-01,-4.433760999999999619e+00,-2.354749999999999943e+01,2.629642000000000124e+01,3.911202000000000112e+01,3.528057000000000443e+01,2.652839000000000169e+01,-7.842907000000000295e+00,4.062429000000000201e+01,6.733362999999999943e+01,3.143604000000000198e+01,-7.001115999999999531e+02,0.000000000000000000e+00,0.000000000000000000e+00,-2.023935000000000173e+01,-7.023048000000000624e-01,4.433760999999999619e+00,-2.506905000000000072e+01,1.919124000000000052e+01,3.750454000000000576e+01,3.773452000000000339e+01,3.039969999999999928e+01,-7.029422000000000281e+00,4.451897999999999911e+01,5.789509999999999934e+01,3.269772999999999996e+01,-6.876376000000000204e+02,0.000000000000000000e+00,0.000000000000000000e+00
-2.079492000000000118e+01,3.969507999999999925e-01,-3.961222000000000243e+00,-2.425750999999999991e+01,2.660832999999999871e+01,4.036572000000000315e+01,3.519610000000000127e+01,2.724270999999999887e+01,-7.279719000000000051e+00,4.465646999999999878e+01,6.914936000000000149e+01,2.937482999999999933e+01,-7.012861000000000331e+02,0.000000000000000000e+00,0.000000000000000000e+00,-2.079492000000000118e+01,-3.969507999999999925e-01,3.961222000000000243e+00,-2.571992000000000189e+01,2.055581000000000103e+01,3.869275999999999982e+01,3.768540999999999741e+01,3.122702999999999918e+01,-6.996719000000000577e+00,4.398767000000000138e+01,5.875970000000000226e+01,3.400450000000000017e+01,-6.864099999999999682e+02,0.000000000000000000e+00,0.000000000000000000e+00
-2.086583999999999861e+01,4.014889999999999848e-01,-3.959354000000000262e+00,-2.442651000000000039e+01,2.717637000000000214e+01,3.919212000000000273e+01,3.615831000000000017e+01,2.751644999999999897e+01,-7.849007000000000289e+00,4.725598000000000098e+01,7.261278000000000077e+01,2.942014000000000351e+01,-7.014288000000000238e+02,0.000000000000000000e+00,0.000000000000000000e+00,-2.086583999999999861e+01,-4.014889999999999848e-01,3.959354000000000262e+00,-2.515315000000000012e+01,2.128444999999999965e+01,3.664479000000000042e+01,3.800189999999999912e+01,3.150427999999999784e+01,-7.121595000000000120e+00,4.449389999999999645e+01,5.925330999999999904e+01,3.406555000000000177e+01,-6.861063000000000329e+02,0.000000000000000000e+00,0.000000000000000000e+00
-2.083719999999999928e+01,8.835483000000000642e-01,-3.654924999999999979e+00,-2.512593000000000032e+01,3.264726999999999890e+01,4.014777000000000129e+01,3.656159999999999854e+01,2.747252999999999901e+01,-8.344041999999999959e+00,4.874302999999999741e+01,7.422495999999999583e+01,2.868242000000000047e+01,-7.018478999999999814e+02,0.000000000000000000e+00,0.000000000000000000e+00,-2.083719999999999928e+01,-8.835483000000000642e-01,3.654924999999999979e+00,-2.473118999999999801e+01,2.624972999999999956e+01,3.733102000000000231e+01,3.901745999999999981e+01,3.158632000000000062e+01,-8.252836999999999534e+00,4.590767999999999915e+01,6.065690000000000026e+01,3.475260000000000105e+01,-6.859864999999999782e+02,0.000000000000000000e+00,0.000000000000000000e+00
-2.146489000000000047e+01,8.892629999999999146e-01,-3.660333999999999754e+00,-2.495749999999999957e+01,3.278685999999999723e+01,4.041582000000000363e+01,3.701837000000000444e+01,2.812528000000000006e+01,-8.698864000000000374e+00,4.888136000000000081e+01,7.475005000000000166e+01,2.812462999999999980e+01,-7.023097999999999956e+02,0.000000000000000000e+00,0.000000000000000000e+00,-2.146489000000000047e+01,-8.892629999999999146e-01,3.660333999999999754e+00,-2.466694000000000031e+01,2.726147000000000276e+01,3.814300000000000068e+01,3.930707000000000306e+01,3.237459000000000486e+01,-7.829382999999999981e+00,4.556978000000000151e+01,6.121439000000000163e+01,3.520452000000000226e+01,-6.862127000000000407e+02,0.000000000000000000e+00,0.000000000000000000e+00
-2.146489000000000047e+01,8.892629999999999146e-01,-3.660333999999999754e+00,-2.577198999999999884e+01,3.372044999999999959e+01,3.926584000000000430e+01,3.701192000000000348e+01,2.814658000000000015e+01,-8.841194999999999027e+00,4.824481000000000108e+01,7.483813000000000670e+01,2.824830999999999648e+01,-7.023511999999999489e+02,0.000000000000000000e+00,0.000000000000000000e+00,-2.146489000000000047e+01,-8.892629999999999146e-01,3.660333999999999754e+00,-2.458017000000000252e+01,2.857575999999999894e+01,3.868039999999999878e+01,3.982150999999999641e+01,3.211372999999999678e+01,-8.742907000000000650e+00,4.573664000000000129e+01,6.104469999999999885e+01,3.551745999999999981e+01,-6.845487000000000535e+02,0.000000000000000000e+00,0.000000000000000000e+00
-2.157920000000000016e+01,8.649353000000000735e-01,-3.678562999999999583e+00,-2.636229000000000156e+01,3.347149000000000285e+01,4.156710999999999956e+01,3.641544999999999987e+01,2.832455999999999818e+01,-9.450339999999998852e+00,4.813884999999999792e+01,7.499980999999999653e+01,2.819997000000000043e+01,-7.022508000000000266e+02,0.000000000000000000e+00,0.000000000000000000e+00,-2.157920000000000016e+01,-8.649353000000000735e-01,3.678562999999999583e+00,-2.484542000000000073e+01,2.885097999999999985e+01,3.928327000000000169e+01,4.043654999999999688e+01,3.239556999999999931e+01,-9.011178999999998496e+00,4.578199999999999648e+01,6.165351999999999322e+01,3.579377000000000209e+01,-6.844257999999999811e+02,0.000000000000000000e+00,0.000000000000000000e+00
-2.135207999999999728e+01,3.973860000000000170e-01,-3.969055999999999695e+00,-2.643065999999999605e+01,2.879359000000000179e+01,3.939612000000000336e+01,3.606266000000000105e+01,2.818984999999999985e+01,-9.364075999999998956e+00,4.764394000000000062e+01,7.473808000000001073e+01,2.749405000000000143e+01,-7.027459999999999809e+02,0.000000000000000000e+00,0.000000000000000000e+00,-2.135207999999999728e+01,-3.973860000000000170e-01,3.969055999999999695e+00,-2.520109000000000066e+01,2.501517000000000124e+01,3.904505000000000337e+01,4.036474000000000473e+01,3.223978999999999928e+01,-9.228999999999999204e+00,4.604214000000000340e+01,6.155395999999999646e+01,3.625724000000000302e+01,-6.838125999999999749e+02,0.000000000000000000e+00,0.000000000000000000e+00
-2.138602000000000203e+01,-8.516205000000000302e-02,-4.274249000000000187e+00,-2.684420999999999680e+01,2.893502000000000152e+01,4.019398999999999944e+01,3.628642999999999574e+01,2.826715999999999696e+01,-9.479452000000000211e+00,4.785562000000000182e+01,7.491342000000000212e+01,2.701107000000000014e+01,-7.027617999999999938e+02,0.000000000000000000e+00,0.000000000000000000e+00,-2.138602000000000203e+01,8.516205000000000302e-02,4.274249000000000187e+00,-2.563935000000000031e+01,2.390537000000000134e+01,3.803155999999999892e+01,3.957879000000000502e+01,3.244165000000000276e+01,-8.337292999999998955e+00,4.642445999999999628e+01,6.206596999999999298e+01,3.573277000000000214e+01,-6.834224000000000387e+02,0.000000000000000000e+00,0.000000000000000000e+00
-2.133462999999999710e+01,-3.936782000000000337e-01,-3.799082999999999988e+00,-2.675014000000000181e+01,2.772957000000000249e+01,4.063300999999999874e+01,3.629484999999999673e+01,2.838175000000000026e+01,-8.771697999999998885e+00,4.897154000000000451e+01,7.538429999999999609e+01,2.646812999999999860e+01,-7.035865000000000009e+02,0.000000000000000000e+00,0.000000000000000000e+00,-2.133462999999999710e+01,3.936782000000000337e-01,3.799082999999999988e+00,-2.748862000000000094e+01,2.419519999999999982e+01,4.066924000000000206e+01,3.971865999999999985e+01,3.332891000000000048e+01,-8.371694999999998998e+00,4.712122999999999706e+01,6.321318000000000126e+01,3.597162999999999755e+01,-6.832436000000000149e+02,0.000000000000000000e+00,0.000000000000000000e+00
-2.130706999999999951e+01,-3.967207000000000372e-01,-3.794382000000000144e+00,-2.822905000000000086e+01,2.758124000000000109e+01,4.139879000000000531e+01,3.595127999999999702e+01,2.884174000000000149e+01,-8.565882000000000218e+00,4.952367000000000274e+01,7.648310999999999638e+01,2.616822000000000159e+01,-7.037437999999999647e+02,0.000000000000000000e+00,0.000000000000000000e+00,-2.130706999999999951e+01,3.967207000000000372e-01,3.794382000000000144e+00,-2.789215000000000089e+01,2.401151000000000124e+01,4.129405999999999466e+01,3.974412999999999840e+01,3.331419000000000352e+01,-7.842882000000000353e+00,4.799103000000000208e+01,6.370354999999999990e+01,3.564249999999999829e+01,-6.832646999999999480e+02,0.000000000000000000e+00,0.000000000000000000e+00
-2.075032000000000210e+01,-3.956294000000000199e-01,-3.786833000000000116e+00,-2.737235999999999692e+01,2.785409999999999897e+01,4.108346999999999838e+01,3.700125999999999493e+01,2.871667000000000058e+01,-9.013424000000000547e+00,4.966367000000000331e+01,7.820664000000000726e+01,2.687519000000000347e+01,-7.023152999999999793e+02,0.000000000000000000e+00,0.000000000000000000e+00,-2.075032000000000210e+01,3.956294000000000199e-01,3.786833000000000116e+00,-2.740059000000000111e+01,2.413572000000000273e+01,3.935954999999999870e+01,3.968939999999999912e+01,3.305279999999999774e+01,-8.147233999999999199e+00,4.819539000000000328e+01,6.372601999999999833e+01,3.561901999999999902e+01,-6.831417000000000144e+02,0.000000000000000000e+00,0.000000000000000000e+00
-2.082124999999999915e+01,-3.915469000000000310e-01,-3.785053000000000001e+00,-2.836547999999999803e+01,2.803157999999999817e+01,4.288804000000000372e+01,3.682312000000000296e+01,2.925267000000000195e+01,-8.855890999999999735e+00,4.952490999999999843e+01,7.859933000000000902e+01,2.729475000000000051e+01,-7.023452999999999520e+02,0.000000000000000000e+00,0.000000000000000000e+00,-2.082124999999999915e+01,3.915469000000000310e-01,3.785053000000000001e+00,-2.866338000000000008e+01,2.339505000000000123e+01,4.139388999999999896e+01,3.965411999999999892e+01,3.309989999999999810e+01,-8.083703999999999112e+00,4.864174000000000575e+01,6.393064999999999998e+01,3.498810000000000286e+01,-6.837391000000000076e+02,0.000000000000000000e+00,0.000000000000000000e+00
-2.039082999999999757e+01,-1.915099999999999858e-01,-3.017490000000000006e+00,-2.703272000000000119e+01,2.777845999999999904e+01,4.121984000000000492e+01,3.668210999999999444e+01,2.788834999999999908e+01,-8.730655000000000499e+00,4.879750999999999550e+01,7.742815000000000225e+01,2.661460999999999899e+01,-7.025392000000000507e+02,0.000000000000000000e+00,0.000000000000000000e+00,-2.039082999999999757e+01,1.915099999999999858e-01,3.017490000000000006e+00,-2.864120000000000132e+01,2.485970999999999975e+01,4.117119000000000284e+01,3.986275999999999442e+01,3.319867999999999597e+01,-8.460789999999999367e+00,4.742440999999999462e+01,6.357021999999999196e+01,3.447722000000000264e+01,-6.841924000000000206e+02,0.000000000000000000e+00,0.000000000000000000e+00
-1.954733999999999838e+01,-2.163436999999999999e-01,-3.016440999999999928e+00,-2.687415000000000020e+01,2.855140000000000100e+01,4.085341999999999985e+01,3.693381000000000114e+01,2.710404000000000124e+01,-9.329007999999999967e+00,4.706510000000000105e+01,7.554525999999999897e+01,2.719354000000000227e+01,-7.024849000000000387e+02,0.000000000000000000e+00,0.000000000000000000e+00,-1.954733999999999838e+01,2.163436999999999999e-01,3.016440999999999928e+00,-2.843945999999999685e+01,2.459848999999999819e+01,3.969134000000000384e+01,3.954943000000000097e+01,3.237422999999999718e+01,-9.267680000000000362e+00,4.611582999999999544e+01,6.204138999999999982e+01,3.334745999999999810e+01,-6.855428000000000566e+02,0.000000000000000000e+00,0.000000000000000000e+00
-1.892154999999999987e+01,-2.188914999999999889e-01,-3.010836999999999986e+00,-2.753802999999999912e+01,2.839724000000000359e+01,3.875170999999999566e+01,3.683402999999999849e+01,2.560474999999999923e+01,-9.453974999999999795e+00,4.449325000000000330e+01,7.295255000000000223e+01,2.736617000000000033e+01,-7.021153000000000475e+02,0.000000000000000000e+00,0.000000000000000000e+00,-1.892154999999999987e+01,2.188914999999999889e-01,3.010836999999999986e+00,-2.831294000000000111e+01,2.411233000000000004e+01,3.759405000000000285e+01,3.897955000000000325e+01,3.101312000000000069e+01,-9.425760000000000360e+00,4.398340000000000316e+01,5.976135000000000019e+01,3.254182000000000130e+01,-6.867567999999999984e+02,0.000000000000000000e+00,0.000000000000000000e+00
-1.837026000000000181e+01,-2.180638000000000021e-01,-3.003643999999999981e+00,-2.719630999999999688e+01,2.721123000000000047e+01,3.704989000000000487e+01,3.593860000000000099e+01,2.422172000000000125e+01,-8.964822999999999098e+00,4.194814999999999827e+01,7.046191999999999211e+01,2.736410000000000053e+01,-7.015807999999999538e+02,0.000000000000000000e+00,0.000000000000000000e+00,-1.837026000000000181e+01,2.180638000000000021e-01,3.003643999999999981e+00,-2.860999000000000336e+01,2.319450000000000145e+01,3.798483000000000231e+01,3.834523000000000081e+01,3.034597999999999729e+01,-9.813620000000000232e+00,4.082274999999999920e+01,5.740223999999999904e+01,3.192122999999999777e+01,-6.905692999999999984e+02,0.000000000000000000e+00,0.000000000000000000e+00
-1.745382999999999996e+01,-3.642555000000000098e-01,-3.800458000000000336e+00,-2.681085999999999814e+01,2.666185999999999723e+01,3.607493000000000194e+01,3.577910999999999575e+01,2.356850999999999985e+01,-9.649757000000001028e+00,3.902435999999999439e+01,6.767379999999999995e+01,2.821443000000000012e+01,-7.005259999999999536e+02,0.000000000000000000e+00,0.000000000000000000e+00,-1.745382999999999996e+01,3.642555000000000098e-01,3.800458000000000336e+00,-2.831647000000000247e+01,2.129697000000000173e+01,3.516329000000000349e+01,3.660250999999999522e+01,2.799220999999999648e+01,-9.411654999999999660e+00,3.823823000000000150e+01,5.379138999999999982e+01,3.068884000000000256e+01,-6.920828000000000202e+02,0.000000000000000000e+00,0.000000000000000000e+00
-1.661385999999999896e+01,-3.948460000000000303e-01,-3.796278000000000041e+00,-2.593750000000000000e+01,2.657542000000000115e+01,3.490315999999999974e+01,3.488259000000000043e+01,2.255238999999999905e+01,-9.073363000000000511e+00,3.692830000000000013e+01,6.438606000000000051e+01,2.860422000000000153e+01,-7.002001999999999953e+02,0.000000000000000000e+00,0.000000000000000000e+00,-1.661385999999999896e+01,3.948460000000000303e-01,3.796278000000000041e+00,-2.802752999999999872e+01,2.080541000000000196e+01,3.182992000000000132e+01,3.510619000000000511e+01,2.668812999999999747e+01,-9.619966999999999047e+00,3.461963000000000079e+01,5.046354000000000184e+01,2.912537999999999982e+01,-6.885034000000000560e+02,0.000000000000000000e+00,0.000000000000000000e+00
-1.601615999999999929e+01,-3.950839999999999907e-01,-3.791968000000000227e+00,-2.609150999999999954e+01,2.462152000000000029e+01,3.698005999999999460e+01,3.405637999999999721e+01,2.145542000000000016e+01,-8.913460999999999856e+00,3.465619999999999834e+01,6.236871000000000009e+01,2.824259999999999948e+01,-7.003724999999999454e+02,0.000000000000000000e+00,0.000000000000000000e+00,-1.601615999999999929e+01,3.950839999999999907e-01,3.791968000000000227e+00,-2.842245000000000132e+01,1.919107999999999947e+01,3.170054999999999978e+01,3.412527000000000044e+01,2.538008999999999915e+01,-1.016073999999999877e+01,3.234635000000000105e+01,4.763282999999999845e+01,2.788429000000000357e+01,-6.900801999999999907e+02,0.000000000000000000e+00,0.000000000000000000e+00
-1.605275999999999925e+01,-8.766371999999998943e-01,-4.097348999999999464e+00,-2.604485999999999990e+01,2.273877000000000237e+01,3.639337000000000444e+01,3.368759000000000015e+01,2.075035000000000096e+01,-8.306608999999999909e+00,3.290547999999999718e+01,5.968543000000000376e+01,2.846144999999999925e+01,-7.003967999999999847e+02,0.000000000000000000e+00,0.000000000000000000e+00,-1.605275999999999925e+01,8.766371999999998943e-01,4.097348999999999464e+00,-2.889495999999999754e+01,1.651039000000000101e+01,2.996379999999999910e+01,3.192194999999999894e+01,2.332282000000000011e+01,-9.478857000000001420e+00,3.013312999999999775e+01,4.451252000000000209e+01,2.571940000000000026e+01,-6.921110999999999649e+02,0.000000000000000000e+00,0.000000000000000000e+00
-1.605275999999999925e+01,-8.766371999999998943e-01,-4.097348999999999464e+00,-2.636007000000000033e+01,2.102533999999999992e+01,3.413087000000000160e+01,3.226225999999999772e+01,1.996320000000000050e+01,-7.470596999999999710e+00,3.104157999999999973e+01,5.737648000000000792e+01,2.787059999999999960e+01,-7.003144999999999527e+02,0.000000000000000000e+00,0.000000000000000000e+00,-1.605275999999999925e+01,8.766371999999998943e-01,4.097348999999999464e+00,-2.921839000000000297e+01,1.482543999999999862e+01,2.829652999999999707e+01,3.066454999999999842e+01,2.195476000000000028e+01,-9.046912999999999982e+00,2.833259999999999934e+01,4.135566000000000031e+01,2.367960000000000065e+01,-6.948359000000000378e+02,0.000000000000000000e+00,0.000000000000000000e+00
-1.594931000000000054e+01,-5.444246999999999836e-01,-4.549837000000000131e+00,-2.727500999999999820e+01,1.992383999999999844e+01,3.148846999999999952e+01,3.142964999999999876e+01,1.883990999999999971e+01,-7.449403000000000219e+00,2.822874000000000194e+01,5.511081999999999681e+01,2.805542999999999765e+01,-7.001236999999999853e+02,0.000000000000000000e+00,0.000000000000000000e+00,-1.594931000000000054e+01,5.444246999999999836e-01,4.549837000000000131e+00,-2.891429000000000116e+01,1.103214999999999968e+01,2.534065000000000012e+01,2.936373000000000033e+01,1.983582000000000178e+01,-8.868047999999999931e+00,2.752385999999999910e+01,3.840549000000000035e+01,2.122233999999999909e+01,-6.966061999999999443e+02,0.000000000000000000e+00,0.000000000000000000e+00
