-6.864299e+00,4.394301e+00,1.205844e+01,-2.859826e+01,-1.653064e+01,5.528404e-01,-5.085811e+01,-2.382478e+01,-5.184538e+01,6.229468e+01,1.525070e+01,-8.182273e+01,-4.112846e+02,0,0,-6.864299e+00,-4.394301e+00,-1.205844e+01,-3.869160e+01,-6.229922e+00,1.276232e+01,-6.663159e+01,-1.374722e+01,-3.955811e+01,4.770705e+01,4.472196e+01,-2.156196e+01,-3.704893e+02,0,0
-6.735677e+00,3.973936e+00,1.172352e+01,-2.923230e+01,-1.660463e+01,1.428250e+00,-5.054915e+01,-2.363740e+01,-5.132462e+01,6.222759e+01,1.588292e+01,-8.159342e+01,-4.106210e+02,0,0,-6.735677e+00,-3.973936e+00,-1.172352e+01,-3.877672e+01,-6.494604e+00,1.256843e+01,-6.714662e+01,-1.383921e+01,-3.988213e+01,4.691371e+01,4.414667e+01,-2.172534e+01,-3.709749e+02,0,0
-7.123873e+00,2.133160e+00,1.115153e+01,-2.932933e+01,-1.655196e+01,1.011055e+00,-4.852307e+01,-2.407855e+01,-4.983706e+01,6.344747e+01,1.790799e+01,-8.106744e+01,-4.102850e+02,0,0,-7.123873e+00,-2.133160e+00,-1.115153e+01,-3.790992e+01,-7.153426e+00,1.246733e+01,-6.829736e+01,-1.416081e+01,-4.098599e+01,4.556529e+01,4.234704e+01,-2.399560e+01,-3.741917e+02,0,0
-7.004575e+00,1.808913e-01,9.754176e+00,-2.944305e+01,-1.593394e+01,2.876508e+00,-4.768566e+01,-2.373430e+01,-4.919069e+01,5.690821e+01,1.971887e+01,-7.614963e+01,-4.057975e+02,0,0,-7.004575e+00,-1.808913e-01,-9.754176e+00,-3.695894e+01,-7.959198e+00,1.108047e+01,-6.812448e+01,-1.415955e+01,-4.284903e+01,4.323351e+01,4.104389e+01,-2.808662e+01,-3.817916e+02,0,0
-6.665742e+00,-1.666931e+00,8.385824e+00,-2.984522e+01,-1.625613e+01,2.488011e+00,-4.733670e+01,-2.478090e+01,-4.912410e+01,6.396658e+01,2.255553e+01,-8.432227e+01,-4.131136e+02,0,0,-6.665742e+00,1.666931e+00,-8.385824e+00,-3.757464e+01,-8.393034e+00,1.083044e+01,-6.928264e+01,-1.562070e+01,-4.365648e+01,4.628536e+01,4.104424e+01,-3.327664e+01,-3.879973e+02,0,0
-6.140222e+00,-2.102644e+00,8.058357e+00,-2.936945e+01,-1.647454e+01,1.108495e+00,-4.725508e+01,-2.537323e+01,-4.951317e+01,6.833936e+01,2.434564e+01,-8.817344e+01,-4.156829e+02,0,0,-6.140222e+00,2.102644e+00,-8.058357e+00,-3.753984e+01,-7.898863e+00,8.887922e+00,-6.796985e+01,-1.527101e+01,-4.342231e+01,4.946848e+01,4.214568e+01,-3.447700e+01,-3.854840e+02,0,0
-6.673487e+00,-1.958494e+00,6.794333e+00,-2.838736e+01,-1.614487e+01,2.705069e+00,-4.641420e+01,-2.558697e+01,-4.892978e+01,7.279006e+01,2.505775e+01,-9.372343e+01,-4.284377e+02,0,0,-6.673487e+00,1.958494e+00,-6.794333e+00,-3.615748e+01,-8.459825e+00,8.635111e+00,-6.640480e+01,-1.446587e+01,-4.435581e+01,5.551853e+01,4.052083e+01,-3.864179e+01,-3.941345e+02,0,0
-6.592367e+00,-2.868086e+00,6.131721e+00,-2.740989e+01,-1.621206e+01,1.747784e+00,-4.616027e+01,-2.506239e+01,-4.930077e+01,6.718317e+01,2.265000e+01,-8.967297e+01,-4.293568e+02,0,0,-6.592367e+00,2.868086e+00,-6.131721e+00,-3.628124e+01,-9.159307e+00,9.553122e+00,-6.719653e+01,-1.449288e+01,-4.451513e+01,5.224521e+01,3.704377e+01,-3.959428e+01,-3.984664e+02,0,0
-6.082925e+00,-2.855210e+00,6.102016e+00,-2.883950e+01,-1.692741e+01,1.108657e+00,-4.886636e+01,-2.544559e+01,-5.028431e+01,5.620654e+01,1.827183e+01,-8.216205e+01,-4.160956e+02,0,0,-6.082925e+00,2.855210e+00,-6.102016e+00,-3.707710e+01,-8.331769e+00,7.965056e+00,-6.918894e+01,-1.448917e+01,-4.452254e+01,4.005393e+01,3.362110e+01,-3.208344e+01,-3.896767e+02,0,0
-6.145985e+00,-2.527070e+00,5.636697e+00,-2.804160e+01,-1.691185e+01,3.383405e-01,-4.977862e+01,-2.503490e+01,-5.126772e+01,4.394049e+01,1.658233e+01,-6.853512e+01,-4.005854e+02,0,0,-6.145985e+00,2.527070e+00,-5.636697e+00,-3.740507e+01,-8.791768e+00,8.311667e+00,-7.071530e+01,-1.372887e+01,-4.600989e+01,3.374970e+01,3.022543e+01,-2.580353e+01,-3.845660e+02,0,0
-6.186343e+00,-2.069226e+00,5.967863e+00,-2.764416e+01,-1.743648e+01,3.692402e-01,-4.993589e+01,-2.558865e+01,-5.174538e+01,4.814788e+01,1.650146e+01,-7.050143e+01,-4.049485e+02,0,0,-6.186343e+00,2.069226e+00,-5.967863e+00,-3.689798e+01,-8.787349e+00,8.349566e+00,-7.059335e+01,-1.295177e+01,-4.578301e+01,3.586035e+01,2.978574e+01,-2.449050e+01,-3.852611e+02,0,0
-6.224530e+00,-1.613496e+00,6.298901e+00,-2.810929e+01,-1.803661e+01,1.664505e+00,-4.997716e+01,-2.674534e+01,-5.247516e+01,5.543853e+01,1.853230e+01,-7.741602e+01,-4.137454e+02,0,0,-6.224530e+00,1.613496e+00,-6.298901e+00,-3.578137e+01,-8.761909e+00,8.762829e+00,-6.839197e+01,-1.167246e+01,-4.553814e+01,3.972307e+01,3.192940e+01,-2.667037e+01,-3.856935e+02,0,0
-6.186343e+00,-2.069226e+00,5.967863e+00,-2.615257e+01,-1.803252e+01,1.716009e+00,-4.821954e+01,-2.584423e+01,-5.182245e+01,5.211924e+01,1.888305e+01,-6.541510e+01,-4.043564e+02,0,0,-6.186343e+00,2.069226e+00,-5.967863e+00,-3.464956e+01,-6.423879e+00,9.337756e+00,-6.757050e+01,-1.129338e+01,-4.264455e+01,4.407728e+01,3.027614e+01,-2.200347e+01,-3.863329e+02,0,0
-6.147413e+00,-2.520571e+00,5.637381e+00,-2.470717e+01,-1.774474e+01,3.686586e-01,-4.727401e+01,-2.519400e+01,-5.198169e+01,6.282220e+01,1.671506e+01,-7.641283e+01,-4.173144e+02,0,0,-6.147413e+00,2.520571e+00,-5.637381e+00,-3.494510e+01,-7.136494e+00,9.482411e+00,-6.777570e+01,-1.140183e+01,-4.280751e+01,4.994071e+01,2.914711e+01,-2.732582e+01,-3.919880e+02,0,0
-6.606806e+00,-2.576985e+00,5.632351e+00,-2.429090e+01,-1.781792e+01,1.419656e+00,-4.721560e+01,-2.505580e+01,-5.229882e+01,6.232776e+01,1.588096e+01,-7.874089e+01,-4.170630e+02,0,0,-6.606806e+00,2.576985e+00,-5.632351e+00,-3.506037e+01,-7.647426e+00,1.054173e+01,-6.789183e+01,-1.233794e+01,-4.349013e+01,4.527844e+01,2.999533e+01,-2.551104e+01,-3.872508e+02,0,0
-6.650013e+00,-2.533458e+00,5.664930e+00,-2.502698e+01,-1.767351e+01,1.465531e+00,-4.839796e+01,-2.429230e+01,-5.241554e+01,5.328879e+01,1.569672e+01,-7.157423e+01,-4.058163e+02,0,0,-6.650013e+00,2.533458e+00,-5.664930e+00,-3.531815e+01,-8.025592e+00,6.788501e+00,-6.938552e+01,-1.116535e+01,-4.557075e+01,3.712210e+01,2.719389e+01,-2.579226e+01,-3.831835e+02,0,0
-6.187845e+00,-2.062429e+00,5.968591e+00,-2.523599e+01,-1.768345e+01,4.783618e-01,-4.870478e+01,-2.483929e+01,-5.338251e+01,4.673030e+01,1.593695e+01,-6.562382e+01,-3.996425e+02,0,0,-6.187845e+00,2.062429e+00,-5.968591e+00,-3.613121e+01,-8.333840e+00,7.810293e+00,-6.974187e+01,-1.091880e+01,-4.617561e+01,3.613486e+01,2.877074e+01,-2.591974e+01,-3.824355e+02,0,0
-6.187845e+00,-2.062429e+00,5.968591e+00,-2.559149e+01,-1.835991e+01,5.674843e-01,-4.876150e+01,-2.575482e+01,-5.319732e+01,4.819817e+01,1.834564e+01,-6.473963e+01,-3.967562e+02,0,0,-6.187845e+00,2.062429e+00,-5.968591e+00,-3.569348e+01,-9.343306e+00,6.843450e+00,-6.819444e+01,-1.290176e+01,-4.721093e+01,3.819479e+01,3.046594e+01,-2.494875e+01,-3.843485e+02,0,0
-6.186343e+00,-2.069226e+00,5.967863e+00,-2.557273e+01,-1.806944e+01,-3.965556e-01,-4.750783e+01,-2.636686e+01,-5.217077e+01,5.557255e+01,2.068010e+01,-6.765430e+01,-3.997586e+02,0,0,-6.186343e+00,2.069226e+00,-5.967863e+00,-3.597115e+01,-1.055844e+01,7.369071e+00,-6.799538e+01,-1.458978e+01,-4.673635e+01,4.412813e+01,3.295387e+01,-2.883256e+01,-3.852884e+02,0,0
-6.186343e+00,-2.069226e+00,5.967863e+00,-2.546070e+01,-1.727228e+01,1.320309e+00,-4.801256e+01,-2.494484e+01,-5.226393e+01,5.942021e+01,1.977724e+01,-7.423783e+01,-4.053874e+02,0,0,-6.186343e+00,2.069226e+00,-5.967863e+00,-3.625428e+01,-1.041053e+01,8.323487e+00,-6.831839e+01,-1.460884e+01,-4.646103e+01,4.292650e+01,3.342008e+01,-2.993177e+01,-3.854111e+02,0,0
-6.187845e+00,-2.062429e+00,5.968591e+00,-2.566838e+01,-1.718944e+01,8.506337e-02,-4.787321e+01,-2.499055e+01,-5.241417e+01,5.920766e+01,1.980131e+01,-7.404348e+01,-4.047577e+02,0,0,-6.187845e+00,2.062429e+00,-5.968591e+00,-3.643491e+01,-1.025528e+01,8.395176e+00,-6.849896e+01,-1.455176e+01,-4.651972e+01,4.264219e+01,3.353245e+01,-2.850649e+01,-3.836248e+02,0,0
-6.187845e+00,-2.062429e+00,5.968591e+00,-2.577669e+01,-1.718575e+01,-3.457491e-02,-4.787321e+01,-2.499055e+01,-5.241417e+01,5.909252e+01,1.995167e+01,-7.388959e+01,-4.045562e+02,0,0,-6.187845e+00,2.062429e+00,-5.968591e+00,-3.649924e+01,-1.035211e+01,8.403680e+00,-6.871199e+01,-1.459701e+01,-4.675519e+01,4.304047e+01,3.383161e+01,-2.915251e+01,-3.837093e+02,0,0
-6.650013e+00,-2.533458e+00,5.664930e+00,-2.596569e+01,-1.771052e+01,2.790032e+00,-4.627741e+01,-2.587450e+01,-5.017173e+01,6.140470e+01,2.132142e+01,-7.504679e+01,-4.062361e+02,0,0,-6.650013e+00,2.533458e+00,-5.664930e+00,-3.648792e+01,-1.037017e+01,9.744166e+00,-6.837856e+01,-1.561024e+01,-4.544454e+01,4.373995e+01,3.419743e+01,-2.908845e+01,-3.838838e+02,0,0
-6.571912e+00,-3.037114e+00,5.301225e+00,-2.566791e+01,-1.731992e+01,2.073893e+00,-4.623942e+01,-2.593514e+01,-4.992055e+01,6.157267e+01,2.111079e+01,-7.532924e+01,-4.059638e+02,0,0,-6.571912e+00,3.037114e+00,-5.301225e+00,-3.700368e+01,-1.041494e+01,9.719691e+00,-6.851270e+01,-1.584299e+01,-4.536569e+01,4.330686e+01,3.455895e+01,-2.893256e+01,-3.837490e+02,0,0
-6.551118e+00,-3.490260e+00,4.970303e+00,-2.517464e+01,-1.733453e+01,2.850065e+00,-4.565753e+01,-2.614316e+01,-4.989927e+01,6.174219e+01,2.070781e+01,-7.500951e+01,-4.060824e+02,0,0,-6.551118e+00,3.490260e+00,-4.970303e+00,-3.715058e+01,-1.040673e+01,9.274691e+00,-6.914649e+01,-1.595102e+01,-4.584873e+01,4.267786e+01,3.403973e+01,-2.890293e+01,-3.836075e+02,0,0
-6.083465e+00,-3.436055e+00,4.974748e+00,-2.536400e+01,-1.732432e+01,2.323745e+00,-4.582243e+01,-2.579013e+01,-5.024495e+01,6.140257e+01,2.047736e+01,-7.471430e+01,-4.058129e+02,0,0,-6.083465e+00,3.436055e+00,-4.974748e+00,-3.689354e+01,-1.028251e+01,8.999065e+00,-6.899132e+01,-1.558466e+01,-4.598012e+01,4.205785e+01,3.393033e+01,-2.818202e+01,-3.826081e+02,0,0
-6.044608e+00,-3.475456e+00,4.946239e+00,-2.560386e+01,-1.770671e+01,2.076519e+00,-4.593910e+01,-2.573282e+01,-4.998164e+01,6.046359e+01,2.114003e+01,-7.355640e+01,-4.041980e+02,0,0,-6.044608e+00,3.475456e+00,-4.946239e+00,-3.737631e+01,-1.063000e+01,9.268302e+00,-6.894996e+01,-1.559426e+01,-4.585356e+01,4.215722e+01,3.430595e+01,-2.829552e+01,-3.824139e+02,0,0
-6.090986e+00,-3.433455e+00,4.974664e+00,-2.610523e+01,-1.734162e+01,1.934051e+00,-4.598088e+01,-2.586398e+01,-4.965881e+01,5.891180e+01,2.248522e+01,-7.159668e+01,-4.016788e+02,0,0,-6.090986e+00,3.433455e+00,-4.974664e+00,-3.811791e+01,-1.023795e+01,8.062508e+00,-7.007059e+01,-1.570432e+01,-4.597365e+01,4.122260e+01,3.545162e+01,-2.824344e+01,-3.815545e+02,0,0
-6.090986e+00,-3.433455e+00,4.974664e+00,-2.674593e+01,-1.685421e+01,1.872324e+00,-4.615723e+01,-2.540152e+01,-4.966708e+01,5.711472e+01,2.413795e+01,-6.911775e+01,-3.999888e+02,0,0,-6.090986e+00,3.433455e+00,-4.974664e+00,-3.887627e+01,-1.014506e+01,9.143447e+00,-7.016706e+01,-1.567027e+01,-4.587275e+01,4.072504e+01,3.715727e+01,-2.724853e+01,-3.821166e+02,0,0
-6.551118e+00,-3.490260e+00,4.970303e+00,-2.738593e+01,-1.664747e+01,3.367965e+00,-4.572514e+01,-2.556851e+01,-4.847548e+01,5.677096e+01,2.631521e+01,-6.835606e+01,-3.990749e+02,0,0,-6.551118e+00,3.490260e+00,-4.970303e+00,-3.953798e+01,-1.019441e+01,9.755159e+00,-7.013289e+01,-1.609732e+01,-4.568657e+01,4.184158e+01,3.939536e+01,-2.836002e+01,-3.823458e+02,0,0
-6.551118e+00,-3.490260e+00,4.970303e+00,-2.814060e+01,-1.631936e+01,3.277043e+00,-4.529311e+01,-2.503720e+01,-4.800965e+01,5.760733e+01,2.910270e+01,-6.926129e+01,-4.005346e+02,0,0,-6.551118e+00,3.490260e+00,-4.970303e+00,-4.004363e+01,-9.804084e+00,9.384755e+00,-7.014351e+01,-1.643119e+01,-4.516455e+01,4.342189e+01,4.198784e+01,-3.045469e+01,-3.851215e+02,0,0
-6.554980e+00,-3.126175e+00,4.467199e+00,-2.920075e+01,-1.542818e+01,5.600353e+00,-4.496873e+01,-2.502260e+01,-4.619681e+01,5.887534e+01,3.299908e+01,-7.083366e+01,-4.021065e+02,0,0,-6.554980e+00,3.126175e+00,-4.467199e+00,-4.033552e+01,-9.734373e+00,9.952913e+00,-6.922866e+01,-1.666821e+01,-4.493205e+01,4.623208e+01,4.543006e+01,-3.273770e+01,-3.875915e+02,0,0
-6.929780e+00,-3.090537e+00,4.490272e+00,-2.994831e+01,-1.417599e+01,4.793834e+00,-4.330187e+01,-2.542219e+01,-4.339125e+01,6.196978e+01,3.844704e+01,-7.391567e+01,-4.063551e+02,0,0,-6.929780e+00,3.090537e+00,-4.490272e+00,-4.075951e+01,-8.809890e+00,1.049441e+01,-6.772154e+01,-1.749792e+01,-4.319195e+01,4.900663e+01,5.101191e+01,-3.589901e+01,-3.908439e+02,0,0
-7.365860e+00,-3.602497e+00,4.154499e+00,-3.016834e+01,-1.276890e+01,7.991490e+00,-4.075435e+01,-2.543941e+01,-4.080883e+01,6.442813e+01,4.479048e+01,-7.662927e+01,-4.093023e+02,0,0,-7.365860e+00,3.602497e+00,-4.154499e+00,-4.173146e+01,-8.133058e+00,1.311470e+01,-6.672767e+01,-1.956675e+01,-4.147291e+01,5.175594e+01,5.598272e+01,-3.949891e+01,-3.947234e+02,0,0
-7.408580e+00,-3.627885e+00,4.171937e+00,-3.079272e+01,-1.175573e+01,9.608101e+00,-3.849577e+01,-2.555806e+01,-3.833032e+01,6.586826e+01,5.034495e+01,-7.840173e+01,-4.106321e+02,0,0,-7.408580e+00,3.627885e+00,-4.171937e+00,-4.223704e+01,-7.105328e+00,1.413911e+01,-6.564702e+01,-1.946025e+01,-4.003608e+01,5.368171e+01,6.002495e+01,-4.242978e+01,-3.966158e+02,0,0
-7.869069e+00,-3.679230e+00,4.167504e+00,-3.102406e+01,-1.109979e+01,9.456401e+00,-3.678238e+01,-2.548396e+01,-3.620784e+01,6.685950e+01,5.474070e+01,-7.967101e+01,-4.111783e+02,0,0,-7.869069e+00,3.679230e+00,-4.167504e+00,-4.275716e+01,-6.931213e+00,1.377955e+01,-6.467700e+01,-2.000557e+01,-3.899168e+01,5.474460e+01,6.365287e+01,-4.360338e+01,-3.979583e+02,0,0
-7.798164e+00,-4.111292e+00,3.803380e+00,-3.103109e+01,-1.010987e+01,1.162321e+01,-3.523664e+01,-2.461067e+01,-3.401739e+01,6.748015e+01,5.884827e+01,-8.043251e+01,-4.114355e+02,0,0,-7.798164e+00,4.111292e+00,-3.803380e+00,-4.339090e+01,-7.001502e+00,1.277948e+01,-6.429739e+01,-1.970940e+01,-3.793179e+01,5.484660e+01,6.657720e+01,-4.596602e+01,-3.988763e+02,0,0
-8.128912e+00,-4.104684e+00,3.800187e+00,-3.139662e+01,-9.462439e+00,1.463348e+01,-3.405218e+01,-2.394214e+01,-3.204706e+01,6.795408e+01,6.354359e+01,-8.263093e+01,-4.128565e+02,0,0,-8.128912e+00,4.104684e+00,-3.800187e+00,-4.398609e+01,-6.933026e+00,1.310758e+01,-6.350485e+01,-2.017841e+01,-3.722069e+01,5.515956e+01,7.145592e+01,-4.911767e+01,-4.018523e+02,0,0
-8.178449e+00,-4.072987e+00,3.821971e+00,-3.191648e+01,-8.345048e+00,1.561179e+01,-3.250549e+01,-2.356709e+01,-3.006477e+01,6.543260e+01,6.753015e+01,-8.369059e+01,-4.120167e+02,0,0,-8.178449e+00,4.072987e+00,-3.821971e+00,-4.413305e+01,-6.214015e+00,1.394734e+01,-6.303870e+01,-2.008695e+01,-3.604308e+01,5.483039e+01,7.582454e+01,-5.184837e+01,-4.033143e+02,0,0
-8.178449e+00,-4.072987e+00,3.821971e+00,-3.229319e+01,-7.636634e+00,1.664005e+01,-3.199821e+01,-2.306317e+01,-2.899907e+01,6.617015e+01,7.145166e+01,-8.575787e+01,-4.135609e+02,0,0,-8.178449e+00,4.072987e+00,-3.821971e+00,-4.474449e+01,-5.921833e+00,1.538836e+01,-6.230835e+01,-2.048361e+01,-3.480773e+01,5.501690e+01,8.115566e+01,-5.442595e+01,-4.052200e+02,0,0
-8.645715e+00,-3.664109e+00,4.149423e+00,-3.316481e+01,-7.731196e+00,1.823676e+01,-3.123360e+01,-2.297628e+01,-2.781580e+01,6.553812e+01,7.493537e+01,-8.812445e+01,-4.149320e+02,0,0,-8.645715e+00,3.664109e+00,-4.149423e+00,-4.475684e+01,-5.618348e+00,1.695365e+01,-6.045412e+01,-2.055417e+01,-3.260668e+01,5.586603e+01,8.563932e+01,-5.644904e+01,-4.066825e+02,0,0
-8.645715e+00,-3.664109e+00,4.149423e+00,-3.350595e+01,-7.084109e+00,1.896928e+01,-3.009051e+01,-2.251922e+01,-2.673692e+01,6.558555e+01,7.817380e+01,-9.028557e+01,-4.164984e+02,0,0,-8.645715e+00,3.664109e+00,-4.149423e+00,-4.477334e+01,-5.106823e+00,1.911908e+01,-5.998483e+01,-2.001024e+01,-3.166077e+01,5.590633e+01,8.995345e+01,-5.864679e+01,-4.086819e+02,0,0
-8.636430e+00,-4.123725e+00,3.817535e+00,-3.329374e+01,-6.385599e+00,1.845327e+01,-2.906151e+01,-2.180915e+01,-2.527153e+01,6.563284e+01,8.168630e+01,-9.215927e+01,-4.179791e+02,0,0,-8.636430e+00,4.123725e+00,-3.817535e+00,-4.574415e+01,-4.627094e+00,1.955392e+01,-5.926142e+01,-1.995113e+01,-3.032723e+01,5.666230e+01,9.311385e+01,-6.025921e+01,-4.105033e+02,0,0
-8.636430e+00,-4.123725e+00,3.817535e+00,-3.329723e+01,-6.176585e+00,2.030136e+01,-2.917815e+01,-2.140796e+01,-2.482491e+01,6.550504e+01,8.462226e+01,-9.409569e+01,-4.195783e+02,0,0,-8.636430e+00,4.123725e+00,-3.817535e+00,-4.599171e+01,-4.335306e+00,1.966077e+01,-5.855247e+01,-1.957270e+01,-2.982929e+01,5.628824e+01,9.596511e+01,-6.195807e+01,-4.118957e+02,0,0
-8.636430e+00,-4.123725e+00,3.817535e+00,-3.366796e+01,-6.115069e+00,2.044358e+01,-2.844174e+01,-2.087298e+01,-2.429797e+01,6.530334e+01,8.752361e+01,-9.725150e+01,-4.209098e+02,0,0,-8.636430e+00,4.123725e+00,-3.817535e+00,-4.599048e+01,-4.223237e+00,1.988542e+01,-5.787979e+01,-1.950116e+01,-2.861566e+01,5.591012e+01,9.982212e+01,-6.431761e+01,-4.060619e+02,0,0
-8.636430e+00,-4.123725e+00,3.817535e+00,-3.363061e+01,-6.018334e+00,1.988207e+01,-2.869609e+01,-2.089318e+01,-2.378104e+01,6.539122e+01,8.990563e+01,-9.954492e+01,-4.227641e+02,0,0,-8.636430e+00,4.123725e+00,-3.817535e+00,-4.609491e+01,-4.246417e+00,2.130881e+01,-5.737009e+01,-1.917683e+01,-2.842070e+01,5.599311e+01,1.021272e+02,-6.597037e+01,-4.146631e+02,0,0
-8.689168e+00,-4.091686e+00,3.839486e+00,-3.379827e+01,-6.181601e+00,2.138930e+01,-2.783366e+01,-2.012936e+01,-2.349588e+01,6.512001e+01,9.181967e+01,-1.015167e+02,-4.240070e+02,0,0,-8.689168e+00,4.091686e+00,-3.839486e+00,-4.633510e+01,-4.299269e+00,2.051054e+01,-5.712595e+01,-1.914641e+01,-2.808638e+01,5.549423e+01,1.036669e+02,-6.858904e+01,-4.166071e+02,0,0
-8.689168e+00,-4.091686e+00,3.839486e+00,-3.406738e+01,-5.928643e+00,2.162563e+01,-2.796267e+01,-2.018480e+01,-2.287628e+01,6.491733e+01,9.279568e+01,-1.028954e+02,-4.252549e+02,0,0,-8.689168e+00,4.091686e+00,-3.839486e+00,-4.621076e+01,-4.123885e+00,2.310936e+01,-5.679843e+01,-1.941823e+01,-2.774074e+01,5.518706e+01,1.049543e+02,-7.092379e+01,-4.180253e+02,0,0
-8.689168e+00,-4.091686e+00,3.839486e+00,-3.430111e+01,-5.921588e+00,2.113327e+01,-2.813329e+01,-1.971542e+01,-2.282213e+01,6.506636e+01,9.365078e+01,-1.042149e+02,-4.255520e+02,0,0,-8.689168e+00,4.091686e+00,-3.839486e+00,-4.628214e+01,-4.248731e+00,2.183257e+01,-5.679843e+01,-1.941823e+01,-2.774074e+01,5.522433e+01,1.056347e+02,-7.326887e+01,-4.197952e+02,0,0
-8.681677e+00,-4.095096e+00,3.839579e+00,-3.432691e+01,-5.773671e+00,2.185948e+01,-2.783394e+01,-1.959453e+01,-2.269659e+01,6.507669e+01,9.401518e+01,-1.050676e+02,-4.255482e+02,0,0,-8.681677e+00,4.095096e+00,-3.839579e+00,-4.631834e+01,-4.215725e+00,2.174887e+01,-5.680386e+01,-1.941242e+01,-2.774533e+01,5.516048e+01,1.059277e+02,-7.472062e+01,-4.211694e+02,0,0
-8.681677e+00,-4.095096e+00,3.839579e+00,-3.443613e+01,-5.900003e+00,2.079025e+01,-2.813159e+01,-1.971162e+01,-2.282868e+01,6.469484e+01,9.390704e+01,-1.069751e+02,-4.257598e+02,0,0,-8.681677e+00,4.095096e+00,-3.839579e+00,-4.631020e+01,-4.325793e+00,2.175203e+01,-5.680386e+01,-1.941242e+01,-2.774533e+01,5.492982e+01,1.058230e+02,-7.738822e+01,-4.225247e+02,0,0
-8.681677e+00,-4.095096e+00,3.839579e+00,-3.438929e+01,-6.118819e+00,2.195418e+01,-2.813159e+01,-1.971162e+01,-2.282868e+01,6.425397e+01,9.446540e+01,-1.078719e+02,-4.257073e+02,0,0,-8.681677e+00,4.095096e+00,-3.839579e+00,-4.608221e+01,-4.546485e+00,2.098498e+01,-5.683932e+01,-1.919405e+01,-2.797538e+01,5.432817e+01,1.058208e+02,-7.904676e+01,-4.244434e+02,0,0
-8.681677e+00,-4.095096e+00,3.839579e+00,-3.460064e+01,-6.253147e+00,2.190793e+01,-2.860348e+01,-1.969594e+01,-2.304871e+01,6.436021e+01,9.484176e+01,-1.083494e+02,-4.259658e+02,0,0,-8.681677e+00,4.095096e+00,-3.839579e+00,-4.592530e+01,-4.399031e+00,2.059677e+01,-5.683932e+01,-1.919405e+01,-2.797538e+01,5.507833e+01,1.061502e+02,-7.961147e+01,-4.243728e+02,0,0
-8.681677e+00,-4.095096e+00,3.839579e+00,-3.473910e+01,-6.270227e+00,2.329477e+01,-2.872124e+01,-1.974114e+01,-2.293515e+01,6.428581e+01,9.510103e+01,-1.078616e+02,-4.257125e+02,0,0,-8.681677e+00,4.095096e+00,-3.839579e+00,-4.594797e+01,-4.400834e+00,2.174612e+01,-5.663767e+01,-1.913115e+01,-2.815522e+01,5.497800e+01,1.060445e+02,-7.968362e+01,-4.241330e+02,0,0
-8.681677e+00,-4.095096e+00,3.839579e+00,-3.476125e+01,-6.278966e+00,2.096659e+01,-2.872124e+01,-1.974114e+01,-2.293515e+01,6.441220e+01,9.510701e+01,-1.075209e+02,-4.255260e+02,0,0,-8.681677e+00,4.095096e+00,-3.839579e+00,-4.596573e+01,-4.291630e+00,2.049615e+01,-5.663767e+01,-1.913115e+01,-2.815522e+01,5.518135e+01,1.059637e+02,-7.913469e+01,-4.240434e+02,0,0
-8.681677e+00,-4.095096e+00,3.839579e+00,-3.473690e+01,-6.261830e+00,2.326358e+01,-2.872124e+01,-1.974114e+01,-2.293515e+01,6.468535e+01,9.454419e+01,-1.064162e+02,-4.258719e+02,0,0,-8.681677e+00,4.095096e+00,-3.839579e+00,-4.579262e+01,-4.255947e+00,2.082809e+01,-5.663767e+01,-1.913115e+01,-2.815522e+01,5.506368e+01,1.055028e+02,-7.675858e+01,-4.231429e+02,0,0
-8.681677e+00,-4.095096e+00,3.839579e+00,-3.491595e+01,-6.134863e+00,2.161746e+01,-2.858611e+01,-1.976603e+01,-2.335694e+01,6.448262e+01,9.225251e+01,-1.037137e+02,-4.248934e+02,0,0,-8.681677e+00,4.095096e+00,-3.839579e+00,-4.572768e+01,-4.240008e+00,2.017616e+01,-5.681658e+01,-1.888771e+01,-2.870139e+01,5.461598e+01,1.032832e+02,-7.335535e+01,-4.205292e+02,0,0
-8.677426e+00,-4.557028e+00,3.505381e+00,-3.416551e+01,-6.254377e+00,2.113813e+01,-2.903604e+01,-1.970116e+01,-2.444998e+01,6.489531e+01,8.998630e+01,-1.001094e+02,-4.230435e+02,0,0,-8.677426e+00,4.557028e+00,-3.505381e+00,-4.604427e+01,-4.587380e+00,1.840212e+01,-5.789544e+01,-1.919468e+01,-3.032985e+01,5.358270e+01,9.942509e+01,-7.018079e+01,-4.175834e+02,0,0
-8.677426e+00,-4.557028e+00,3.505381e+00,-3.368614e+01,-6.279523e+00,1.938803e+01,-2.926517e+01,-1.950094e+01,-2.562335e+01,6.471543e+01,8.731230e+01,-9.832751e+01,-4.209493e+02,0,0,-8.677426e+00,4.557028e+00,-3.505381e+00,-4.580451e+01,-4.586072e+00,1.828453e+01,-5.877613e+01,-1.879255e+01,-3.183355e+01,5.328313e+01,9.654203e+01,-6.797988e+01,-4.164726e+02,0,0
-8.625047e+00,-4.587312e+00,3.485337e+00,-3.342770e+01,-6.307693e+00,1.333240e+01,-2.946224e+01,-1.995753e+01,-2.641815e+01,6.475747e+01,8.566127e+01,-9.645894e+01,-4.203320e+02,0,0,-8.625047e+00,4.587312e+00,-3.485337e+00,-4.560382e+01,-4.769383e+00,1.756799e+01,-5.936161e+01,-1.886408e+01,-3.278396e+01,5.384848e+01,9.449329e+01,-6.633095e+01,-4.153729e+02,0,0
-8.625047e+00,-4.587312e+00,3.485337e+00,-3.365074e+01,-6.246696e+00,1.645023e+01,-2.980277e+01,-1.988193e+01,-2.726772e+01,6.484781e+01,8.386975e+01,-9.552473e+01,-4.198077e+02,0,0,-8.625047e+00,4.587312e+00,-3.485337e+00,-4.549521e+01,-4.895409e+00,1.683388e+01,-5.978913e+01,-1.875574e+01,-3.363178e+01,5.326795e+01,9.280251e+01,-6.508801e+01,-4.156047e+02,0,0
-8.628978e+00,-4.127185e+00,3.817627e+00,-3.388862e+01,-6.690666e+00,1.661036e+01,-3.092254e+01,-2.065898e+01,-2.795080e+01,6.435947e+01,8.073404e+01,-9.392671e+01,-4.196963e+02,0,0,-8.628978e+00,4.127185e+00,-3.817627e+00,-4.512415e+01,-4.688385e+00,1.560986e+01,-5.995186e+01,-1.840638e+01,-3.385539e+01,5.280571e+01,9.070082e+01,-6.192584e+01,-4.122702e+02,0,0
-8.628978e+00,-4.127185e+00,3.817627e+00,-3.360189e+01,-7.541333e+00,1.575082e+01,-3.221547e+01,-2.109272e+01,-2.984896e+01,6.523079e+01,7.731049e+01,-9.217439e+01,-4.190697e+02,0,0,-8.628978e+00,4.127185e+00,-3.817627e+00,-4.498864e+01,-5.344269e+00,1.476056e+01,-6.061749e+01,-1.847537e+01,-3.507150e+01,5.169541e+01,8.703624e+01,-5.868137e+01,-4.091423e+02,0,0
-8.627556e+00,-4.132065e+00,3.817171e+00,-3.299481e+01,-7.784192e+00,1.450178e+01,-3.272080e+01,-2.204797e+01,-3.128011e+01,6.498617e+01,7.356389e+01,-9.004819e+01,-4.177864e+02,0,0,-8.627556e+00,4.132065e+00,-3.817171e+00,-4.449662e+01,-5.615284e+00,1.288583e+01,-6.212685e+01,-1.800384e+01,-3.724886e+01,5.106088e+01,8.268850e+01,-5.561916e+01,-4.066665e+02,0,0
-8.569092e+00,-4.462198e+00,4.283976e+00,-3.227167e+01,-8.425564e+00,1.209271e+01,-3.350976e+01,-2.228196e+01,-3.318347e+01,6.547011e+01,7.005167e+01,-8.874446e+01,-4.168892e+02,0,0,-8.569092e+00,4.462198e+00,-4.283976e+00,-4.449659e+01,-6.026357e+00,1.268515e+01,-6.344363e+01,-1.771251e+01,-3.847575e+01,5.052774e+01,7.928218e+01,-5.273339e+01,-4.045204e+02,0,0
-8.111890e+00,-4.406226e+00,4.288891e+00,-3.220246e+01,-8.504166e+00,1.166105e+01,-3.516891e+01,-2.246173e+01,-3.509252e+01,6.514988e+01,6.491119e+01,-8.725201e+01,-4.161642e+02,0,0,-8.111890e+00,4.406226e+00,-4.288891e+00,-4.422411e+01,-6.148516e+00,1.130868e+01,-6.433075e+01,-1.689770e+01,-4.017881e+01,4.956226e+01,7.533764e+01,-5.088036e+01,-4.025246e+02,0,0
-8.111890e+00,-4.406226e+00,4.288891e+00,-3.189964e+01,-9.090596e+00,1.017332e+01,-3.649340e+01,-2.287722e+01,-3.696152e+01,6.530696e+01,5.986664e+01,-8.604608e+01,-4.156666e+02,0,0,-8.111890e+00,4.406226e+00,-4.288891e+00,-4.430012e+01,-6.498715e+00,9.165763e+00,-6.528749e+01,-1.708356e+01,-4.129193e+01,4.880483e+01,7.194301e+01,-4.781590e+01,-3.995604e+02,0,0
-8.130779e+00,-3.943751e+00,4.620332e+00,-3.221441e+01,-1.015388e+01,8.637860e+00,-3.800085e+01,-2.349878e+01,-3.863964e+01,6.623063e+01,5.546043e+01,-8.553068e+01,-4.166651e+02,0,0,-8.130779e+00,3.943751e+00,-4.620332e+00,-4.382572e+01,-6.676553e+00,9.663499e+00,-6.569908e+01,-1.636311e+01,-4.237693e+01,4.829671e+01,6.838547e+01,-4.456365e+01,-3.970622e+02,0,0
-8.135458e+00,-3.879864e+00,4.627259e+00,-3.201455e+01,-1.052008e+01,7.457902e+00,-3.894305e+01,-2.349052e+01,-3.952023e+01,6.533435e+01,5.289084e+01,-8.258371e+01,-4.146259e+02,0,0,-8.135458e+00,3.879864e+00,-4.627259e+00,-4.358549e+01,-6.844441e+00,7.683858e+00,-6.620436e+01,-1.611386e+01,-4.325483e+01,4.823301e+01,6.616281e+01,-4.265697e+01,-3.953784e+02,0,0
-8.085290e+00,-3.917000e+00,4.600947e+00,-3.188924e+01,-1.064553e+01,1.164582e+01,-3.969323e+01,-2.394067e+01,-4.005361e+01,6.392436e+01,5.020484e+01,-8.025961e+01,-4.122326e+02,0,0,-8.085290e+00,3.917000e+00,-4.600947e+00,-4.344799e+01,-7.275901e+00,7.381161e+00,-6.674227e+01,-1.573464e+01,-4.447146e+01,4.780101e+01,6.420701e+01,-3.985088e+01,-3.926932e+02,0,0
-8.085290e+00,-3.917000e+00,4.600947e+00,-3.188326e+01,-1.126189e+01,8.728427e+00,-4.108013e+01,-2.385984e+01,-4.188693e+01,6.318094e+01,4.763561e+01,-7.830728e+01,-4.105999e+02,0,0,-8.085290e+00,3.917000e+00,-4.600947e+00,-4.337713e+01,-7.433758e+00,6.430797e+00,-6.748285e+01,-1.510512e+01,-4.502441e+01,4.721048e+01,6.196904e+01,-3.709742e+01,-3.901693e+02,0,0
-8.080641e+00,-3.980910e+00,4.594061e+00,-3.170866e+01,-1.166789e+01,5.847419e+00,-4.183981e+01,-2.375619e+01,-4.277859e+01,6.247927e+01,4.481804e+01,-7.673198e+01,-4.091672e+02,0,0,-8.080641e+00,3.980910e+00,-4.594061e+00,-4.314967e+01,-7.630844e+00,7.094829e+00,-6.814504e+01,-1.473450e+01,-4.597112e+01,4.714906e+01,5.959763e+01,-3.533647e+01,-3.884542e+02,0,0
-7.791908e+00,-4.480652e+00,4.302664e+00,-3.129884e+01,-1.157509e+01,4.371413e+00,-4.194469e+01,-2.380449e+01,-4.337481e+01,6.285938e+01,4.234007e+01,-7.541187e+01,-4.080477e+02,0,0,-7.791908e+00,4.480652e+00,-4.302664e+00,-4.337724e+01,-7.839428e+00,4.258683e+00,-6.878517e+01,-1.439419e+01,-4.709602e+01,4.614163e+01,5.706955e+01,-3.310794e+01,-3.855579e+02,0,0
-7.331928e+00,-4.423763e+00,4.307147e+00,-3.104344e+01,-1.162126e+01,4.015852e+00,-4.283900e+01,-2.346311e+01,-4.478143e+01,6.206389e+01,3.958455e+01,-7.331427e+01,-4.059773e+02,0,0,-7.331928e+00,4.423763e+00,-4.307147e+00,-4.327303e+01,-7.636131e+00,3.549727e+00,-6.947381e+01,-1.379453e+01,-4.779131e+01,4.629180e+01,5.440317e+01,-2.843569e+01,-3.812916e+02,0,0
-7.331928e+00,-4.423763e+00,4.307147e+00,-3.103663e+01,-1.207815e+01,3.721345e+00,-4.398150e+01,-2.332434e+01,-4.540185e+01,6.171133e+01,3.709804e+01,-7.153102e+01,-4.042025e+02,0,0,-7.331928e+00,4.423763e+00,-4.307147e+00,-4.290149e+01,-8.077534e+00,3.246011e+00,-6.973297e+01,-1.272433e+01,-4.920003e+01,4.613363e+01,5.088279e+01,-2.588708e+01,-3.779719e+02,0,0
-7.331928e+00,-4.423763e+00,4.307147e+00,-3.090094e+01,-1.231820e+01,2.347886e+00,-4.474026e+01,-2.259448e+01,-4.624452e+01,6.122234e+01,3.612024e+01,-6.923318e+01,-4.021029e+02,0,0,-7.331928e+00,4.423763e+00,-4.307147e+00,-4.262751e+01,-8.514485e+00,1.465164e+00,-7.009815e+01,-1.229886e+01,-5.027146e+01,4.599262e+01,4.871651e+01,-2.490484e+01,-3.758021e+02,0,0
-7.331928e+00,-4.423763e+00,4.307147e+00,-3.071716e+01,-1.267308e+01,2.386989e+00,-4.474306e+01,-2.251365e+01,-4.655581e+01,6.070013e+01,3.542180e+01,-6.847718e+01,-4.010424e+02,0,0,-7.331928e+00,4.423763e+00,-4.307147e+00,-4.260061e+01,-8.854507e+00,1.253192e+00,-7.075152e+01,-1.212068e+01,-5.075406e+01,4.564955e+01,4.739455e+01,-2.524735e+01,-3.749794e+02,0,0
-7.331928e+00,-4.423763e+00,4.307147e+00,-3.038498e+01,-1.320044e+01,2.742434e+00,-4.537186e+01,-2.314449e+01,-4.746508e+01,6.058491e+01,3.534218e+01,-6.831992e+01,-3.990339e+02,0,0,-7.331928e+00,4.423763e+00,-4.307147e+00,-4.251159e+01,-8.902479e+00,1.173075e+00,-7.043798e+01,-1.209680e+01,-5.077114e+01,4.506191e+01,4.669327e+01,-2.603496e+01,-3.752917e+02,0,0
-7.286534e+00,-4.459366e+00,4.282506e+00,-2.913777e+01,-1.433546e+01,1.847491e+00,-4.541733e+01,-2.366431e+01,-4.866400e+01,6.240740e+01,3.362945e+01,-6.980861e+01,-4.026040e+02,0,0,-7.286534e+00,4.459366e+00,-4.282506e+00,-4.154598e+01,-1.038550e+01,2.523386e+00,-7.074839e+01,-1.352211e+01,-5.084453e+01,4.498447e+01,4.352748e+01,-2.863789e+01,-3.774442e+02,0,0
-6.519165e+00,-3.956373e+00,4.638578e+00,-2.734667e+01,-1.534976e+01,1.212901e+00,-4.589144e+01,-2.452563e+01,-5.020398e+01,6.666285e+01,2.972133e+01,-7.454518e+01,-4.058101e+02,0,0,-6.519165e+00,3.956373e+00,-4.638578e+00,-3.904274e+01,-1.046573e+01,3.756412e+00,-6.977650e+01,-1.358498e+01,-5.061785e+01,4.666975e+01,3.635919e+01,-3.673415e+01,-3.872333e+02,0,0
-6.005232e+00,-4.220980e+00,5.110442e+00,-2.557041e+01,-1.599960e+01,1.236277e+00,-4.450203e+01,-2.452885e+01,-5.045967e+01,6.896543e+01,2.630723e+01,-7.917867e+01,-4.094916e+02,0,0,-6.005232e+00,4.220980e+00,-5.110442e+00,-3.873241e+01,-1.022474e+01,3.437808e+00,-7.000376e+01,-1.386556e+01,-5.023120e+01,4.679911e+01,3.443118e+01,-3.822452e+01,-3.904464e+02,0,0
-6.022937e+00,-3.767689e+00,5.441193e+00,-2.567519e+01,-1.641541e+01,1.844026e+00,-4.506052e+01,-2.529960e+01,-5.046588e+01,6.827346e+01,2.556176e+01,-7.909033e+01,-4.096418e+02,0,0,-6.022937e+00,3.767689e+00,-5.441193e+00,-3.827581e+01,-1.013277e+01,5.879529e+00,-6.978787e+01,-1.406302e+01,-4.949948e+01,4.445400e+01,3.588092e+01,-3.470150e+01,-3.854345e+02,0,0
-6.482099e+00,-3.829854e+00,5.436501e+00,-2.571367e+01,-1.643404e+01,2.545889e-01,-4.450440e+01,-2.575673e+01,-4.991138e+01,6.875746e+01,2.592361e+01,-7.961160e+01,-4.100633e+02,0,0,-6.482099e+00,3.829854e+00,-5.436501e+00,-3.817388e+01,-1.027281e+01,5.543282e+00,-6.975954e+01,-1.448762e+01,-4.930976e+01,4.478261e+01,3.594662e+01,-3.509966e+01,-3.865514e+02,0,0
-6.482099e+00,-3.829854e+00,5.436501e+00,-2.550090e+01,-1.650939e+01,5.142501e-01,-4.450440e+01,-2.575673e+01,-4.991138e+01,6.877839e+01,2.572150e+01,-7.985830e+01,-4.102446e+02,0,0,-6.482099e+00,3.829854e+00,-5.436501e+00,-3.835485e+01,-1.020897e+01,6.048420e+00,-6.975954e+01,-1.448762e+01,-4.930976e+01,4.503118e+01,3.553821e+01,-3.569208e+01,-3.866288e+02,0,0
-6.482099e+00,-3.829854e+00,5.436501e+00,-2.550446e+01,-1.636728e+01,1.221130e+00,-4.406827e+01,-2.572861e+01,-4.938245e+01,6.869371e+01,2.557114e+01,-7.949624e+01,-4.101773e+02,0,0,-6.482099e+00,3.829854e+00,-5.436501e+00,-3.860392e+01,-1.035774e+01,4.241604e+00,-6.975954e+01,-1.448762e+01,-4.930976e+01,4.493142e+01,3.547419e+01,-3.562965e+01,-3.867481e+02,0,0
-6.524421e+00,-3.786434e+00,5.467873e+00,-2.559334e+01,-1.649921e+01,1.181276e+00,-4.411384e+01,-2.577954e+01,-4.937862e+01,6.883136e+01,2.567742e+01,-7.965187e+01,-4.102026e+02,0,0,-6.524421e+00,3.786434e+00,-5.467873e+00,-3.865174e+01,-1.035783e+01,4.513311e+00,-6.970062e+01,-1.451134e+01,-4.926308e+01,4.475062e+01,3.569198e+01,-3.519860e+01,-3.861630e+02,0,0
-6.807348e+00,-3.754314e+00,5.419886e+00,-2.546482e+01,-1.675346e+01,1.517531e+00,-4.406588e+01,-2.595186e+01,-4.913400e+01,6.875195e+01,2.578138e+01,-7.972609e+01,-4.103146e+02,0,0,-6.807348e+00,3.754314e+00,-5.419886e+00,-3.863246e+01,-1.076088e+01,5.608136e+00,-6.962381e+01,-1.478222e+01,-4.919169e+01,4.489731e+01,3.585617e+01,-3.528650e+01,-3.864998e+02,0,0
