-5.868471e+00,-1.065728e+01,-2.821006e+01,6.321389e-01,2.625018e+01,5.479162e+00,5.332476e+01,5.896846e+00,-3.906106e+01,7.579726e+01,2.703472e+01,-3.812044e+01,-3.708268e+02,0,0,-5.868471e+00,1.065728e+01,2.821006e+01,-3.125146e+01,-5.320731e+00,-9.199462e+00,2.509674e+01,-1.055771e+01,-1.322321e+01,1.157477e+02,3.573421e+01,-8.324009e+01,-4.478768e+02,0,0
-5.868471e+00,-1.065728e+01,-2.821006e+01,9.292893e-01,2.612824e+01,5.347693e+00,5.332476e+01,5.896846e+00,-3.906106e+01,7.616307e+01,2.693196e+01,-3.818982e+01,-3.712643e+02,0,0,-5.868471e+00,1.065728e+01,2.821006e+01,-3.133749e+01,-5.502703e+00,-9.207482e+00,2.513632e+01,-1.068643e+01,-1.339266e+01,1.158569e+02,3.580360e+01,-8.377960e+01,-4.476211e+02,0,0
-5.868471e+00,-1.065728e+01,-2.821006e+01,6.162345e-01,2.639145e+01,5.486213e+00,5.338891e+01,5.853832e+00,-3.934699e+01,7.568627e+01,2.700509e+01,-3.778176e+01,-3.707554e+02,0,0,-5.868471e+00,1.065728e+01,2.821006e+01,-3.127737e+01,-5.428390e+00,-9.201882e+00,2.513632e+01,-1.068643e+01,-1.339266e+01,1.160228e+02,3.582948e+01,-8.390762e+01,-4.477030e+02,0,0
-5.797532e+00,-1.090248e+01,-2.774373e+01,1.333619e+00,2.612334e+01,5.100349e+00,5.371462e+01,5.952026e+00,-3.910526e+01,7.629651e+01,2.667155e+01,-3.836251e+01,-3.713077e+02,0,0,-5.797532e+00,1.090248e+01,2.774373e+01,-3.111022e+01,-5.204865e+00,-9.087485e+00,2.488719e+01,-1.035051e+01,-1.375023e+01,1.154354e+02,3.530563e+01,-8.341636e+01,-4.470209e+02,0,0
-5.771552e+00,-1.087036e+01,-2.770438e+01,1.056948e+00,2.628826e+01,5.197147e+00,5.334537e+01,6.137825e+00,-3.905284e+01,7.600051e+01,2.670483e+01,-3.814139e+01,-3.709963e+02,0,0,-5.771552e+00,1.087036e+01,2.770438e+01,-3.137271e+01,-5.419556e+00,-9.102176e+00,2.492358e+01,-1.032249e+01,-1.377202e+01,1.156569e+02,3.554590e+01,-8.349734e+01,-4.474526e+02,0,0
-5.359972e+00,-1.106170e+01,-2.775944e+01,1.195736e+00,2.656844e+01,5.231882e+00,5.393499e+01,6.148229e+00,-3.922545e+01,7.529772e+01,2.666174e+01,-3.740403e+01,-3.691341e+02,0,0,-5.359972e+00,1.106170e+01,2.775944e+01,-3.164821e+01,-5.395678e+00,-8.591853e+00,2.547838e+01,-9.611019e+00,-1.413077e+01,1.158105e+02,3.615033e+01,-8.586796e+01,-4.500719e+02,0,0
-5.124682e+00,-9.700367e+00,-2.910963e+01,3.939698e-01,2.827575e+01,5.449878e+00,5.338297e+01,7.916828e+00,-4.062599e+01,7.256247e+01,2.759775e+01,-3.459497e+01,-3.718096e+02,0,0,-5.124682e+00,9.700367e+00,2.910963e+01,-2.988824e+01,-6.625976e+00,-8.426423e+00,2.686664e+01,-9.309758e+00,-1.295831e+01,1.187142e+02,3.895618e+01,-8.870946e+01,-4.574714e+02,0,0
-5.294214e+00,-9.764528e+00,-2.972283e+01,2.529481e-01,2.870468e+01,5.533903e+00,5.390894e+01,8.139296e+00,-4.107448e+01,7.326519e+01,2.817315e+01,-3.487161e+01,-3.660918e+02,0,0,-5.294214e+00,9.764528e+00,2.972283e+01,-3.005746e+01,-7.391870e+00,-7.102175e+00,2.692004e+01,-9.548116e+00,-1.321307e+01,1.182587e+02,3.982500e+01,-8.867664e+01,-4.579562e+02,0,0
-5.294595e+00,-9.583808e+00,-3.018317e+01,-2.718365e-01,2.883636e+01,5.404032e+00,5.381880e+01,8.345498e+00,-4.124589e+01,7.335957e+01,2.817300e+01,-3.421556e+01,-3.653971e+02,0,0,-5.294595e+00,9.583808e+00,3.018317e+01,-2.968607e+01,-7.544687e+00,-9.242386e+00,2.705147e+01,-9.967786e+00,-1.277320e+01,1.188050e+02,3.980330e+01,-8.949975e+01,-4.566334e+02,0,0
-5.553400e+00,-9.961523e+00,-3.037651e+01,2.357583e-01,2.898139e+01,6.820195e+00,5.370614e+01,8.218085e+00,-4.098801e+01,7.437047e+01,2.838626e+01,-3.469273e+01,-3.657018e+02,0,0,-5.553400e+00,9.961523e+00,3.037651e+01,-3.001255e+01,-6.974119e+00,-8.976954e+00,2.680128e+01,-9.959341e+00,-1.286567e+01,1.179351e+02,3.926310e+01,-8.947378e+01,-4.547483e+02,0,0
-5.582531e+00,-9.995970e+00,-3.041901e+01,3.880063e-01,2.914439e+01,7.021575e+00,5.375411e+01,8.246137e+00,-4.101415e+01,7.490532e+01,2.816381e+01,-3.490005e+01,-3.694596e+02,0,0,-5.582531e+00,9.995970e+00,3.041901e+01,-2.986951e+01,-6.824455e+00,-9.482022e+00,2.745351e+01,-1.040422e+01,-1.305744e+01,1.177353e+02,3.937282e+01,-8.897018e+01,-4.541807e+02,0,0
-5.775234e+00,-9.349053e+00,-3.016006e+01,-2.423918e-01,2.901992e+01,6.104939e+00,5.362396e+01,8.237008e+00,-4.078288e+01,7.441693e+01,2.881247e+01,-3.507434e+01,-3.698701e+02,0,0,-5.775234e+00,9.349053e+00,3.016006e+01,-2.967265e+01,-7.429433e+00,-8.803213e+00,2.758841e+01,-1.113401e+01,-1.304463e+01,1.166889e+02,3.989044e+01,-8.742597e+01,-4.522156e+02,0,0
-4.931327e+00,-9.260287e+00,-2.891096e+01,1.022201e+00,2.860748e+01,5.135816e+00,5.330298e+01,6.289307e+00,-4.055153e+01,7.500097e+01,2.675834e+01,-3.902221e+01,-3.751765e+02,0,0,-4.931327e+00,9.260287e+00,2.891096e+01,-3.220497e+01,-5.174030e+00,-1.058189e+01,2.704193e+01,-1.179443e+01,-1.516117e+01,1.132600e+02,3.878837e+01,-8.294939e+01,-4.484611e+02,0,0
-2.835862e+00,-8.704634e+00,-2.588978e+01,2.776990e+00,2.612674e+01,2.761498e+00,5.251387e+01,3.175195e+00,-3.945283e+01,7.325838e+01,2.528452e+01,-4.192140e+01,-3.746377e+02,0,0,-2.835862e+00,8.704634e+00,2.588978e+01,-3.205748e+01,-9.900011e-01,-1.250987e+01,2.560284e+01,-1.117988e+01,-1.785183e+01,1.073702e+02,3.585347e+01,-8.094654e+01,-4.420848e+02,0,0
-1.330072e+00,-8.532476e+00,-2.392704e+01,4.608436e+00,2.859477e+01,-1.455342e+00,5.213347e+01,1.867878e+00,-4.019670e+01,6.923807e+01,2.418112e+01,-4.050217e+01,-3.732447e+02,0,0,-1.330072e+00,8.532476e+00,2.392704e+01,-2.874799e+01,8.675678e-01,-1.401191e+01,2.413783e+01,-1.177727e+01,-1.883690e+01,1.062348e+02,3.457413e+01,-8.091066e+01,-4.463886e+02,0,0
2.425308e-01,-1.027324e+01,-1.954438e+01,1.014478e+00,2.641858e+01,2.715926e-01,5.243974e+01,9.216309e-02,-4.111683e+01,6.693888e+01,2.321719e+01,-4.312348e+01,-3.738916e+02,0,0,2.425308e-01,1.027324e+01,1.954438e+01,-3.384586e+01,4.319478e+00,-1.376893e+01,2.255574e+01,-1.160803e+01,-2.053077e+01,1.016639e+02,3.138277e+01,-7.653894e+01,-4.430643e+02,0,0
4.623673e+00,-1.415850e+01,-1.408973e+01,1.153364e-01,2.593280e+01,-3.296904e+00,5.111786e+01,-2.774973e+00,-4.214339e+01,5.150615e+01,2.095804e+01,-3.555797e+01,-3.625817e+02,0,0,4.623673e+00,1.415850e+01,1.408973e+01,-3.490769e+01,1.091709e+01,-1.820405e+01,2.078141e+01,-1.281733e+01,-2.405806e+01,9.006706e+01,2.237637e+01,-7.171707e+01,-4.317395e+02,0,0
1.072332e+01,-1.554621e+01,-8.310473e+00,-2.105512e+00,2.199231e+01,-6.990501e+00,4.484793e+01,-7.441426e+00,-4.145010e+01,2.640953e+01,1.704377e+01,-2.356126e+01,-3.472192e+02,0,0,1.072332e+01,1.554621e+01,8.310473e+00,-3.416542e+01,1.521482e+01,-2.898674e+01,1.564890e+01,-1.291650e+01,-2.931782e+01,3.560917e+01,1.105675e+01,-2.982557e+01,-3.797010e+02,0,0
1.600937e+01,-1.572747e+01,-5.834198e+00,-1.796888e+00,1.585311e+01,-1.183684e+01,4.038168e+01,-1.109002e+01,-4.204465e+01,-4.175812e+00,1.426516e+01,-2.843424e+00,-3.223886e+02,0,0,1.600937e+01,1.572747e+01,5.834198e+00,-3.644594e+01,1.601534e+01,-2.345294e+01,9.567599e+00,-1.305386e+01,-3.171200e+01,9.931497e+00,8.488114e+00,-7.343778e+00,-3.561812e+02,0,0
1.958012e+01,-1.531426e+01,-3.752636e+00,-1.723546e+00,1.287109e+01,-1.218183e+01,4.048034e+01,-1.353305e+01,-4.027885e+01,-1.839977e+01,1.239674e+01,9.640997e+00,-3.101577e+02,0,0,1.958012e+01,1.531426e+01,3.752636e+00,-3.823585e+01,1.552682e+01,-2.871226e+01,7.754721e+00,-1.518678e+01,-3.468902e+01,1.070636e+01,7.267278e+00,-1.308291e+01,-3.597407e+02,0,0
1.985592e+01,-1.492186e+01,-3.028553e+00,-6.850255e-01,1.394124e+01,-1.055092e+01,4.205510e+01,-1.261647e+01,-3.896792e+01,-1.103354e+01,1.180299e+01,7.015144e+00,-3.171234e+02,0,0,1.985592e+01,1.492186e+01,3.028553e+00,-3.816402e+01,1.626356e+01,-2.604023e+01,8.167039e+00,-1.423427e+01,-3.402075e+01,1.517474e+01,7.759319e+00,-1.344060e+01,-3.641027e+02,0,0
1.990389e+01,-1.439480e+01,-2.835081e+00,-7.454699e-01,1.344229e+01,-1.201213e+01,4.140831e+01,-1.328717e+01,-3.941461e+01,-1.563324e+01,1.150409e+01,1.091177e+01,-3.132506e+02,0,0,1.990389e+01,1.439480e+01,2.835081e+00,-3.725093e+01,1.629032e+01,-2.620372e+01,8.053626e+00,-1.389618e+01,-3.420619e+01,1.111612e+01,7.946960e+00,-9.681036e+00,-3.598954e+02,0,0
1.944327e+01,-1.416532e+01,-3.378899e+00,-6.243957e-01,1.389972e+01,-1.080027e+01,4.128712e+01,-1.246934e+01,-3.934232e+01,-1.452875e+01,1.152821e+01,9.400977e+00,-3.145582e+02,0,0,1.944327e+01,1.416532e+01,3.378899e+00,-3.670458e+01,1.645545e+01,-2.486374e+01,8.515582e+00,-1.283896e+01,-3.377346e+01,2.130852e+01,9.274799e+00,-1.656061e+01,-3.664947e+02,0,0
1.735118e+01,-1.352949e+01,-5.653367e+00,3.042577e-01,1.626271e+01,-1.091834e+01,4.221637e+01,-9.942834e+00,-4.040696e+01,7.382883e-01,1.364004e+01,-2.980225e+00,-3.244066e+02,0,0,1.735118e+01,1.352949e+01,5.653367e+00,-3.524967e+01,1.497899e+01,-2.487951e+01,1.021494e+01,-1.282694e+01,-3.191319e+01,4.177782e+01,1.145441e+01,-3.240182e+01,-3.817780e+02,0,0
1.499554e+01,-1.254529e+01,-6.579723e+00,2.827236e-01,1.664401e+01,-9.412210e+00,4.319863e+01,-9.450662e+00,-3.944193e+01,1.745235e+01,1.357478e+01,-1.562054e+01,-3.375823e+02,0,0,1.499554e+01,1.254529e+01,6.579723e+00,-3.328430e+01,1.343557e+01,-2.317021e+01,1.350383e+01,-1.286013e+01,-3.027914e+01,5.684914e+01,1.498704e+01,-4.480033e+01,-3.938379e+02,0,0
1.176480e+01,-1.213770e+01,-9.562832e+00,7.588640e-01,1.890150e+01,-7.835278e+00,4.548209e+01,-7.261791e+00,-3.991915e+01,3.669018e+01,1.482448e+01,-2.910157e+01,-3.525850e+02,0,0,1.176480e+01,1.213770e+01,9.562832e+00,-3.226667e+01,1.047252e+01,-2.149187e+01,1.614974e+01,-1.320204e+01,-2.724232e+01,7.402844e+01,1.860656e+01,-5.824305e+01,-4.076962e+02,0,0
9.086909e+00,-1.182112e+01,-1.255060e+01,1.540587e+00,2.002191e+01,-4.981045e+00,4.726611e+01,-5.513364e+00,-4.036603e+01,5.626716e+01,1.684502e+01,-4.195768e+01,-3.676711e+02,0,0,9.086909e+00,1.182112e+01,1.255060e+01,-3.061395e+01,8.045606e+00,-1.902672e+01,1.882213e+01,-1.253957e+01,-2.485965e+01,8.829661e+01,2.152829e+01,-6.892055e+01,-4.218475e+02,0,0
6.644533e+00,-1.055155e+01,-1.581130e+01,1.675674e+00,2.154840e+01,-4.040957e+00,4.794086e+01,-3.299828e+00,-4.035192e+01,6.279762e+01,2.021676e+01,-4.420035e+01,-3.695535e+02,0,0,6.644533e+00,1.055155e+01,1.581130e+01,-2.882868e+01,4.546463e+00,-1.655428e+01,2.119809e+01,-1.277676e+01,-2.322457e+01,9.700907e+01,2.483546e+01,-7.502776e+01,-4.301077e+02,0,0
3.755536e+00,-9.496592e+00,-1.858635e+01,3.534740e+00,2.317966e+01,-3.689232e+00,4.869459e+01,-5.227297e-01,-4.014897e+01,6.995167e+01,2.282559e+01,-4.703670e+01,-3.741817e+02,0,0,3.755536e+00,9.496592e+00,1.858635e+01,-2.505116e+01,2.169932e+00,-1.438967e+01,2.356995e+01,-1.225087e+01,-2.090391e+01,1.031159e+02,2.851398e+01,-7.932865e+01,-4.371264e+02,0,0
4.910573e-01,-7.641911e+00,-2.222390e+01,1.333429e+00,2.550956e+01,1.236238e+00,4.997876e+01,4.568989e+00,-4.073721e+01,7.221180e+01,2.648403e+01,-4.546212e+01,-3.736421e+02,0,0,4.910573e-01,7.641911e+00,2.222390e+01,-2.368179e+01,-2.574691e+00,-1.126595e+01,2.705161e+01,-1.138710e+01,-1.678801e+01,1.085301e+02,3.376559e+01,-8.412991e+01,-4.565800e+02,0,0
-1.023242e+00,-7.585975e+00,-2.354319e+01,3.838527e-01,2.787212e+01,3.940929e+00,5.216653e+01,7.151912e+00,-4.203258e+01,7.626219e+01,2.845574e+01,-4.480019e+01,-3.729313e+02,0,0,-1.023242e+00,7.585975e+00,2.354319e+01,-2.281506e+01,-4.178993e+00,-9.480371e+00,2.860109e+01,-1.014799e+01,-1.472515e+01,1.105559e+02,3.613903e+01,-8.575715e+01,-4.455058e+02,0,0
-1.721273e+00,-8.178172e+00,-2.360277e+01,-2.414739e-01,2.915286e+01,7.391726e+00,5.398601e+01,9.108011e+00,-4.224503e+01,7.962133e+01,3.029180e+01,-4.201871e+01,-3.664393e+02,0,0,-1.721273e+00,8.178172e+00,2.360277e+01,-2.187781e+01,-4.493090e+00,-7.802059e+00,2.949900e+01,-8.959329e+00,-1.368964e+01,1.133185e+02,3.706898e+01,-8.835302e+01,-4.517905e+02,0,0
-2.716379e+00,-9.514526e+00,-2.366580e+01,-2.784386e+00,2.777989e+01,9.487131e+00,5.550291e+01,1.019618e+01,-4.277295e+01,8.610346e+01,3.102163e+01,-4.226647e+01,-3.669241e+02,0,0,-2.716379e+00,9.514526e+00,2.366580e+01,-2.469869e+01,-5.031401e+00,-8.078307e+00,2.955437e+01,-8.766592e+00,-1.339775e+01,1.151215e+02,3.699455e+01,-9.068673e+01,-4.559443e+02,0,0
-4.140594e+00,-9.967391e+00,-2.379565e+01,-2.631371e+00,2.715018e+01,1.006754e+01,5.577480e+01,1.023204e+01,-4.303874e+01,8.841033e+01,3.113376e+01,-4.304755e+01,-3.701469e+02,0,0,-4.140594e+00,9.967391e+00,2.379565e+01,-2.577076e+01,-5.058853e+00,-7.697810e+00,2.936905e+01,-8.111460e+00,-1.318930e+01,1.140689e+02,3.668317e+01,-9.097099e+01,-4.550262e+02,0,0
-4.781925e+00,-9.810328e+00,-2.438869e+01,-2.522128e+00,2.704742e+01,7.871640e+00,5.602693e+01,9.823863e+00,-4.330355e+01,8.666271e+01,3.104711e+01,-4.114299e+01,-3.673525e+02,0,0,-4.781925e+00,9.810328e+00,2.438869e+01,-2.654694e+01,-5.648230e+00,-6.749343e+00,2.915973e+01,-8.536005e+00,-1.321358e+01,1.149135e+02,3.667169e+01,-9.218782e+01,-4.578322e+02,0,0
-5.602252e+00,-9.439404e+00,-2.496041e+01,-2.144148e+00,2.749832e+01,7.506221e+00,5.594950e+01,1.035671e+01,-4.357071e+01,8.526761e+01,3.127622e+01,-3.948315e+01,-3.656726e+02,0,0,-5.602252e+00,9.439404e+00,2.496041e+01,-2.670199e+01,-6.332309e+00,-7.850344e+00,2.860102e+01,-9.220083e+00,-1.259582e+01,1.154634e+02,3.729229e+01,-9.278348e+01,-4.588108e+02,0,0
-5.982845e+00,-9.015331e+00,-2.483378e+01,-2.355643e+00,2.785130e+01,7.882309e+00,5.571853e+01,1.066951e+01,-4.336334e+01,8.497913e+01,3.116396e+01,-3.902049e+01,-3.641890e+02,0,0,-5.982845e+00,9.015331e+00,2.483378e+01,-2.658970e+01,-6.403328e+00,-7.877553e+00,2.854597e+01,-8.932111e+00,-1.235256e+01,1.153360e+02,3.754692e+01,-9.229313e+01,-4.580593e+02,0,0
-5.982845e+00,-9.015331e+00,-2.483378e+01,-2.041101e+00,2.770336e+01,7.656825e+00,5.571853e+01,1.066951e+01,-4.336334e+01,8.490638e+01,3.107210e+01,-3.880490e+01,-3.643919e+02,0,0,-5.982845e+00,9.015331e+00,2.483378e+01,-2.686320e+01,-6.667373e+00,-7.421792e+00,2.854597e+01,-8.932111e+00,-1.235256e+01,1.151972e+02,3.749648e+01,-9.181097e+01,-4.565796e+02,0,0
-5.982845e+00,-9.015331e+00,-2.483378e+01,-2.307903e+00,2.822884e+01,9.718177e+00,5.602384e+01,1.053584e+01,-4.369176e+01,8.413120e+01,3.100930e+01,-3.795998e+01,-3.645400e+02,0,0,-5.982845e+00,9.015331e+00,2.483378e+01,-2.717972e+01,-6.810395e+00,-6.824921e+00,2.858343e+01,-9.474784e+00,-1.278078e+01,1.148982e+02,3.768310e+01,-9.153486e+01,-4.558312e+02,0,0
-5.343106e+00,-9.176508e+00,-2.424518e+01,-7.402052e-01,2.837241e+01,6.318059e+00,5.580866e+01,9.174020e+00,-4.334826e+01,8.547730e+01,3.057052e+01,-4.008173e+01,-3.680426e+02,0,0,-5.343106e+00,9.176508e+00,2.424518e+01,-2.758812e+01,-5.238086e+00,-7.524407e+00,2.785389e+01,-9.872807e+00,-1.294407e+01,1.136996e+02,3.761194e+01,-9.021761e+01,-4.534809e+02,0,0
-3.743153e+00,-9.060106e+00,-2.286767e+01,-1.137785e+00,2.723954e+01,5.589485e+00,5.507556e+01,7.747571e+00,-4.294657e+01,8.488086e+01,3.054326e+01,-4.204898e+01,-3.695410e+02,0,0,-3.743153e+00,9.060106e+00,2.286767e+01,-2.963285e+01,-3.703020e+00,-9.068439e+00,2.704171e+01,-1.052519e+01,-1.392508e+01,1.097629e+02,3.731942e+01,-8.687826e+01,-4.488890e+02,0,0
-1.025318e+00,-9.146927e+00,-2.105516e+01,-1.781182e+00,2.750439e+01,6.192440e+00,5.462174e+01,5.282745e+00,-4.242864e+01,8.278801e+01,2.893192e+01,-4.346178e+01,-3.712366e+02,0,0,-1.025318e+00,9.146927e+00,2.105516e+01,-3.058366e+01,-1.075740e+00,-1.088450e+01,2.572453e+01,-1.124399e+01,-1.582062e+01,1.079615e+02,3.500120e+01,-8.587333e+01,-4.484471e+02,0,0
1.928847e+00,-9.736828e+00,-1.793808e+01,-1.192650e+00,2.651311e+01,1.870983e+00,5.323395e+01,2.323764e+00,-4.181843e+01,8.004879e+01,2.585159e+01,-4.640918e+01,-3.744145e+02,0,0,1.928847e+00,9.736828e+00,1.793808e+01,-3.144162e+01,2.513014e+00,-1.163305e+01,2.383462e+01,-1.155685e+01,-1.864732e+01,1.016873e+02,3.053775e+01,-8.285676e+01,-4.416077e+02,0,0
4.934247e+00,-1.027023e+01,-1.498051e+01,-4.754143e-01,2.337841e+01,-1.493893e+00,5.091537e+01,-8.725288e-01,-4.242199e+01,6.891315e+01,2.266320e+01,-4.335433e+01,-3.696054e+02,0,0,4.934247e+00,1.027023e+01,1.498051e+01,-3.205050e+01,4.903392e+00,-1.665185e+01,2.137301e+01,-1.264927e+01,-2.162574e+01,8.986930e+01,2.486361e+01,-7.396350e+01,-4.268286e+02,0,0
6.825726e+00,-1.030087e+01,-1.137343e+01,-1.177167e+00,2.087561e+01,-4.332885e+00,4.852212e+01,-3.839940e+00,-4.071553e+01,6.132858e+01,1.923869e+01,-4.356199e+01,-3.685860e+02,0,0,6.825726e+00,1.030087e+01,1.137343e+01,-3.249325e+01,8.378061e+00,-2.072001e+01,1.907257e+01,-1.256727e+01,-2.389453e+01,7.026027e+01,2.004573e+01,-5.689636e+01,-4.065686e+02,0,0
9.862566e+00,-1.123170e+01,-8.607517e+00,-3.446478e-01,1.625940e+01,-6.176499e+00,4.720906e+01,-7.783979e+00,-3.871009e+01,4.435588e+01,1.469388e+01,-3.451161e+01,-3.602713e+02,0,0,9.862566e+00,1.123170e+01,8.607517e+00,-3.540037e+01,8.914689e+00,-1.849278e+01,1.493589e+01,-1.249965e+01,-2.636928e+01,7.376412e+01,1.144995e+01,-6.388362e+01,-4.177290e+02,0,0
1.270494e+01,-9.958991e+00,-6.901013e+00,1.507637e-01,1.494399e+01,-6.148212e+00,4.630771e+01,-9.530309e+00,-3.682815e+01,4.129685e+01,1.198747e+01,-3.666773e+01,-3.635867e+02,0,0,1.270494e+01,9.958991e+00,6.901013e+00,-3.598394e+01,9.181791e+00,-2.142263e+01,1.287551e+01,-1.393761e+01,-2.743206e+01,7.355341e+01,1.213989e+01,-6.913684e+01,-4.186834e+02,0,0
1.368968e+01,-9.654486e+00,-6.173921e+00,-4.420011e-01,1.461353e+01,-7.605870e+00,4.603740e+01,-9.870667e+00,-3.701634e+01,1.897625e+01,1.176510e+01,-1.965435e+01,-3.434178e+02,0,0,1.368968e+01,9.654486e+00,6.173921e+00,-3.593678e+01,9.958169e+00,-2.170038e+01,1.291337e+01,-1.370324e+01,-2.773041e+01,6.242134e+01,1.076606e+01,-5.547241e+01,-4.075140e+02,0,0
1.438159e+01,-9.990788e+00,-5.052276e+00,-6.363164e-01,1.398074e+01,-8.276823e+00,4.512748e+01,-1.081756e+01,-3.663021e+01,1.672554e+01,1.101328e+01,-1.745111e+01,-3.409004e+02,0,0,1.438159e+01,9.990788e+00,5.052276e+00,-3.649171e+01,1.058889e+01,-2.219991e+01,1.190455e+01,-1.296285e+01,-2.861121e+01,5.549363e+01,1.033641e+01,-5.082704e+01,-4.014625e+02,0,0
1.444449e+01,-9.959152e+00,-5.099627e+00,-5.049028e-01,1.423134e+01,-8.110219e+00,4.554910e+01,-1.041647e+01,-3.662559e+01,1.773752e+01,1.072590e+01,-1.725599e+01,-3.423808e+02,0,0,1.444449e+01,9.959152e+00,5.099627e+00,-3.656883e+01,1.074159e+01,-2.194941e+01,1.182057e+01,-1.301267e+01,-2.805744e+01,5.648298e+01,1.048110e+01,-4.985081e+01,-4.023885e+02,0,0
1.444449e+01,-9.959152e+00,-5.099627e+00,-2.429761e-01,1.377620e+01,-7.934114e+00,4.595428e+01,-1.060652e+01,-3.668841e+01,1.694203e+01,1.030726e+01,-1.648255e+01,-3.420978e+02,0,0,1.444449e+01,9.959152e+00,5.099627e+00,-3.639441e+01,1.092394e+01,-2.180705e+01,1.180382e+01,-1.300725e+01,-2.836960e+01,5.618831e+01,1.066666e+01,-4.970059e+01,-4.021720e+02,0,0
1.261222e+01,-9.055791e+00,-7.800557e+00,-9.689557e-01,1.685144e+01,-4.823439e+00,4.464549e+01,-7.913991e+00,-3.701097e+01,1.893002e+01,1.259257e+01,-1.917055e+01,-3.442030e+02,0,0,1.261222e+01,9.055791e+00,7.800557e+00,-3.240945e+01,9.376340e+00,-1.478641e+01,1.444985e+01,-1.241220e+01,-2.768870e+01,6.469988e+01,1.501653e+01,-5.276856e+01,-4.035690e+02,0,0
7.513014e+00,-8.245520e+00,-1.190008e+01,1.217876e+00,2.200076e+01,-2.584275e+00,4.567478e+01,-3.321482e+00,-3.830053e+01,3.953523e+01,1.755426e+01,-3.349508e+01,-3.606193e+02,0,0,7.513014e+00,8.245520e+00,1.190008e+01,-2.716404e+01,6.242010e+00,-1.726434e+01,1.836214e+01,-1.312664e+01,-2.440488e+01,8.001507e+01,2.056859e+01,-6.564360e+01,-4.181425e+02,0,0
1.298754e+00,-8.111552e+00,-1.549454e+01,9.899573e-01,2.466600e+01,4.598074e-02,4.766709e+01,8.394318e-01,-3.941184e+01,5.389299e+01,2.148408e+01,-4.255890e+01,-3.704884e+02,0,0,1.298754e+00,8.111552e+00,1.549454e+01,-2.739004e+01,1.907292e+00,-1.522256e+01,2.168064e+01,-1.277044e+01,-2.009836e+01,9.096360e+01,2.796386e+01,-7.476637e+01,-4.292344e+02,0,0
-4.031247e+00,-7.369354e+00,-1.894151e+01,-4.064514e-01,2.681394e+01,3.281772e+00,4.911580e+01,4.464807e+00,-4.004548e+01,5.953789e+01,2.624881e+01,-4.367543e+01,-3.710746e+02,0,0,-4.031247e+00,7.369354e+00,1.894151e+01,-2.711349e+01,-1.817806e+00,-1.182357e+01,2.438706e+01,-1.224744e+01,-1.670234e+01,9.926183e+01,3.307307e+01,-7.991146e+01,-4.371787e+02,0,0
-7.892906e+00,-7.014321e+00,-2.147039e+01,-4.559644e-01,2.802584e+01,5.600342e+00,5.077391e+01,7.273712e+00,-4.033639e+01,6.728174e+01,2.937204e+01,-4.456095e+01,-3.739278e+02,0,0,-7.892906e+00,7.014321e+00,2.147039e+01,-2.634339e+01,-4.116014e+00,-1.088823e+01,2.611970e+01,-1.141159e+01,-1.471605e+01,1.030753e+02,3.598678e+01,-8.151371e+01,-4.412928e+02,0,0
-9.822489e+00,-6.604346e+00,-2.297105e+01,-1.346389e+00,2.906020e+01,7.221447e+00,5.155661e+01,9.081285e+00,-4.116536e+01,7.492226e+01,3.171792e+01,-4.493433e+01,-3.738204e+02,0,0,-9.822489e+00,6.604346e+00,2.297105e+01,-2.450702e+01,-6.089073e+00,-8.099908e+00,2.729101e+01,-1.027611e+01,-1.295305e+01,1.089654e+02,3.750033e+01,-8.475897e+01,-4.484267e+02,0,0
-1.181512e+01,-6.907180e+00,-2.380178e+01,-2.350923e+00,2.721352e+01,1.104832e+01,5.363801e+01,1.104736e+01,-4.255326e+01,8.116271e+01,3.147331e+01,-4.265570e+01,-3.756272e+02,0,0,-1.181512e+01,6.907180e+00,2.380178e+01,-2.754270e+01,-7.953508e+00,-6.823973e+00,2.773022e+01,-9.401487e+00,-1.146703e+01,1.124468e+02,3.857450e+01,-8.771116e+01,-4.521620e+02,0,0
-1.216890e+01,-7.460933e+00,-2.409578e+01,-3.325288e+00,2.731713e+01,1.273774e+01,5.512648e+01,1.250223e+01,-4.346700e+01,8.459567e+01,3.159579e+01,-4.025000e+01,-3.711086e+02,0,0,-1.216890e+01,7.460933e+00,2.409578e+01,-2.725969e+01,-9.384272e+00,-5.313564e+00,2.867018e+01,-8.667127e+00,-1.104040e+01,1.149995e+02,3.848241e+01,-9.008467e+01,-4.550246e+02,0,0
-1.232868e+01,-7.937428e+00,-2.429242e+01,-3.569862e+00,2.745514e+01,1.077920e+01,5.565864e+01,1.253256e+01,-4.369676e+01,8.622368e+01,3.158134e+01,-4.003764e+01,-3.705039e+02,0,0,-1.232868e+01,7.937428e+00,2.429242e+01,-2.702744e+01,-9.220406e+00,-5.496646e+00,2.891145e+01,-7.782719e+00,-1.149504e+01,1.166002e+02,3.879065e+01,-9.228952e+01,-4.609304e+02,0,0
-1.238446e+01,-8.589718e+00,-2.451389e+01,-3.330906e+00,2.824399e+01,1.043690e+01,5.642234e+01,1.246845e+01,-4.423063e+01,8.580610e+01,3.140304e+01,-3.830946e+01,-3.690606e+02,0,0,-1.238446e+01,8.589718e+00,2.451389e+01,-2.712511e+01,-8.430633e+00,-5.793603e+00,2.859819e+01,-7.961772e+00,-1.166109e+01,1.162116e+02,3.795522e+01,-9.272944e+01,-4.599240e+02,0,0
-1.310619e+01,-8.399333e+00,-2.452734e+01,-3.902417e+00,2.747812e+01,1.241779e+01,5.643670e+01,1.302389e+01,-4.373806e+01,8.693558e+01,3.205636e+01,-3.887654e+01,-3.691996e+02,0,0,-1.310619e+01,8.399333e+00,2.452734e+01,-2.749911e+01,-9.414235e+00,-5.470070e+00,2.848761e+01,-7.365026e+00,-1.131170e+01,1.151502e+02,3.871087e+01,-9.190481e+01,-4.577881e+02,0,0
-1.313622e+01,-8.422797e+00,-2.456053e+01,-3.779160e+00,2.740739e+01,1.070134e+01,5.685619e+01,1.290866e+01,-4.383385e+01,8.740000e+01,3.176290e+01,-3.905217e+01,-3.694884e+02,0,0,-1.313622e+01,8.422797e+00,2.456053e+01,-2.773998e+01,-9.368660e+00,-5.065030e+00,2.845767e+01,-7.382104e+00,-1.128255e+01,1.153814e+02,3.871029e+01,-9.213061e+01,-4.583346e+02,0,0
-1.310619e+01,-8.399333e+00,-2.452734e+01,-3.107698e+00,2.736369e+01,1.277964e+01,5.677138e+01,1.299681e+01,-4.430280e+01,8.751893e+01,3.170218e+01,-3.922265e+01,-3.691131e+02,0,0,-1.310619e+01,8.399333e+00,2.452734e+01,-2.754863e+01,-9.361759e+00,-5.269977e+00,2.848761e+01,-7.365026e+00,-1.131170e+01,1.153787e+02,3.855674e+01,-9.211810e+01,-4.584293e+02,0,0
-1.310619e+01,-8.399333e+00,-2.452734e+01,-2.707790e+00,2.725151e+01,1.075921e+01,5.685184e+01,1.299568e+01,-4.452647e+01,8.682146e+01,3.168594e+01,-3.859329e+01,-3.687677e+02,0,0,-1.310619e+01,8.399333e+00,2.452734e+01,-2.721955e+01,-9.467309e+00,-5.715717e+00,2.865387e+01,-7.858759e+00,-1.186664e+01,1.154994e+02,3.859215e+01,-9.213996e+01,-4.582512e+02,0,0
-1.310619e+01,-8.399333e+00,-2.452734e+01,-2.712901e+00,2.760865e+01,1.342684e+01,5.692230e+01,1.299466e+01,-4.432910e+01,8.671541e+01,3.128074e+01,-3.804935e+01,-3.694855e+02,0,0,-1.310619e+01,8.399333e+00,2.452734e+01,-2.713010e+01,-9.571410e+00,-6.087477e+00,2.865387e+01,-7.858759e+00,-1.186664e+01,1.155717e+02,3.867915e+01,-9.195565e+01,-4.578784e+02,0,0
-1.336195e+01,-8.845513e+00,-2.475289e+01,-1.713151e+00,2.763067e+01,1.190454e+01,5.735443e+01,1.259830e+01,-4.443889e+01,8.703573e+01,3.111942e+01,-3.780240e+01,-3.695559e+02,0,0,-1.336195e+01,8.845513e+00,2.475289e+01,-2.745712e+01,-9.952037e+00,-6.164542e+00,2.816067e+01,-8.002570e+00,-1.173780e+01,1.156902e+02,3.851150e+01,-9.260421e+01,-4.587983e+02,0,0
-1.313622e+01,-8.422797e+00,-2.456053e+01,-1.706086e+00,2.772185e+01,1.116244e+01,5.694942e+01,1.258191e+01,-4.476591e+01,8.781390e+01,3.079269e+01,-3.805191e+01,-3.694875e+02,0,0,-1.313622e+01,8.422797e+00,2.456053e+01,-2.709720e+01,-9.067977e+00,-6.249081e+00,2.862419e+01,-7.875752e+00,-1.183740e+01,1.157894e+02,3.843172e+01,-9.203131e+01,-4.581456e+02,0,0
-1.313682e+01,-8.237941e+00,-2.504471e+01,-2.100387e+00,2.854868e+01,1.129947e+01,5.686396e+01,1.291164e+01,-4.513801e+01,8.700951e+01,3.120626e+01,-3.725058e+01,-3.679885e+02,0,0,-1.313682e+01,8.237941e+00,2.504471e+01,-2.689944e+01,-9.594834e+00,-6.647085e+00,2.883445e+01,-8.262723e+00,-1.153322e+01,1.154725e+02,3.867384e+01,-9.166905e+01,-4.569568e+02,0,0
-1.241660e+01,-8.429690e+00,-2.503103e+01,-1.321348e+00,2.985452e+01,1.007863e+01,5.720381e+01,1.210504e+01,-4.547133e+01,8.684212e+01,3.081250e+01,-3.665512e+01,-3.673535e+02,0,0,-1.241660e+01,8.429690e+00,2.503103e+01,-2.722923e+01,-8.458267e+00,-5.117816e+00,2.879632e+01,-8.734718e+00,-1.196982e+01,1.153546e+02,3.886086e+01,-9.100222e+01,-4.557364e+02,0,0
-1.128302e+01,-8.452022e+00,-2.463962e+01,-1.912047e+00,2.993013e+01,9.666366e+00,5.724233e+01,1.155245e+01,-4.509457e+01,8.602198e+01,3.130729e+01,-3.629847e+01,-3.662790e+02,0,0,-1.128302e+01,8.452022e+00,2.463962e+01,-2.919947e+01,-7.127070e+00,-7.398656e+00,2.845353e+01,-9.985418e+00,-1.161480e+01,1.139692e+02,3.912977e+01,-8.909982e+01,-4.532893e+02,0,0
-8.393157e+00,-8.744783e+00,-2.219879e+01,-2.570384e+00,3.079943e+01,1.015206e+01,5.704073e+01,1.020974e+01,-4.355768e+01,8.497434e+01,3.126570e+01,-3.786202e+01,-3.679444e+02,0,0,-8.393157e+00,8.744783e+00,2.219879e+01,-3.048176e+01,-3.857270e+00,-7.584804e+00,2.696502e+01,-9.875451e+00,-1.252030e+01,1.092430e+02,3.679490e+01,-8.383927e+01,-4.459581e+02,0,0
-4.269413e+00,-9.274575e+00,-1.848654e+01,-5.254135e+00,3.049056e+01,7.517592e+00,5.529234e+01,7.880954e+00,-4.329512e+01,8.155291e+01,3.096193e+01,-4.005750e+01,-3.655736e+02,0,0,-4.269413e+00,9.274575e+00,1.848654e+01,-3.141428e+01,6.720180e-01,-1.051034e+01,2.591184e+01,-9.878267e+00,-1.494171e+01,1.038913e+02,3.286298e+01,-8.032120e+01,-4.408277e+02,0,0
5.513109e-01,-1.026792e+01,-1.498578e+01,-4.990917e+00,2.956382e+01,6.105277e+00,5.368454e+01,5.043735e+00,-4.341492e+01,7.624674e+01,2.868457e+01,-4.010439e+01,-3.676361e+02,0,0,5.513109e-01,1.026792e+01,1.498578e+01,-3.107026e+01,5.402189e+00,-1.428584e+01,2.389942e+01,-9.991753e+00,-1.904055e+01,9.533928e+01,2.756050e+01,-7.319092e+01,-4.321510e+02,0,0
4.789112e+00,-1.150567e+01,-1.115867e+01,-5.549618e+00,2.776016e+01,3.129477e+00,5.082680e+01,1.958329e+00,-4.189474e+01,7.020671e+01,2.660749e+01,-4.052070e+01,-3.638089e+02,0,0,4.789112e+00,1.150567e+01,1.115867e+01,-3.268115e+01,1.071684e+01,-1.590781e+01,2.100205e+01,-9.089167e+00,-2.239408e+01,7.776879e+01,2.292685e+01,-5.870844e+01,-4.103936e+02,0,0
9.538667e+00,-1.222121e+01,-7.744320e+00,-4.944246e+00,2.323868e+01,-1.099811e+00,4.867071e+01,-1.997173e+00,-4.075661e+01,5.617737e+01,2.253110e+01,-3.443478e+01,-3.559145e+02,0,0,9.538667e+00,1.222121e+01,7.744320e+00,-3.541026e+01,1.392030e+01,-1.604974e+01,1.801451e+01,-8.529465e+00,-2.620215e+01,5.601918e+01,1.945310e+01,-3.794523e+01,-3.876724e+02,0,0
1.467537e+01,-1.241329e+01,-5.307784e+00,-3.883901e+00,2.108727e+01,-6.805353e+00,4.500075e+01,-6.957481e+00,-4.130053e+01,2.938960e+01,1.864841e+01,-1.738560e+01,-3.358077e+02,0,0,1.467537e+01,1.241329e+01,5.307784e+00,-3.831532e+01,1.782966e+01,-2.105513e+01,1.351433e+01,-9.875821e+00,-3.110131e+01,2.706104e+01,1.661072e+01,-1.480121e+01,-3.611118e+02,0,0
1.838729e+01,-1.169282e+01,-3.800059e+00,-3.669282e+00,1.439444e+01,-9.875089e+00,4.092882e+01,-1.187582e+01,-3.953352e+01,-9.602234e+00,1.482426e+01,7.495860e+00,-3.104564e+02,0,0,1.838729e+01,1.169282e+01,3.800059e+00,-3.846832e+01,1.562263e+01,-2.734366e+01,8.610398e+00,-1.354991e+01,-3.625675e+01,1.743197e-01,1.103551e+01,6.341951e+00,-3.429028e+02,0,0
2.008537e+01,-1.082871e+01,-2.887195e+00,-2.853688e+00,1.316681e+01,-1.240621e+01,4.066704e+01,-1.330007e+01,-4.009243e+01,-1.495068e+01,1.341169e+01,1.127871e+01,-3.072393e+02,0,0,2.008537e+01,1.082871e+01,2.887195e+00,-3.809837e+01,1.492022e+01,-2.961715e+01,7.606378e+00,-1.529904e+01,-3.824017e+01,-6.721457e+00,8.572207e+00,4.658185e+00,-3.410380e+02,0,0
1.948337e+01,-1.092140e+01,-2.346197e+00,-2.098683e+00,1.318929e+01,-1.017288e+01,4.155301e+01,-1.285967e+01,-3.875321e+01,-1.174645e+01,1.335318e+01,1.200163e+01,-3.079292e+02,0,0,1.948337e+01,1.092140e+01,2.346197e+00,-3.725789e+01,1.512952e+01,-2.651633e+01,8.589615e+00,-1.394194e+01,-3.627650e+01,-7.828765e-01,9.783738e+00,4.448604e+00,-3.453811e+02,0,0
1.935958e+01,-1.098981e+01,-2.332786e+00,-2.050221e+00,1.343797e+01,-1.069175e+01,4.111035e+01,-1.314473e+01,-3.930354e+01,-1.264697e+01,1.324427e+01,1.269538e+01,-3.077215e+02,0,0,1.935958e+01,1.098981e+01,2.332786e+00,-3.625071e+01,1.553647e+01,-2.685337e+01,8.528863e+00,-1.387950e+01,-3.646960e+01,-4.077285e+00,9.712779e+00,7.479193e+00,-3.421441e+02,0,0
1.938464e+01,-1.100004e+01,-2.335808e+00,-2.657392e+00,1.340956e+01,-1.043289e+01,4.116344e+01,-1.317794e+01,-3.909475e+01,-1.348608e+01,1.303406e+01,1.284356e+01,-3.075007e+02,0,0,1.938464e+01,1.100004e+01,2.335808e+00,-3.676581e+01,1.564107e+01,-2.680675e+01,8.648126e+00,-1.396398e+01,-3.634670e+01,-3.818774e+00,9.587800e+00,7.148620e+00,-3.425821e+02,0,0
1.938464e+01,-1.100004e+01,-2.335808e+00,-2.647780e+00,1.340986e+01,-1.041893e+01,4.116344e+01,-1.317794e+01,-3.909475e+01,-1.373484e+01,1.287442e+01,1.344453e+01,-3.075341e+02,0,0,1.938464e+01,1.100004e+01,2.335808e+00,-3.693212e+01,1.574009e+01,-2.864225e+01,8.607520e+00,-1.449902e+01,-3.668667e+01,-2.427657e+00,9.882818e+00,5.880694e+00,-3.436436e+02,0,0
1.928937e+01,-1.081342e+01,-2.882357e+00,-3.055470e+00,1.413517e+01,-1.062575e+01,4.073869e+01,-1.323647e+01,-3.940948e+01,-1.268103e+01,1.345911e+01,1.211557e+01,-3.087700e+02,0,0,1.928937e+01,1.081342e+01,2.882357e+00,-3.635110e+01,1.544711e+01,-2.757475e+01,8.837325e+00,-1.500597e+01,-3.649958e+01,-2.355197e+00,9.436082e+00,5.977964e+00,-3.436233e+02,0,0
1.928937e+01,-1.081342e+01,-2.882357e+00,-2.666776e+00,1.416261e+01,-1.087710e+01,4.073869e+01,-1.323647e+01,-3.940948e+01,-1.358603e+01,1.338272e+01,1.338931e+01,-3.079836e+02,0,0,1.928937e+01,1.081342e+01,2.882357e+00,-3.615658e+01,1.521655e+01,-2.734291e+01,8.837325e+00,-1.500597e+01,-3.649958e+01,-2.706205e+00,9.448183e+00,6.313281e+00,-3.431993e+02,0,0
