-2.292613000000000234e+00,-4.141685999999999979e+00,-6.358737999999999779e+00,-1.530930999999999997e+01,1.614732000000000056e+01,4.850431999999999633e+00,3.187709000000000259e+01,1.678272999999999726e+01,-3.008055000000000104e-02,6.383373000000000275e+01,7.132059999999999889e+01,9.324616000000000682e+00,3.729929000000000201e+02,0.000000000000000000e+00,0.000000000000000000e+00,-2.292613000000000234e+00,4.141685999999999979e+00,6.358737999999999779e+00,-2.133014999999999972e+01,1.611196999999999946e+01,-4.423835999999999657e+00,4.074591999999999814e+01,2.095887999999999707e+01,-3.858516000000000279e+00,5.524604000000000070e+01,5.486055000000000348e+01,-4.036802999999999919e+00,3.590690999999999917e+02,0.000000000000000000e+00,0.000000000000000000e+00
-2.281902000000000097e+00,-4.278058999999999834e+00,-5.882201999999999487e+00,-1.558222000000000129e+01,1.566765000000000008e+01,5.727122000000000490e+00,3.178662000000000276e+01,1.641330999999999918e+01,7.798078000000000509e-01,6.373360999999999876e+01,7.155049999999999955e+01,6.900133000000000294e+00,3.694608999999999810e+02,0.000000000000000000e+00,0.000000000000000000e+00,-2.281902000000000097e+00,4.278058999999999834e+00,5.882201999999999487e+00,-2.235351999999999961e+01,1.552967000000000120e+01,-3.919544000000000139e+00,3.957637000000000427e+01,2.146764999999999901e+01,-3.256527000000000172e+00,5.558515999999999480e+01,5.533599000000000245e+01,-6.368511999999999951e+00,3.555654999999999859e+02,0.000000000000000000e+00,0.000000000000000000e+00
-2.249664000000000108e+00,-4.429985000000000284e+00,-5.351293000000000077e+00,-1.622903999999999769e+01,1.502532999999999852e+01,5.818607000000000085e+00,3.122412000000000276e+01,1.648431000000000068e+01,1.362864999999999993e+00,6.403263000000001171e+01,7.166410999999999376e+01,2.271993000000000151e+00,3.647792000000000030e+02,0.000000000000000000e+00,0.000000000000000000e+00,-2.249664000000000108e+00,4.429985000000000284e+00,5.351293000000000077e+00,-2.316650999999999883e+01,1.500203999999999915e+01,-3.429289999999999949e+00,3.913030999999999437e+01,2.158615999999999957e+01,-3.175035999999999969e+00,5.597474000000000416e+01,5.521041999999999206e+01,-1.140038000000000018e+01,3.506175999999999817e+02,0.000000000000000000e+00,0.000000000000000000e+00
-2.177105000000000068e+00,-3.841762999999999817e+00,-5.168641000000000041e+00,-1.720603999999999800e+01,1.488005000000000067e+01,4.320091000000000570e+00,3.052014000000000138e+01,1.633188999999999780e+01,1.848916999999999922e+00,6.324148000000000280e+01,7.145628999999999564e+01,-1.190334000000000003e+00,3.607221999999999866e+02,0.000000000000000000e+00,0.000000000000000000e+00,-2.177105000000000068e+00,3.841762999999999817e+00,5.168641000000000041e+00,-2.268881000000000014e+01,1.483781000000000105e+01,-2.186701999999999924e+00,3.871229999999999905e+01,2.180226000000000042e+01,-2.723813000000000262e+00,5.774889999999999901e+01,5.458090999999999582e+01,-1.744262000000000157e+01,3.440018999999999778e+02,0.000000000000000000e+00,0.000000000000000000e+00
-1.667047000000000168e+00,-3.877796000000000021e+00,-5.170126999999999917e+00,-1.700429000000000102e+01,1.478597000000000072e+01,4.059305000000000163e+00,3.064320000000000022e+01,1.610322000000000031e+01,1.372611000000000026e+00,6.336885999999999797e+01,7.079474000000000444e+01,-4.309004999999999974e+00,3.569623000000000275e+02,0.000000000000000000e+00,0.000000000000000000e+00,-1.667047000000000168e+00,3.877796000000000021e+00,5.170126999999999917e+00,-2.254560999999999993e+01,1.411202999999999896e+01,-2.660074999999999967e+00,3.852322000000000202e+01,2.128615999999999886e+01,-2.928242000000000012e+00,5.785598000000000241e+01,5.392235999999999763e+01,-2.225056999999999974e+01,3.385337000000000103e+02,0.000000000000000000e+00,0.000000000000000000e+00
-1.667047000000000168e+00,-3.877796000000000021e+00,-5.170126999999999917e+00,-1.733436999999999983e+01,1.422693999999999903e+01,6.212741999999999543e+00,3.064320000000000022e+01,1.610322000000000031e+01,1.372611000000000026e+00,6.357141999999999626e+01,7.066939000000000703e+01,-8.731989999999999696e+00,3.520382999999999925e+02,0.000000000000000000e+00,0.000000000000000000e+00,-1.667047000000000168e+00,3.877796000000000021e+00,5.170126999999999917e+00,-2.268293999999999855e+01,1.322553999999999874e+01,-2.955248000000000097e+00,3.838199000000000183e+01,2.165907999999999944e+01,-2.541938000000000031e+00,5.788498000000000587e+01,5.332894999999999897e+01,-3.004977999999999838e+01,3.303623999999999796e+02,0.000000000000000000e+00,0.000000000000000000e+00
-1.638657000000000030e+00,-4.026479000000000141e+00,-4.643745000000000012e+00,-1.711997000000000213e+01,1.291263000000000005e+01,3.924291999999999891e+00,3.072285999999999717e+01,1.563132000000000055e+01,1.614217999999999931e+00,6.396753000000000355e+01,6.961800999999999817e+01,-1.528252999999999950e+01,3.448910000000000196e+02,0.000000000000000000e+00,0.000000000000000000e+00,-1.638657000000000030e+00,4.026479000000000141e+00,4.643745000000000012e+00,-2.386893999999999849e+01,1.281292000000000009e+01,-1.214794000000000151e+00,3.720819000000000187e+01,2.172593999999999781e+01,-2.002422000000000146e+00,5.867225999999999431e+01,5.259978000000000264e+01,-3.820634000000000441e+01,3.208894999999999982e+02,0.000000000000000000e+00,0.000000000000000000e+00
-1.277223999999999915e+00,-3.452148000000000216e+00,-4.505283999999999622e+00,-1.790737999999999985e+01,1.283293000000000106e+01,3.264340000000000241e+00,3.018045999999999651e+01,1.537328999999999901e+01,1.393996999999999931e+00,6.459971999999999070e+01,6.755718000000000245e+01,-2.362392999999999788e+01,3.355110000000000241e+02,0.000000000000000000e+00,0.000000000000000000e+00,-1.277223999999999915e+00,3.452148000000000216e+00,4.505283999999999622e+00,-2.360342999999999947e+01,1.196448999999999963e+01,-2.079528999999999961e+00,3.738817000000000235e+01,2.126422000000000168e+01,-2.322397000000000045e+00,6.066315999999999775e+01,5.295738000000000767e+01,-4.685989000000000004e+01,3.116129000000000246e+02,0.000000000000000000e+00,0.000000000000000000e+00
-1.205612999999999824e+00,-3.058525999999999634e+00,-3.812861000000000278e+00,-1.845784000000000091e+01,1.138382999999999967e+01,3.118703000000000003e+00,2.970017999999999958e+01,1.475546000000000113e+01,1.711406000000000205e+00,6.557950999999999908e+01,6.618674000000000035e+01,-3.112204000000000192e+01,3.258369000000000142e+02,0.000000000000000000e+00,0.000000000000000000e+00,-1.205612999999999824e+00,3.058525999999999634e+00,3.812861000000000278e+00,-2.404368999999999801e+01,1.136332999999999949e+01,-3.100020999999999916e+00,3.686605999999999739e+01,2.225777000000000072e+01,-2.207122000000000028e+00,6.247734000000000520e+01,5.365268999999999977e+01,-5.482036999999999694e+01,3.029447999999999865e+02,0.000000000000000000e+00,0.000000000000000000e+00
-8.884260999999999964e-01,-3.040808999999999873e+00,-3.802232000000000056e+00,-1.847502000000000066e+01,1.103968000000000060e+01,3.243931000000000342e+00,3.023595999999999862e+01,1.454908999999999963e+01,1.449829999999999952e+00,6.710511999999999944e+01,6.558185000000000286e+01,-3.730301000000000045e+01,3.178695999999999913e+02,0.000000000000000000e+00,0.000000000000000000e+00,-8.884260999999999964e-01,3.040808999999999873e+00,3.802232000000000056e+00,-2.426792000000000016e+01,1.000197000000000003e+01,-2.312781999999999893e+00,3.633850000000000335e+01,2.187106999999999957e+01,-2.164395000000000291e+00,6.463644000000000744e+01,5.583345999999999520e+01,-6.197501999999999356e+01,2.945840999999999781e+02,0.000000000000000000e+00,0.000000000000000000e+00
-8.451720999999999817e-01,-2.498056000000000054e+00,-3.637143000000000015e+00,-1.911090000000000089e+01,1.084398000000000017e+01,3.130231999999999903e+00,2.967229999999999990e+01,1.440392000000000117e+01,1.526812999999999976e+00,6.619404000000000110e+01,6.542033999999999594e+01,-4.298429000000000144e+01,3.112651999999999930e+02,0.000000000000000000e+00,0.000000000000000000e+00,-8.451720999999999817e-01,2.498056000000000054e+00,3.637143000000000015e+00,-2.437236000000000047e+01,9.279635000000000744e+00,-1.529368000000000061e+00,3.617163000000000039e+01,2.207264999999999944e+01,-1.762743999999999867e+00,6.674399999999999977e+01,5.724846999999999753e+01,-6.857891999999999655e+01,2.865136999999999716e+02,0.000000000000000000e+00,0.000000000000000000e+00
-1.517954999999999999e-01,-2.751495999999999942e+00,-2.936151999999999873e+00,-1.874633000000000038e+01,1.032892000000000010e+01,1.747170000000000112e+00,3.002325999999999695e+01,1.343185000000000073e+01,1.077099999999999946e+00,6.780473000000000638e+01,6.460398999999999603e+01,-4.840240999999999616e+01,3.033297000000000025e+02,0.000000000000000000e+00,0.000000000000000000e+00,-1.517954999999999999e-01,2.751495999999999942e+00,2.936151999999999873e+00,-2.521777999999999764e+01,9.113775999999999655e+00,2.304541999999999979e-01,3.512047000000000452e+01,2.260944999999999894e+01,-1.847472999999999921e+00,6.681304000000000087e+01,5.797906999999999300e+01,-7.382001999999999953e+01,2.801854000000000156e+02,0.000000000000000000e+00,0.000000000000000000e+00
4.075682999999999945e-01,-2.341499999999999915e+00,-2.244188999999999989e+00,-1.869148999999999816e+01,8.989036000000000470e+00,1.220339999999999980e+00,2.948029999999999973e+01,1.260128000000000092e+01,1.269671999999999912e+00,6.809165000000000134e+01,6.309040999999999855e+01,-5.417444000000000415e+01,2.949168999999999983e+02,0.000000000000000000e+00,0.000000000000000000e+00,4.075682999999999945e-01,2.341499999999999915e+00,2.244188999999999989e+00,-2.479827000000000226e+01,7.784741000000000355e+00,-1.177477000000000107e+00,3.455577999999999861e+01,2.277156000000000091e+01,-2.030263000000000151e+00,6.730875999999999237e+01,5.892220999999999975e+01,-7.803674999999999784e+01,2.747459999999999809e+02,0.000000000000000000e+00,0.000000000000000000e+00
1.498164999999999969e+00,-1.371434999999999960e+00,-1.418886000000000092e+00,-2.025727999999999795e+01,7.854532000000000735e+00,1.172336000000000045e+00,2.804475999999999658e+01,1.197973999999999961e+01,8.247139999999999471e-01,6.753891000000000133e+01,6.218519000000000574e+01,-5.936245999999999867e+01,2.876104000000000269e+02,0.000000000000000000e+00,0.000000000000000000e+00,1.498164999999999969e+00,1.371434999999999960e+00,1.418886000000000092e+00,-2.442267000000000010e+01,6.717649000000000648e+00,-3.936005999999999672e-01,3.380982999999999805e+01,2.223622999999999905e+01,-1.926627000000000089e+00,6.804569999999999652e+01,5.937671999999999883e+01,-8.118547999999999831e+01,2.702688999999999737e+02,0.000000000000000000e+00,0.000000000000000000e+00
2.686617000000000033e+00,-9.732621999999999662e-01,-7.326338999999999491e-01,-1.974719999999999942e+01,6.735325999999999702e+00,3.041339000000000126e-01,2.755042000000000257e+01,1.076703000000000010e+01,8.012447000000000319e-02,6.776493000000000677e+01,5.970960999999999785e+01,-6.484059000000000594e+01,2.812823999999999955e+02,0.000000000000000000e+00,0.000000000000000000e+00,2.686617000000000033e+00,9.732621999999999662e-01,7.326338999999999491e-01,-2.417987999999999715e+01,6.300813999999999915e+00,-1.714834999999999887e+00,3.347735999999999734e+01,2.214463999999999899e+01,-2.878444000000000003e+00,6.764393000000001166e+01,5.946616999999999820e+01,-8.381898999999999944e+01,2.670482000000000085e+02,0.000000000000000000e+00,0.000000000000000000e+00
3.216981999999999786e+00,-1.055596999999999897e+00,-5.374708999999999737e-01,-1.940125000000000099e+01,6.622519000000000489e+00,-1.506870000000000154e+00,2.717497000000000185e+01,9.896342000000000638e+00,-3.794502000000000153e-01,6.752074000000000353e+01,5.783048000000000144e+01,-6.832481999999998834e+01,2.752035000000000196e+02,0.000000000000000000e+00,0.000000000000000000e+00,3.216981999999999786e+00,1.055596999999999897e+00,5.374708999999999737e-01,-2.431287000000000020e+01,5.677719000000000626e+00,-1.985195000000000043e+00,3.269776999999999845e+01,2.205837999999999965e+01,-2.733229999999999826e+00,6.730216999999998961e+01,6.009288000000000807e+01,-8.675785000000000480e+01,2.626413999999999760e+02,0.000000000000000000e+00,0.000000000000000000e+00
3.891713999999999896e+00,-6.546968000000000787e-01,1.380346000000000073e-01,-1.954389000000000109e+01,5.879337000000000479e+00,-2.537795000000000023e+00,2.677859000000000123e+01,8.984151999999999916e+00,-4.866599000000000341e-01,6.669285000000000707e+01,5.599108000000000374e+01,-7.195510000000000161e+01,2.711775000000000091e+02,0.000000000000000000e+00,0.000000000000000000e+00,3.891713999999999896e+00,6.546968000000000787e-01,-1.380346000000000073e-01,-2.404699000000000098e+01,5.969059999999999810e+00,-1.885097999999999940e+00,3.290735999999999706e+01,2.243243000000000009e+01,-3.648723999999999634e+00,6.751239999999999952e+01,6.009004999999999797e+01,-8.887214000000000169e+01,2.588543000000000234e+02,0.000000000000000000e+00,0.000000000000000000e+00
4.411770999999999887e+00,-6.527545000000000153e-01,1.383023999999999920e-01,-1.952939999999999898e+01,5.530285000000000117e+00,-2.786200999999999706e+00,2.685072000000000259e+01,8.754619999999999180e+00,-9.589714999999999767e-01,6.652105999999999142e+01,5.480604999999999905e+01,-7.390300000000000580e+01,2.692894999999999754e+02,0.000000000000000000e+00,0.000000000000000000e+00,4.411770999999999887e+00,6.527545000000000153e-01,-1.383023999999999920e-01,-2.368177999999999983e+01,5.376189000000000107e+00,-2.274610000000000021e+00,3.228159999999999741e+01,2.196714000000000055e+01,-3.443772000000000055e+00,6.733876999999999668e+01,5.996213000000000193e+01,-9.084508999999999901e+01,2.571815000000000282e+02,0.000000000000000000e+00,0.000000000000000000e+00
4.921039000000000385e+00,-6.499143000000000558e-01,1.382019999999999915e-01,-1.972939999999999827e+01,4.978456999999999688e+00,-3.952398000000000522e+00,2.605085000000000051e+01,8.001686999999998662e+00,-1.426882999999999901e+00,6.600875999999999522e+01,5.386963000000000790e+01,-7.637666000000000111e+01,2.650609999999999786e+02,0.000000000000000000e+00,0.000000000000000000e+00,4.921039000000000385e+00,6.499143000000000558e-01,-1.382019999999999915e-01,-2.370347999999999900e+01,4.694096000000000046e+00,-2.355656999999999890e+00,3.162985000000000113e+01,2.177072000000000074e+01,-3.092484000000000233e+00,6.727248000000000161e+01,5.987396999999999281e+01,-9.276765999999999224e+01,2.549123999999999910e+02,0.000000000000000000e+00,0.000000000000000000e+00
5.122200000000000308e+00,-6.493329000000001017e-01,1.382447999999999733e-01,-2.038135000000000119e+01,4.705908999999999232e+00,-3.320947000000000315e+00,2.539799999999999969e+01,8.565347000000000932e+00,-9.638620999999999439e-01,6.629793000000000802e+01,5.323085999999999984e+01,-7.861133000000000948e+01,2.621553999999999860e+02,0.000000000000000000e+00,0.000000000000000000e+00,5.122200000000000308e+00,6.493329000000001017e-01,-1.382447999999999733e-01,-2.358802000000000021e+01,4.286027999999999949e+00,-6.591288000000000702e-01,3.133305999999999614e+01,2.224012999999999707e+01,-2.482969999999999899e+00,6.672961999999999705e+01,6.002815999999999974e+01,-9.480243000000000109e+01,2.526168999999999869e+02,0.000000000000000000e+00,0.000000000000000000e+00
5.828541000000000416e+00,-6.532341999999999871e-01,1.389273000000000036e-01,-2.041653999999999769e+01,5.468662999999999386e+00,-3.637305999999999706e+00,2.597878000000000043e+01,8.031169999999999476e+00,-1.501940999999999971e+00,6.683316999999999553e+01,5.137308000000000163e+01,-8.101351999999999975e+01,2.585375999999999976e+02,0.000000000000000000e+00,0.000000000000000000e+00,5.828541000000000416e+00,6.532341999999999871e-01,-1.389273000000000036e-01,-2.415970000000000084e+01,4.484337000000000018e+00,-1.241339999999999888e+00,3.114937000000000111e+01,2.149713999999999814e+01,-2.576305000000000067e+00,6.618016999999998973e+01,5.954573000000000604e+01,-9.634929999999999950e+01,2.501577000000000055e+02,0.000000000000000000e+00,0.000000000000000000e+00
6.300825999999999816e+00,-2.440679999999999794e-01,8.108340999999998910e-01,-2.045804000000000045e+01,4.201012000000000413e+00,-5.455389000000000266e+00,2.591661000000000215e+01,6.731783999999999324e+00,-1.927113999999999994e+00,6.686650000000000205e+01,5.042569000000000301e+01,-8.293399999999999750e+01,2.566956000000000131e+02,0.000000000000000000e+00,0.000000000000000000e+00,6.300825999999999816e+00,2.440679999999999794e-01,-8.108340999999998910e-01,-2.436957999999999913e+01,4.338328999999999880e+00,-2.206339999999999968e+00,3.087904000000000337e+01,2.229272000000000276e+01,-3.036408999999999914e+00,6.601463999999999999e+01,5.952573999999999899e+01,-9.682706999999999198e+01,2.494927999999999884e+02,0.000000000000000000e+00,0.000000000000000000e+00
6.300825999999999816e+00,-2.440679999999999794e-01,8.108340999999998910e-01,-2.041665000000000063e+01,4.025573000000000512e+00,-5.551333999999999769e+00,2.591661000000000215e+01,6.731783999999999324e+00,-1.927113999999999994e+00,6.635065999999999065e+01,4.948342999999999847e+01,-8.350567999999999813e+01,2.563312000000000239e+02,0.000000000000000000e+00,0.000000000000000000e+00,6.300825999999999816e+00,2.440679999999999794e-01,-8.108340999999998910e-01,-2.460435999999999979e+01,3.976824999999999832e+00,-2.633700999999999848e+00,3.084809000000000268e+01,2.203669000000000011e+01,-3.044751999999999903e+00,6.598820999999999515e+01,5.970215999999999923e+01,-9.708101999999999521e+01,2.487867999999999995e+02,0.000000000000000000e+00,0.000000000000000000e+00
6.848286999999999125e+00,-2.448344000000000076e-01,8.149005000000000276e-01,-2.072853999999999886e+01,3.980027999999999899e+00,-4.550534999999999997e+00,2.520283999999999835e+01,5.947512999999999828e+00,-2.599444000000000088e+00,6.578480000000000416e+01,4.778084000000000486e+01,-8.401069999999999993e+01,2.543354999999999961e+02,0.000000000000000000e+00,0.000000000000000000e+00,6.848286999999999125e+00,2.448344000000000076e-01,-8.149005000000000276e-01,-2.470139999999999958e+01,4.667384999999999451e+00,-1.991419999999999968e+00,3.024359000000000108e+01,2.210770000000000124e+01,-2.731611999999999707e+00,6.549621999999999389e+01,5.936599999999999966e+01,-9.753889000000000919e+01,2.486769999999999925e+02,0.000000000000000000e+00,0.000000000000000000e+00
7.032561999999999536e+00,-1.040733999999999965e-01,3.035764000000000240e-01,-2.156465999999999994e+01,4.367693000000000048e+00,-4.979354999999999976e+00,2.487657000000000096e+01,5.908108999999999611e+00,-2.513838000000000239e+00,6.387394000000000460e+01,4.733462999999999710e+01,-8.312848999999999933e+01,2.540687000000000069e+02,0.000000000000000000e+00,0.000000000000000000e+00,7.032561999999999536e+00,1.040733999999999965e-01,-3.035764000000000240e-01,-2.463387999999999778e+01,4.513669000000000153e+00,-8.282132999999999301e-01,2.993975999999999615e+01,2.248151000000000010e+01,-2.204502999999999879e+00,6.542493000000000336e+01,5.901410999999999518e+01,-9.808019000000000176e+01,2.480275000000000034e+02,0.000000000000000000e+00,0.000000000000000000e+00
7.520521999999999707e+00,-1.038980000000000042e-01,3.023715999999999626e-01,-2.132498999999999967e+01,4.190891000000000588e+00,-6.353369999999999962e+00,2.430862999999999730e+01,5.622866999999999393e+00,-2.719843000000000011e+00,6.323164000000000584e+01,4.639110999999999763e+01,-8.349761999999999773e+01,2.533114999999999952e+02,0.000000000000000000e+00,0.000000000000000000e+00,7.520521999999999707e+00,1.038980000000000042e-01,-3.023715999999999626e-01,-2.422954999999999970e+01,4.662251999999999619e+00,-2.173370000000000246e+00,3.011070000000000135e+01,2.223554000000000030e+01,-2.660187000000000079e+00,6.518911999999998841e+01,5.845395999999999503e+01,-9.753114999999999668e+01,2.486448000000000036e+02,0.000000000000000000e+00,0.000000000000000000e+00
7.520521999999999707e+00,-1.038980000000000042e-01,3.023715999999999626e-01,-2.154064999999999941e+01,3.672058000000000266e+00,-5.548686000000000007e+00,2.424449999999999861e+01,5.088330000000000020e+00,-2.726125999999999827e+00,6.321960999999999586e+01,4.610359000000000407e+01,-8.397353000000001089e+01,2.529976000000000056e+02,0.000000000000000000e+00,0.000000000000000000e+00,7.520521999999999707e+00,1.038980000000000042e-01,-3.023715999999999626e-01,-2.428409999999999869e+01,4.971598000000000184e+00,-2.016182000000000141e+00,3.063503000000000043e+01,2.230160000000000053e+01,-2.584299999999999820e+00,6.517994000000000199e+01,5.819224000000000530e+01,-9.750345000000000084e+01,2.490414000000000101e+02,0.000000000000000000e+00,0.000000000000000000e+00
7.546166999999999625e+00,-1.648753000000000024e-02,1.034990999999999967e-01,-2.213455000000000084e+01,3.659184999999999910e+00,-5.649528000000000105e+00,2.412743000000000038e+01,5.250930999999999571e+00,-2.655494000000000021e+00,6.458643000000000711e+01,4.284907000000000465e+01,-8.571390999999999849e+01,2.515330999999999904e+02,0.000000000000000000e+00,0.000000000000000000e+00,7.546166999999999625e+00,1.648753000000000024e-02,-1.034990999999999967e-01,-2.421434999999999960e+01,5.015533000000000463e+00,-2.980241999999999614e+00,3.069004999999999939e+01,2.211727999999999739e+01,-2.498851999999999851e+00,6.531865000000000521e+01,5.829419000000000040e+01,-9.708306000000000324e+01,2.493957000000000050e+02,0.000000000000000000e+00,0.000000000000000000e+00
7.547042999999999502e+00,1.264566000000000023e-01,-4.101366000000000178e-01,-2.265132000000000190e+01,3.947501999999999622e+00,-5.994544000000000317e+00,2.393747999999999720e+01,5.184847000000000428e+00,-2.872644999999999893e+00,6.182941999999999183e+01,4.525200000000000244e+01,-8.193619999999999948e+01,2.550728000000000009e+02,0.000000000000000000e+00,0.000000000000000000e+00,7.547042999999999502e+00,-1.264566000000000023e-01,4.101366000000000178e-01,-2.399226000000000170e+01,4.472503999999999813e+00,-1.039160000000000084e+00,3.076115000000000066e+01,2.192867000000000033e+01,-2.200744999999999951e+00,6.575800999999999874e+01,5.829241999999999280e+01,-9.755249999999999488e+01,2.492438999999999965e+02,0.000000000000000000e+00,0.000000000000000000e+00
7.480172000000000487e+00,1.259665000000000090e-01,-4.065235999999999850e-01,-2.252806999999999960e+01,3.842251000000000083e+00,-7.452441000000000315e+00,2.351157000000000252e+01,5.189219000000000470e+00,-3.289840000000000320e+00,6.164679000000000286e+01,4.493370000000000175e+01,-8.154223000000000354e+01,2.558665000000000020e+02,0.000000000000000000e+00,0.000000000000000000e+00,7.480172000000000487e+00,-1.259665000000000090e-01,4.065235999999999850e-01,-2.378637000000000157e+01,4.400605999999999796e+00,-1.218852000000000046e+00,3.084610999999999592e+01,2.203060999999999936e+01,-2.422536000000000023e+00,6.562165999999999144e+01,5.810811999999999244e+01,-9.619315999999999178e+01,2.508881000000000085e+02,0.000000000000000000e+00,0.000000000000000000e+00
7.501424000000000092e+00,1.220969000000000082e-01,-4.076734000000000191e-01,-2.228170000000000073e+01,3.663902999999999910e+00,-7.634539999999999438e+00,2.329892999999999859e+01,5.140708999999999307e+00,-3.357814999999999994e+00,6.134211999999999421e+01,4.482244000000000028e+01,-8.089534000000000447e+01,2.559037999999999897e+02,0.000000000000000000e+00,0.000000000000000000e+00,7.501424000000000092e+00,-1.220969000000000082e-01,4.076734000000000191e-01,-2.378055000000000163e+01,4.297733000000000025e+00,-7.087915999999999661e-01,3.084955000000000069e+01,2.201875000000000071e+01,-2.441633000000000386e+00,6.554509000000000185e+01,5.813669999999999760e+01,-9.600115999999999872e+01,2.512829000000000121e+02,0.000000000000000000e+00,0.000000000000000000e+00
7.501424000000000092e+00,1.220969000000000082e-01,-4.076734000000000191e-01,-2.267164999999999964e+01,3.899690000000000101e+00,-5.299416000000000793e+00,2.335171000000000063e+01,5.795501999999999931e+00,-3.120617999999999892e+00,6.129549000000000092e+01,4.487662999999999869e+01,-8.120341999999999416e+01,2.562721999999999980e+02,0.000000000000000000e+00,0.000000000000000000e+00,7.501424000000000092e+00,-1.220969000000000082e-01,4.076734000000000191e-01,-2.376917000000000257e+01,4.439655999999999381e+00,-1.294628000000000112e+00,3.084955000000000069e+01,2.201875000000000071e+01,-2.441633000000000386e+00,6.556619999999999493e+01,5.831165000000000020e+01,-9.609523000000000081e+01,2.510917000000000030e+02,0.000000000000000000e+00,0.000000000000000000e+00
7.501424000000000092e+00,1.220969000000000082e-01,-4.076734000000000191e-01,-2.261269000000000062e+01,3.891041999999999668e+00,-5.283733999999999931e+00,2.335171000000000063e+01,5.795501999999999931e+00,-3.120617999999999892e+00,6.126609000000000549e+01,4.465229999999999677e+01,-8.120730000000000359e+01,2.564594999999999914e+02,0.000000000000000000e+00,0.000000000000000000e+00,7.501424000000000092e+00,-1.220969000000000082e-01,4.076734000000000191e-01,-2.365304000000000073e+01,4.273994999999999322e+00,-7.828321000000000307e-01,3.084955000000000069e+01,2.201875000000000071e+01,-2.441633000000000386e+00,6.551718999999999937e+01,5.819995999999999725e+01,-9.605995000000000061e+01,2.515098000000000127e+02,0.000000000000000000e+00,0.000000000000000000e+00
6.634530999999999956e+00,1.272971999999999992e-01,-4.084388999999999936e-01,-2.274063999999999908e+01,3.622812999999999839e+00,-4.595341000000000342e+00,2.326956000000000202e+01,6.140991999999999784e+00,-2.321191999999999922e+00,6.145428000000000424e+01,4.556065000000000254e+01,-8.082244000000000028e+01,2.566668999999999983e+02,0.000000000000000000e+00,0.000000000000000000e+00,6.634530999999999956e+00,-1.272971999999999992e-01,4.084388999999999936e-01,-2.359105999999999881e+01,3.960881999999999792e+00,-1.654306999999999972e+00,3.098749000000000109e+01,2.231522000000000006e+01,-1.898935999999999957e+00,6.550548000000000570e+01,5.866398000000000224e+01,-9.535054999999999836e+01,2.519504000000000019e+02,0.000000000000000000e+00,0.000000000000000000e+00
6.653478999999999033e+00,1.234234999999999915e-01,-4.096018000000000159e-01,-2.216019999999999968e+01,3.648858999999999853e+00,-4.936532999999999838e+00,2.406255000000000166e+01,6.134732999999999770e+00,-2.617053999999999991e+00,6.009703999999999979e+01,4.641375000000000028e+01,-7.521184999999999832e+01,2.640930999999999926e+02,0.000000000000000000e+00,0.000000000000000000e+00,6.653478999999999033e+00,-1.234234999999999915e-01,4.096018000000000159e-01,-2.343262000000000000e+01,4.283628000000000213e+00,-3.786741999999999886e-02,3.091740999999999673e+01,2.226082999999999856e+01,-1.678413000000000155e+00,6.468658999999999537e+01,5.827383999999999986e+01,-9.053574000000000410e+01,2.578229999999999791e+02,0.000000000000000000e+00,0.000000000000000000e+00
5.961755999999999389e+00,1.252691999999999972e-01,-4.113356999999999708e-01,-2.231907999999999959e+01,3.579613999999999852e+00,-4.595739000000000019e+00,2.413675999999999888e+01,6.396467999999999599e+00,-2.308323000000000125e+00,5.936276999999999759e+01,4.806180999999999415e+01,-6.871468000000000131e+01,2.741390000000000100e+02,0.000000000000000000e+00,0.000000000000000000e+00,5.961755999999999389e+00,-1.252691999999999972e-01,4.113356999999999708e-01,-2.372041000000000111e+01,4.508480000000000487e+00,-2.011336999999999708e+00,3.177544000000000324e+01,2.187512999999999863e+01,-1.246986000000000150e+00,6.427016999999999314e+01,5.837416999999999234e+01,-8.432726999999999862e+01,2.656800000000000068e+02,0.000000000000000000e+00,0.000000000000000000e+00
5.400432000000000343e+00,1.287113000000000007e-01,-4.080481999999999720e-01,-2.230679999999999907e+01,3.448887000000000480e+00,-5.190824000000000105e+00,2.476708999999999961e+01,6.685961999999999961e+00,-2.216165000000000163e+00,6.067093000000000558e+01,4.966142999999999574e+01,-6.207266999999999513e+01,2.811413000000000011e+02,0.000000000000000000e+00,0.000000000000000000e+00,5.400432000000000343e+00,-1.287113000000000007e-01,4.080481999999999720e-01,-2.336121999999999943e+01,5.094160999999999717e+00,-1.247272999999999854e+00,3.286845000000000283e+01,2.206637000000000270e+01,-8.833675999999999195e-01,6.335945999999999856e+01,5.856240999999999985e+01,-7.636983999999999639e+01,2.750541999999999803e+02,0.000000000000000000e+00,0.000000000000000000e+00
5.255823000000000356e+00,2.647989000000000037e-01,-9.218764000000001513e-01,-2.247433999999999799e+01,3.601505999999999652e+00,-5.297000999999999848e+00,2.463409000000000049e+01,7.120521000000000988e+00,-2.276325999999999627e+00,5.978036999999999779e+01,5.217447999999999553e+01,-5.464865000000000350e+01,2.921517999999999802e+02,0.000000000000000000e+00,0.000000000000000000e+00,5.255823000000000356e+00,-2.647989000000000037e-01,9.218764000000001513e-01,-2.231273999999999802e+01,4.896880000000000344e+00,-1.018353999999999981e+00,3.410372999999999877e+01,2.107847000000000293e+01,-5.825763999999999943e-01,6.348179999999999978e+01,5.847696999999999434e+01,-6.949434999999999718e+01,2.843381999999999721e+02,0.000000000000000000e+00,0.000000000000000000e+00
4.706656999999999869e+00,-2.854401999999999773e-01,-1.080249999999999932e+00,-2.230891000000000091e+01,3.785533000000000037e+00,-4.706461000000000006e+00,2.534516999999999953e+01,7.654380999999999879e+00,-2.601369000000000042e+00,6.056381999999999266e+01,5.494335000000000235e+01,-4.862709000000000259e+01,3.003860999999999990e+02,0.000000000000000000e+00,0.000000000000000000e+00,4.706656999999999869e+00,2.854401999999999773e-01,1.080249999999999932e+00,-2.269942999999999955e+01,5.144448000000000576e+00,-1.061657999999999991e+00,3.445087999999999795e+01,2.107140000000000057e+01,-7.075633000000001172e-01,6.323775999999999442e+01,5.929740999999999929e+01,-6.343421000000000021e+01,2.920172999999999774e+02,0.000000000000000000e+00,0.000000000000000000e+00
4.210054000000000407e+00,-2.871242999999999990e-01,-1.084079999999999933e+00,-2.246790999999999983e+01,4.312482000000000149e+00,-3.772691999999999712e+00,2.533606999999999942e+01,8.402999000000001217e+00,-2.148400000000000087e+00,5.983944999999999936e+01,5.741611999999999227e+01,-4.281342000000000070e+01,3.087880999999999858e+02,0.000000000000000000e+00,0.000000000000000000e+00,4.210054000000000407e+00,2.871242999999999990e-01,1.084079999999999933e+00,-2.283382000000000289e+01,6.068127999999999744e+00,-1.638909999999999867e+00,3.501980999999999966e+01,2.121721000000000146e+01,-1.254193999999999865e-01,6.242721999999999838e+01,6.086213000000000761e+01,-5.630465000000000231e+01,3.011750999999999863e+02,0.000000000000000000e+00,0.000000000000000000e+00
3.510810999999999904e+00,-6.916289000000001019e-01,-1.756199000000000066e+00,-2.226998999999999995e+01,5.154933999999999905e+00,-1.475217000000000001e+00,2.511934000000000111e+01,9.971552000000000859e+00,-1.481130999999999975e+00,5.885468000000000188e+01,6.100614999999999810e+01,-3.403835000000000122e+01,3.192432000000000016e+02,0.000000000000000000e+00,0.000000000000000000e+00,3.510810999999999904e+00,6.916289000000001019e-01,1.756199000000000066e+00,-2.272334000000000032e+01,6.290547000000000111e+00,-2.189236999999999878e+00,3.614929000000000059e+01,2.090497999999999834e+01,-4.681657000000000179e-01,6.179863999999999891e+01,6.116855999999999938e+01,-5.027747999999999706e+01,3.070228000000000179e+02,0.000000000000000000e+00,0.000000000000000000e+00
2.497554000000000052e+00,-6.806031000000000164e-01,-1.762874999999999970e+00,-2.281691000000000003e+01,5.372881999999999714e+00,-2.765000999999999709e-01,2.497415000000000163e+01,1.039550000000000018e+01,-5.463143000000000304e-01,5.983045999999999509e+01,6.350388000000000233e+01,-2.945279000000000380e+01,3.248620999999999981e+02,0.000000000000000000e+00,0.000000000000000000e+00,2.497554000000000052e+00,6.806031000000000164e-01,1.762874999999999970e+00,-2.298597000000000179e+01,7.364892000000000216e+00,-9.362950999999999357e-01,3.671654999999999802e+01,2.171147999999999811e+01,-3.367475999999999803e-01,6.108421999999999485e+01,6.168088000000000193e+01,-4.515982000000000340e+01,3.140787000000000262e+02,0.000000000000000000e+00,0.000000000000000000e+00
1.795754999999999990e+00,-1.011333000000000037e+00,-2.640247000000000011e+00,-2.276792999999999978e+01,6.425529000000000046e+00,3.406949000000000227e-01,2.505510999999999910e+01,1.139896000000000065e+01,-3.104355999999999782e-01,5.963204000000000349e+01,6.581776999999999589e+01,-2.471602999999999994e+01,3.307771999999999935e+02,0.000000000000000000e+00,0.000000000000000000e+00,1.795754999999999990e+00,1.011333000000000037e+00,2.640247000000000011e+00,-2.297481000000000151e+01,7.821908000000000527e+00,-1.791711999999999971e+00,3.728484000000000265e+01,2.147737000000000052e+01,-8.157518999999999743e-01,6.021999999999999886e+01,5.978550999999999505e+01,-4.073405999999999949e+01,3.179972000000000207e+02,0.000000000000000000e+00,0.000000000000000000e+00
7.334498000000000406e-01,-1.430584000000000078e+00,-3.318703999999999876e+00,-2.256793000000000049e+01,6.820310000000000983e+00,1.851520000000000055e+00,2.535013999999999967e+01,1.242161000000000115e+01,5.466999000000000164e-01,5.935778000000000532e+01,6.838460000000000605e+01,-2.016661000000000215e+01,3.372180000000000177e+02,0.000000000000000000e+00,0.000000000000000000e+00,7.334498000000000406e-01,1.430584000000000078e+00,3.318703999999999876e+00,-2.327284999999999826e+01,8.030720999999999776e+00,-1.200995000000000035e+00,3.748974000000000473e+01,2.199084999999999823e+01,-1.294717000000000118e+00,5.886675000000000324e+01,6.003475999999999857e+01,-3.519491000000000014e+01,3.246381999999999834e+02,0.000000000000000000e+00,0.000000000000000000e+00
-1.455963999999999869e-01,-1.271288999999999891e+00,-3.807348000000000177e+00,-2.312646000000000157e+01,7.408132000000001050e+00,2.764324000000000225e+00,2.510852999999999824e+01,1.322297000000000189e+01,1.165065000000000017e+00,5.816885999999999513e+01,7.155406999999999584e+01,-1.522697999999999929e+01,3.431784000000000106e+02,0.000000000000000000e+00,0.000000000000000000e+00,-1.455963999999999869e-01,1.271288999999999891e+00,3.807348000000000177e+00,-2.315746000000000038e+01,9.154870999999999981e+00,-2.590622999999999884e-02,3.812077000000000027e+01,2.234172000000000224e+01,-2.161766000000000076e+00,5.811209999999999809e+01,6.005833000000000510e+01,-3.126586999999999961e+01,3.290908000000000015e+02,0.000000000000000000e+00,0.000000000000000000e+00
-6.607885999999999482e-01,-1.129417000000000115e+00,-4.342230000000000700e+00,-2.302723999999999904e+01,9.269375000000000142e+00,3.900252999999999748e+00,2.520810000000000173e+01,1.395550000000000068e+01,1.252734000000000014e+00,5.706903000000000503e+01,7.385490000000000066e+01,-1.041368999999999900e+01,3.491716999999999871e+02,0.000000000000000000e+00,0.000000000000000000e+00,-6.607885999999999482e-01,1.129417000000000115e+00,4.342230000000000700e+00,-2.323696999999999946e+01,9.998870000000000147e+00,-2.149442999999999770e-01,3.840946999999999889e+01,2.249136000000000024e+01,-2.859847999999999946e+00,5.712556999999999618e+01,6.020626999999999640e+01,-2.663045999999999935e+01,3.333691999999999780e+02,0.000000000000000000e+00,0.000000000000000000e+00
-1.165621999999999936e+00,-1.059555999999999942e+00,-4.512916000000000594e+00,-2.342020000000000124e+01,9.673425999999999192e+00,3.923024999999999984e+00,2.551134000000000057e+01,1.481680000000000064e+01,2.100058000000000202e+00,5.690898000000000678e+01,7.517851000000000283e+01,-7.025311999999999557e+00,3.526286000000000058e+02,0.000000000000000000e+00,0.000000000000000000e+00,-1.165621999999999936e+00,1.059555999999999942e+00,4.512916000000000594e+00,-2.318013999999999797e+01,1.087015000000000065e+01,-1.719959999999999933e+00,3.935955999999999477e+01,2.284243000000000023e+01,-4.032822000000000351e+00,5.609273000000000309e+01,5.971643000000000256e+01,-2.232788000000000039e+01,3.374257999999999811e+02,0.000000000000000000e+00,0.000000000000000000e+00
-1.881833000000000089e+00,-9.011993000000000364e-01,-5.049879999999999924e+00,-2.380391000000000190e+01,1.124146999999999963e+01,4.486855000000000260e+00,2.523032000000000252e+01,1.557809999999999917e+01,2.706554000000000126e+00,5.700816999999999268e+01,7.597799000000000547e+01,-5.433823999999999543e+00,3.552869000000000028e+02,0.000000000000000000e+00,0.000000000000000000e+00,-1.881833000000000089e+00,9.011993000000000364e-01,5.049879999999999924e+00,-2.326557000000000031e+01,1.146551000000000009e+01,-3.003244000000000025e+00,3.939892000000000394e+01,2.233255000000000123e+01,-3.905716000000000410e+00,5.522475000000000023e+01,5.907626999999999384e+01,-1.953451000000000093e+01,3.406951000000000249e+02,0.000000000000000000e+00,0.000000000000000000e+00
-2.558759999999999923e+00,-7.387885999999999065e-01,-5.572301999999999644e+00,-2.323029000000000011e+01,1.180302000000000007e+01,5.837899000000000171e+00,2.571509000000000000e+01,1.582193999999999967e+01,2.597265999999999853e+00,5.691739000000000459e+01,7.685911999999999011e+01,-2.470899000000000179e+00,3.585104000000000042e+02,0.000000000000000000e+00,0.000000000000000000e+00,-2.558759999999999923e+00,7.387885999999999065e-01,5.572301999999999644e+00,-2.324687000000000126e+01,1.161663000000000068e+01,-8.469166999999999668e-02,3.898355000000000103e+01,2.259176000000000073e+01,-4.345252999999999588e+00,5.457151999999999248e+01,5.841328000000000742e+01,-1.821722000000000108e+01,3.427085000000000150e+02,0.000000000000000000e+00,0.000000000000000000e+00
-2.557761999999999869e+00,-7.969851999999999492e-01,-5.557970000000000077e+00,-2.240333000000000041e+01,1.292955000000000076e+01,6.487928000000000139e+00,2.603397000000000006e+01,1.585872000000000170e+01,2.358741000000000199e+00,5.632636999999999716e+01,7.688461999999999819e+01,1.257989999999999942e+00,3.621238000000000170e+02,0.000000000000000000e+00,0.000000000000000000e+00,-2.557761999999999869e+00,7.969851999999999492e-01,5.557970000000000077e+00,-2.314505000000000123e+01,1.271183000000000085e+01,-1.751155000000000017e+00,3.974354999999999905e+01,2.267765999999999948e+01,-6.030681999999999654e+00,5.308333999999999975e+01,5.738071000000000055e+01,-1.509737999999999936e+01,3.464048000000000229e+02,0.000000000000000000e+00,0.000000000000000000e+00
-3.263658000000000392e+00,-7.324825000000000363e-01,-5.554485999999999812e+00,-2.242307999999999879e+01,1.409520999999999979e+01,7.015057999999999794e+00,2.661659999999999826e+01,1.683772000000000091e+01,2.322525000000000173e+00,5.601494000000000284e+01,7.760201999999999600e+01,4.271618000000000137e+00,3.655459000000000174e+02,0.000000000000000000e+00,0.000000000000000000e+00,-3.263658000000000392e+00,7.324825000000000363e-01,5.554485999999999812e+00,-2.321176000000000172e+01,1.341791000000000089e+01,-1.752625000000000099e+00,4.010837999999999681e+01,2.226771000000000100e+01,-6.042082999999999871e+00,5.207194000000000500e+01,5.741620999999999952e+01,-1.219389999999999930e+01,3.497201000000000022e+02,0.000000000000000000e+00,0.000000000000000000e+00
-3.778344000000000147e+00,-5.937256999999999119e-01,-6.076248999999999789e+00,-2.302978999999999843e+01,1.529957999999999885e+01,7.431213000000000513e+00,2.649990000000000023e+01,1.755032999999999888e+01,2.373131000000000324e+00,5.547274999999999778e+01,7.817893000000000825e+01,6.535089000000000148e+00,3.680373999999999910e+02,0.000000000000000000e+00,0.000000000000000000e+00,-3.778344000000000147e+00,5.937256999999999119e-01,6.076248999999999789e+00,-2.320409000000000077e+01,1.361817000000000100e+01,-2.408420000000000005e+00,4.010169000000000494e+01,2.217755000000000010e+01,-5.914843000000000295e+00,5.236064999999999969e+01,5.707998000000000616e+01,-1.080530000000000079e+01,3.507225999999999999e+02,0.000000000000000000e+00,0.000000000000000000e+00
-3.795233000000000079e+00,-6.499864000000000752e-01,-6.093659999999999854e+00,-2.273474999999999824e+01,1.611909999999999954e+01,8.101447000000000287e+00,2.655127000000000237e+01,1.801088999999999984e+01,2.394188999999999901e+00,5.503316999999999837e+01,7.792359999999999332e+01,7.941932000000000436e+00,3.657049999999999841e+02,0.000000000000000000e+00,0.000000000000000000e+00,-3.795233000000000079e+00,6.499864000000000752e-01,6.093659999999999854e+00,-2.291026000000000096e+01,1.460036000000000023e+01,-2.368751000000000051e+00,4.024515999999999849e+01,2.247826000000000235e+01,-6.668719999999999537e+00,5.104682999999999993e+01,5.723998999999999882e+01,-7.244164999999999743e+00,3.548041999999999803e+02,0.000000000000000000e+00,0.000000000000000000e+00
-4.365342000000000056e+00,-1.141530999999999851e+00,-6.253871000000000180e+00,-2.259868999999999772e+01,1.766159999999999997e+01,9.121760000000000090e+00,2.776783000000000001e+01,1.842351999999999990e+01,2.827666999999999931e+00,5.515241999999999223e+01,7.879323000000000832e+01,9.910961999999999605e+00,3.723811999999999784e+02,0.000000000000000000e+00,0.000000000000000000e+00,-4.365342000000000056e+00,1.141530999999999851e+00,6.253871000000000180e+00,-2.353312999999999988e+01,1.520204000000000022e+01,-3.260737999999999914e+00,3.987971999999999895e+01,2.260262000000000171e+01,-6.368935999999999709e+00,5.020665000000000333e+01,5.766881000000000057e+01,-4.837626999999999455e+00,3.571791000000000054e+02,0.000000000000000000e+00,0.000000000000000000e+00
-4.322524999999999729e+00,-6.545326000000000199e-01,-6.107298000000000116e+00,-2.293450999999999951e+01,1.925899000000000072e+01,9.242347999999999786e+00,2.784647000000000006e+01,1.882800999999999902e+01,2.483591000000000104e+00,5.384441999999999240e+01,7.887744000000000710e+01,1.246320000000000050e+01,3.748972999999999729e+02,0.000000000000000000e+00,0.000000000000000000e+00,-4.322524999999999729e+00,6.545326000000000199e-01,6.107298000000000116e+00,-2.298570000000000135e+01,1.607751000000000019e+01,4.386802999999999675e-01,4.102868000000000137e+01,2.315775999999999968e+01,-6.826016000000000084e+00,4.998792999999999864e+01,5.870816999999999553e+01,-1.422943999999999987e+00,3.600629999999999882e+02,0.000000000000000000e+00,0.000000000000000000e+00
-4.322524999999999729e+00,-6.545326000000000199e-01,-6.107298000000000116e+00,-2.331112000000000251e+01,2.141586000000000212e+01,1.029108999999999874e+01,2.856737000000000037e+01,1.959654000000000096e+01,2.651784999999999837e+00,5.258316999999999553e+01,7.892806000000000211e+01,1.566298999999999886e+01,3.780715999999999894e+02,0.000000000000000000e+00,0.000000000000000000e+00,-4.322524999999999729e+00,6.545326000000000199e-01,6.107298000000000116e+00,-2.300112999999999985e+01,1.647057000000000215e+01,-2.695955000000000101e+00,4.101069999999999993e+01,2.327579000000000065e+01,-6.722441000000000777e+00,4.926344000000000278e+01,5.924223000000000638e+01,8.696995000000000697e-01,3.626741999999999848e+02,0.000000000000000000e+00,0.000000000000000000e+00
-4.675862999999999658e+00,-7.578566999999999387e-01,-5.573658000000000001e+00,-2.363510000000000133e+01,2.326754000000000033e+01,9.939944999999999808e+00,2.992565999999999704e+01,2.040362999999999971e+01,2.820600000000000218e+00,5.040114000000000516e+01,7.882345999999999719e+01,1.880052000000000234e+01,3.815607999999999720e+02,0.000000000000000000e+00,0.000000000000000000e+00,-4.675862999999999658e+00,7.578566999999999387e-01,5.573658000000000001e+00,-2.311243999999999943e+01,1.712622000000000000e+01,-5.453724000000000238e+00,4.093135999999999797e+01,2.378752000000000066e+01,-6.930028999999999328e+00,4.893740999999999985e+01,6.078325000000000244e+01,3.436887000000000469e+00,3.651340000000000146e+02,0.000000000000000000e+00,0.000000000000000000e+00
-5.173362000000000016e+00,-8.656295999999999990e-01,-5.041960999999999693e+00,-2.368762999999999863e+01,2.420385999999999882e+01,1.037447000000000052e+01,2.997612999999999772e+01,2.093337999999999965e+01,2.907540000000000013e+00,4.905040000000000333e+01,7.869858999999999583e+01,2.097100999999999971e+01,3.843890000000000100e+02,0.000000000000000000e+00,0.000000000000000000e+00,-5.173362000000000016e+00,8.656295999999999990e-01,5.041960999999999693e+00,-2.351322000000000045e+01,1.784492000000000189e+01,-2.160458000000000212e+00,4.112198000000000064e+01,2.469917000000000229e+01,-7.126735000000000930e+00,4.781055999999999528e+01,6.208874000000000137e+01,5.897077999999999598e+00,3.679470999999999776e+02,0.000000000000000000e+00,0.000000000000000000e+00
-5.173362000000000016e+00,-8.656295999999999990e-01,-5.041960999999999693e+00,-2.392245000000000132e+01,2.616433999999999926e+01,1.100014000000000003e+01,3.051202999999999932e+01,2.148812999999999818e+01,2.652636999999999912e+00,4.739045999999999736e+01,7.878048000000001139e+01,2.335992000000000246e+01,3.881501000000000090e+02,0.000000000000000000e+00,0.000000000000000000e+00,-5.173362000000000016e+00,8.656295999999999990e-01,5.041960999999999693e+00,-2.335532999999999859e+01,1.803217000000000070e+01,-2.111002000000000045e+00,4.112198000000000064e+01,2.469917000000000229e+01,-7.126735000000000930e+00,4.720740999999999588e+01,6.287839000000000311e+01,7.719475000000000087e+00,3.705676000000000272e+02,0.000000000000000000e+00,0.000000000000000000e+00
-5.133195999999999870e+00,-5.152957000000000232e-01,-4.366537999999999364e+00,-2.340067000000000164e+01,2.867429000000000272e+01,1.128573999999999877e+01,3.112869999999999848e+01,2.212969999999999970e+01,1.973138000000000059e+00,4.618180000000000263e+01,7.819593000000000416e+01,2.609639999999999915e+01,3.910246000000000208e+02,0.000000000000000000e+00,0.000000000000000000e+00,-5.133195999999999870e+00,5.152957000000000232e-01,4.366537999999999364e+00,-2.271490999999999971e+01,1.941650999999999883e+01,-9.128633999999999915e-01,4.191528999999999883e+01,2.513922000000000168e+01,-7.442116000000000398e+00,4.657170999999999594e+01,6.415774999999999295e+01,1.078514999999999979e+01,3.735325000000000273e+02,0.000000000000000000e+00,0.000000000000000000e+00
-5.661951000000000178e+00,-8.540110999999999120e-01,-3.151288000000000089e+00,-2.217184999999999917e+01,2.986155999999999722e+01,1.218394999999999939e+01,3.297825000000000273e+01,2.164146000000000214e+01,1.925890000000000102e+00,4.680740999999999730e+01,7.799812000000000012e+01,2.746812999999999860e+01,3.930887999999999920e+02,0.000000000000000000e+00,0.000000000000000000e+00,-5.661951000000000178e+00,8.540110999999999120e-01,3.151288000000000089e+00,-2.317682000000000286e+01,2.216802999999999813e+01,-2.352918999999999983e+00,4.201809000000000083e+01,2.651754000000000389e+01,-7.854624000000000272e+00,4.499211999999999989e+01,6.587219000000000335e+01,1.423077000000000147e+01,3.779891999999999825e+02,0.000000000000000000e+00,0.000000000000000000e+00
-6.388179000000000052e+00,-8.479443999999999315e-01,-3.156184000000000101e+00,-2.289153999999999911e+01,3.147022000000000119e+01,1.242586000000000013e+01,3.379144000000000148e+01,2.273989999999999867e+01,1.670007000000000019e+00,4.721081999999999823e+01,7.846607000000000198e+01,2.870907000000000053e+01,3.942518000000000029e+02,0.000000000000000000e+00,0.000000000000000000e+00,-6.388179000000000052e+00,8.479443999999999315e-01,3.156184000000000101e+00,-2.338456000000000046e+01,2.243082000000000065e+01,-2.286452000000000206e-01,4.192754000000000048e+01,2.706507000000000218e+01,-6.973656000000000077e+00,4.560061999999999927e+01,6.608969000000000449e+01,1.529752000000000045e+01,3.795124999999999886e+02,0.000000000000000000e+00,0.000000000000000000e+00
-6.338848999999999734e+00,-4.504962999999999607e-01,-2.470682000000000045e+00,-2.215692999999999913e+01,3.236722999999999928e+01,1.224361999999999995e+01,3.462261999999999773e+01,2.272964999999999947e+01,1.730713999999999864e+00,4.782685000000000031e+01,7.787995999999999697e+01,2.985922000000000054e+01,3.955745999999999754e+02,0.000000000000000000e+00,0.000000000000000000e+00,-6.338848999999999734e+00,4.504962999999999607e-01,2.470682000000000045e+00,-2.312295999999999907e+01,2.324573999999999785e+01,3.178538000000000086e+00,4.259237999999999857e+01,2.743349999999999866e+01,-7.619231000000000087e+00,4.598689999999999856e+01,6.669965999999999440e+01,1.659581999999999979e+01,3.817205000000000155e+02,0.000000000000000000e+00,0.000000000000000000e+00
-6.317118999999999929e+00,-4.551202000000000303e-01,-2.462181999999999871e+00,-2.112637999999999749e+01,3.354920999999999509e+01,1.240773999999999866e+01,3.547735999999999734e+01,2.346702000000000155e+01,1.406579000000000024e+00,4.870114000000000232e+01,7.749103000000000918e+01,3.090209000000000117e+01,3.972803000000000111e+02,0.000000000000000000e+00,0.000000000000000000e+00,-6.317118999999999929e+00,4.551202000000000303e-01,2.462181999999999871e+00,-2.237190000000000012e+01,2.354089000000000098e+01,-2.159887999999999808e-01,4.253385000000000105e+01,2.712000999999999706e+01,-7.265741999999999479e+00,4.621869000000000227e+01,6.645574999999999477e+01,1.739630000000000010e+01,3.834974000000000274e+02,0.000000000000000000e+00,0.000000000000000000e+00
-6.512308999999999237e+00,-6.996345999999999954e-01,-1.752575999999999912e+00,-1.935664999999999836e+01,3.446813000000000216e+01,1.251141999999999932e+01,3.730395000000000039e+01,2.328254000000000090e+01,1.347428999999999988e+00,4.959699000000000524e+01,7.686910000000000309e+01,3.186044000000000409e+01,3.982522000000000162e+02,0.000000000000000000e+00,0.000000000000000000e+00,-6.512308999999999237e+00,6.996345999999999954e-01,1.752575999999999912e+00,-2.205000000000000071e+01,2.436625000000000085e+01,3.182537000000000282e-01,4.262237999999999971e+01,2.740490000000000137e+01,-7.102297999999999334e+00,4.614939000000000391e+01,6.712042999999999893e+01,1.868833000000000055e+01,3.848215000000000146e+02,0.000000000000000000e+00,0.000000000000000000e+00
-6.531727000000000061e+00,-2.868462999999999985e-01,-1.085764999999999869e+00,-1.968757000000000090e+01,3.487120999999999782e+01,1.416474000000000011e+01,3.751191000000000031e+01,2.326034999999999897e+01,1.721252000000000004e+00,5.025540000000000163e+01,7.664768999999999721e+01,3.237565000000000026e+01,3.989764999999999873e+02,0.000000000000000000e+00,0.000000000000000000e+00,-6.531727000000000061e+00,2.868462999999999985e-01,1.085764999999999869e+00,-2.161576000000000164e+01,2.543622999999999834e+01,-1.138498999999999928e+00,4.348254000000000019e+01,2.801409000000000304e+01,-7.454664000000000179e+00,4.708759000000000583e+01,6.715460999999999103e+01,1.964431000000000083e+01,3.870344000000000051e+02,0.000000000000000000e+00,0.000000000000000000e+00
-7.039192999999999145e+00,-4.226135000000000308e-01,-5.727430999999999495e-01,-1.960467999999999833e+01,3.463477999999999923e+01,1.576723999999999926e+01,3.837232000000000198e+01,2.326502999999999943e+01,1.804379000000000177e+00,5.131343999999999994e+01,7.643944999999999368e+01,3.248704000000000036e+01,3.994341999999999757e+02,0.000000000000000000e+00,0.000000000000000000e+00,-7.039192999999999145e+00,4.226135000000000308e-01,5.727430999999999495e-01,-2.226112000000000180e+01,2.569518000000000058e+01,-1.338728000000000140e+00,4.327405999999999864e+01,2.831200000000000117e+01,-7.152947000000000166e+00,4.717289999999999850e+01,6.768567000000000178e+01,2.045965999999999951e+01,3.875339999999999918e+02,0.000000000000000000e+00,0.000000000000000000e+00
-7.211875999999999287e+00,-4.224444000000000532e-01,-5.705281999999999298e-01,-1.953857999999999961e+01,3.574766999999999939e+01,1.612688999999999950e+01,3.919127999999999901e+01,2.414443999999999946e+01,1.654556000000000138e+00,5.180769999999999698e+01,7.627200000000000557e+01,3.353405999999999665e+01,4.003344000000000165e+02,0.000000000000000000e+00,0.000000000000000000e+00,-7.211875999999999287e+00,4.224444000000000532e-01,5.705281999999999298e-01,-2.194567999999999941e+01,2.613234999999999886e+01,2.461618000000000084e+00,4.342224999999999824e+01,2.874629000000000190e+01,-5.878194000000000585e+00,4.824756000000000000e+01,6.774802999999999997e+01,2.073087999999999909e+01,3.876870999999999867e+02,0.000000000000000000e+00,0.000000000000000000e+00
-7.206088000000000271e+00,-6.564043999999999990e-01,1.379933999999999883e-01,-1.864512999999999820e+01,3.546027000000000129e+01,1.584580000000000055e+01,3.975209999999999866e+01,2.354853999999999914e+01,1.790895000000000126e+00,5.219895000000000351e+01,7.581895000000000095e+01,3.326948000000000150e+01,4.002386000000000195e+02,0.000000000000000000e+00,0.000000000000000000e+00,-7.206088000000000271e+00,6.564043999999999990e-01,-1.379933999999999883e-01,-2.227468999999999966e+01,2.698702000000000112e+01,5.681146000000000251e-01,4.335562999999999789e+01,2.920997000000000199e+01,-6.117144000000000581e+00,4.830877999999999872e+01,6.746299000000000490e+01,2.129652000000000100e+01,3.881841000000000008e+02,0.000000000000000000e+00,0.000000000000000000e+00
-6.676458999999999477e+00,-6.532272000000000078e-01,1.376680000000000126e-01,-1.749523999999999901e+01,3.578260000000000218e+01,2.006451000000000207e+01,3.993725999999999487e+01,2.312455999999999889e+01,1.309874999999999901e+00,5.215629000000000559e+01,7.528614000000000317e+01,3.405484000000000577e+01,4.007671000000000276e+02,0.000000000000000000e+00,0.000000000000000000e+00,-6.676458999999999477e+00,6.532272000000000078e-01,-1.376680000000000126e-01,-2.139919000000000082e+01,2.712185999999999808e+01,1.992696000000000023e+00,4.360720999999999492e+01,2.846089999999999876e+01,-6.578107000000001037e+00,4.828417000000000314e+01,6.681858000000001141e+01,2.132652000000000214e+01,3.887998000000000047e+02,0.000000000000000000e+00,0.000000000000000000e+00
-6.537640000000000562e+00,-6.524553000000000713e-01,1.389489000000000141e-01,-1.688041000000000125e+01,3.608330000000000126e+01,1.276801000000000030e+01,3.998224000000000444e+01,2.303564000000000078e+01,1.194009000000000098e+00,5.208852000000000260e+01,7.484779000000000337e+01,3.388616999999999990e+01,4.003668999999999869e+02,0.000000000000000000e+00,0.000000000000000000e+00,-6.537640000000000562e+00,6.524553000000000713e-01,-1.389489000000000141e-01,-2.142501000000000033e+01,2.748245999999999611e+01,2.410709000000000213e+00,4.317719999999999914e+01,2.815740999999999872e+01,-6.115974999999999717e+00,4.824231999999999942e+01,6.626239999999999952e+01,2.133794999999999931e+01,3.882099000000000046e+02,0.000000000000000000e+00,0.000000000000000000e+00
-6.010739000000000054e+00,-1.021673999999999916e-01,3.027910999999999797e-01,-1.695367999999999853e+01,3.399645999999999901e+01,1.108961000000000041e+01,3.816085999999999956e+01,2.194486000000000203e+01,1.514539999999999997e+00,5.038974999999999937e+01,7.370877000000000123e+01,3.198095999999999606e+01,3.980898000000000252e+02,0.000000000000000000e+00,0.000000000000000000e+00,-6.010739000000000054e+00,1.021673999999999916e-01,-3.027910999999999797e-01,-2.125870000000000104e+01,2.692933000000000021e+01,-1.340599999999999847e-01,4.306201000000000079e+01,2.711089000000000127e+01,-6.371385000000000076e+00,4.810097000000000378e+01,6.526198000000000832e+01,2.050108999999999781e+01,3.876322000000000116e+02,0.000000000000000000e+00,0.000000000000000000e+00
-6.010739000000000054e+00,-1.021673999999999916e-01,3.027910999999999797e-01,-1.975537000000000276e+01,2.750020999999999916e+01,9.735920000000000130e+00,3.276835999999999416e+01,2.013071000000000055e+01,3.746573000000000153e+00,4.676039000000000101e+01,7.093645999999999674e+01,2.406054999999999922e+01,3.883065000000000282e+02,0.000000000000000000e+00,0.000000000000000000e+00,-6.010739000000000054e+00,1.021673999999999916e-01,-3.027910999999999797e-01,-2.210687000000000069e+01,2.286223000000000027e+01,2.456991000000000036e-01,4.007822999999999780e+01,2.642654999999999887e+01,-6.884233999999999298e+00,4.531915000000000049e+01,6.195125000000000171e+01,1.594907000000000075e+01,3.817801999999999794e+02,0.000000000000000000e+00,0.000000000000000000e+00
-6.009701000000000626e+00,-6.516440999999999484e-01,1.386892000000000125e-01,-2.146337999999999724e+01,2.115350000000000108e+01,8.264874999999999972e+00,2.740297999999999945e+01,1.750828999999999880e+01,3.470518000000000214e+00,4.402139999999999986e+01,6.631395999999999447e+01,1.393878999999999913e+01,3.780649999999999977e+02,0.000000000000000000e+00,0.000000000000000000e+00,-6.009701000000000626e+00,6.516440999999999484e-01,-1.386892000000000125e-01,-2.374751000000000190e+01,1.900497000000000014e+01,-2.961268999999999707e+00,3.693597000000000463e+01,2.492524999999999835e+01,-7.636144999999999960e+00,4.099025000000000318e+01,5.591001999999999583e+01,7.816558999999999813e+00,3.729504000000000019e+02,0.000000000000000000e+00,0.000000000000000000e+00
-5.794641999999999626e+00,-6.521239000000000896e-01,1.383446000000000120e-01,-2.201472000000000051e+01,1.607310999999999979e+01,4.518121999999999971e+00,2.340972000000000008e+01,1.485665000000000013e+01,2.124411999999999967e+00,4.279917999999999978e+01,5.959624999999999773e+01,4.481658999999999615e+00,3.669171000000000049e+02,0.000000000000000000e+00,0.000000000000000000e+00,-5.794641999999999626e+00,6.521239000000000896e-01,-1.383446000000000120e-01,-2.489457999999999771e+01,1.475380000000000003e+01,-4.177648999999999724e+00,3.442112000000000194e+01,2.161984999999999957e+01,-8.194732000000000127e+00,3.898174000000000206e+01,4.925563999999999965e+01,-2.670503999999999933e-02,3.635321000000000140e+02,0.000000000000000000e+00,0.000000000000000000e+00
-5.816918000000000255e+00,-1.200363999999999987e+00,-2.546286999999999856e-02,-2.190582999999999814e+01,1.363027999999999906e+01,-6.071780999999999429e-01,2.234847999999999857e+01,1.260761999999999894e+01,-3.731061999999999990e-01,4.499701999999999913e+01,5.156136000000000053e+01,-5.228880999999999446e+00,3.547807000000000244e+02,0.000000000000000000e+00,0.000000000000000000e+00,-5.816918000000000255e+00,1.200363999999999987e+00,2.546286999999999856e-02,-2.672316999999999965e+01,1.116136999999999979e+01,-7.541063000000000294e+00,3.147785000000000011e+01,1.838026999999999944e+01,-8.434146000000000143e+00,3.938269999999999982e+01,4.122355000000000302e+01,-1.001971999999999952e+01,3.534279000000000224e+02,0.000000000000000000e+00,0.000000000000000000e+00
-5.092346000000000039e+00,-1.196733999999999964e+00,-2.542033999999999960e-02,-1.981792000000000087e+01,1.068738000000000099e+01,-5.149611000000000161e+00,2.240526000000000195e+01,9.028677000000000064e+00,-3.341709999999999958e+00,5.086229999999999762e+01,4.117249999999999943e+01,-1.457172999999999874e+01,3.424590999999999781e+02,0.000000000000000000e+00,0.000000000000000000e+00,-5.092346000000000039e+00,1.196733999999999964e+00,2.542033999999999960e-02,-2.710705999999999705e+01,9.844628999999999408e+00,-1.047826000000000057e+01,3.047264000000000195e+01,1.535077999999999854e+01,-9.694261000000000905e+00,4.372899999999999920e+01,3.162975999999999743e+01,-2.344321000000000055e+01,3.398396999999999935e+02,0.000000000000000000e+00,0.000000000000000000e+00
-4.588250000000000384e+00,-4.193872999999999629e-01,-5.737913000000000041e-01,-1.834270000000000067e+01,9.216186999999999685e+00,-8.342029000000000138e+00,2.389725999999999928e+01,7.195402000000000520e+00,-5.586344999999999672e+00,5.538095999999999464e+01,3.460819000000000045e+01,-1.844112000000000151e+01,3.370072999999999865e+02,0.000000000000000000e+00,0.000000000000000000e+00,-4.588250000000000384e+00,4.193872999999999629e-01,5.737913000000000041e-01,-2.628077000000000041e+01,8.774900000000000588e+00,-1.197503999999999991e+01,3.077965999999999624e+01,1.370222000000000051e+01,-9.845049000000001271e+00,5.060929999999999751e+01,2.656831999999999994e+01,-3.255028000000000077e+01,3.290964000000000169e+02,0.000000000000000000e+00,0.000000000000000000e+00
-4.114536000000000193e+00,-4.221114999999999728e-01,-5.745084999999999775e-01,-1.688004000000000104e+01,8.875907000000001545e+00,-1.006522000000000006e+01,2.502452000000000254e+01,5.886823000000000583e+00,-6.841758999999999702e+00,6.044783999999999935e+01,3.167170000000000130e+01,-1.990077999999999747e+01,3.341274000000000228e+02,0.000000000000000000e+00,0.000000000000000000e+00,-4.114536000000000193e+00,4.221114999999999728e-01,5.745084999999999775e-01,-2.604702999999999946e+01,9.247469000000000605e+00,-1.277898000000000067e+01,3.063094000000000250e+01,1.347020000000000017e+01,-1.052531999999999890e+01,5.132077999999999918e+01,2.578582999999999714e+01,-3.097742000000000218e+01,3.286612000000000080e+02,0.000000000000000000e+00,0.000000000000000000e+00
-4.115564000000000000e+00,-2.770082999999999851e-01,-1.087962000000000096e+00,-1.633582999999999785e+01,8.794275000000000730e+00,-1.014701999999999948e+01,2.590997000000000128e+01,5.930276000000000103e+00,-7.573707999999999885e+00,6.357150000000000034e+01,3.102720999999999663e+01,-1.898319000000000045e+01,3.322243000000000279e+02,0.000000000000000000e+00,0.000000000000000000e+00,-4.115564000000000000e+00,2.770082999999999851e-01,1.087962000000000096e+00,-2.506805999999999912e+01,8.543272999999999229e+00,-1.478147000000000055e+01,3.092687000000000097e+01,1.252118999999999893e+01,-9.806485999999999592e+00,5.372441999999999496e+01,2.501380999999999943e+01,-3.069600999999999758e+01,3.283962999999999965e+02,0.000000000000000000e+00,0.000000000000000000e+00
-4.115564000000000000e+00,-2.770082999999999851e-01,-1.087962000000000096e+00,-1.556072000000000166e+01,9.031534999999999869e+00,-1.041521999999999970e+01,2.653750999999999749e+01,5.948529999999999873e+00,-7.789333999999999314e+00,6.613851999999999975e+01,2.971764000000000294e+01,-1.916094999999999970e+01,3.315833999999999833e+02,0.000000000000000000e+00,0.000000000000000000e+00,-4.115564000000000000e+00,2.770082999999999851e-01,1.087962000000000096e+00,-2.457068999999999903e+01,8.240397999999999001e+00,-1.520527000000000051e+01,3.102709000000000117e+01,1.174371999999999971e+01,-9.917753999999998626e+00,5.517290999999999457e+01,2.425212000000000145e+01,-3.134765000000000157e+01,3.292710999999999899e+02,0.000000000000000000e+00,0.000000000000000000e+00
-3.603173000000000403e+00,-2.858603000000000116e-01,-1.088618000000000086e+00,-1.528662999999999883e+01,9.193096000000000600e+00,-1.112345000000000006e+01,2.658361999999999981e+01,5.722223000000000503e+00,-8.251523999999999859e+00,6.743210000000000548e+01,2.886372000000000071e+01,-1.793084999999999951e+01,3.348867999999999938e+02,0.000000000000000000e+00,0.000000000000000000e+00,-3.603173000000000403e+00,2.858603000000000116e-01,1.088618000000000086e+00,-2.430910000000000082e+01,7.934824000000000765e+00,-1.657469000000000037e+01,3.090275999999999712e+01,1.101641000000000048e+01,-1.066778000000000048e+01,5.681208000000000169e+01,2.347361000000000075e+01,-3.173715999999999937e+01,3.292447999999999979e+02,0.000000000000000000e+00,0.000000000000000000e+00
-3.064219000000000026e+00,1.235900000000000054e-01,-4.079460999999999782e-01,-1.608974999999999866e+01,8.062957000000000818e+00,-1.047930999999999990e+01,2.622145000000000081e+01,4.842442000000000135e+00,-7.894652000000000669e+00,6.897225000000000250e+01,2.824654999999999916e+01,-1.765981999999999985e+01,3.354392000000000280e+02,0.000000000000000000e+00,0.000000000000000000e+00,-3.064219000000000026e+00,-1.235900000000000054e-01,4.079460999999999782e-01,-2.514236999999999966e+01,7.381750999999999507e+00,-1.631061000000000050e+01,3.048584999999999923e+01,1.102439999999999998e+01,-1.010312000000000054e+01,5.922399999999999665e+01,2.383295999999999992e+01,-3.185547000000000040e+01,3.306240999999999985e+02,0.000000000000000000e+00,0.000000000000000000e+00
-3.062227999999999728e+00,6.730840999999999630e-01,-2.443932000000000326e-01,-1.674071999999999960e+01,7.328450999999999382e+00,-1.103353999999999857e+01,2.576482999999999990e+01,4.051029999999999909e+00,-8.030066999999998956e+00,6.950534000000000390e+01,2.758712999999999838e+01,-1.865201000000000064e+01,3.337201000000000022e+02,0.000000000000000000e+00,0.000000000000000000e+00,-3.062227999999999728e+00,-6.730840999999999630e-01,2.443932000000000326e-01,-2.516949999999999932e+01,7.271461999999999648e+00,-1.550164000000000009e+01,3.013654000000000366e+01,1.164488000000000056e+01,-9.624729999999999563e+00,6.052928000000000708e+01,2.325402000000000058e+01,-3.210665999999999798e+01,3.285629000000000133e+02,0.000000000000000000e+00,0.000000000000000000e+00
-3.260752000000000095e+00,6.749286999999999370e-01,-2.443465000000000220e-01,-1.677452999999999861e+01,6.698371000000000741e+00,-1.022222000000000008e+01,2.575110000000000099e+01,4.139361000000000068e+00,-7.851814999999999323e+00,6.895269999999999300e+01,2.732342000000000226e+01,-1.879983999999999966e+01,3.299997000000000185e+02,0.000000000000000000e+00,0.000000000000000000e+00,-3.260752000000000095e+00,-6.749286999999999370e-01,2.443465000000000220e-01,-2.510249999999999915e+01,6.622353999999999630e+00,-1.531878999999999991e+01,2.961036999999999964e+01,1.166763999999999868e+01,-9.627193999999999363e+00,6.162644000000000233e+01,2.275309999999999988e+01,-3.457952999999999832e+01,3.258702000000000112e+02,0.000000000000000000e+00,0.000000000000000000e+00
-3.260752000000000095e+00,6.749286999999999370e-01,-2.443465000000000220e-01,-1.684419000000000111e+01,6.802477000000000551e+00,-1.027203999999999873e+01,2.575110000000000099e+01,4.139361000000000068e+00,-7.851814999999999323e+00,6.926609000000000549e+01,2.602899999999999991e+01,-2.231079000000000079e+01,3.267361000000000217e+02,0.000000000000000000e+00,0.000000000000000000e+00,-3.260752000000000095e+00,-6.749286999999999370e-01,2.443465000000000220e-01,-2.489781999999999940e+01,6.664521999999999835e+00,-1.543144999999999989e+01,2.961036999999999964e+01,1.166763999999999868e+01,-9.627193999999999363e+00,6.156763000000000119e+01,2.241971000000000203e+01,-3.508970999999999663e+01,3.255154999999999745e+02,0.000000000000000000e+00,0.000000000000000000e+00
-3.260752000000000095e+00,6.749286999999999370e-01,-2.443465000000000220e-01,-1.678744000000000014e+01,6.238806999999999547e+00,-1.059921000000000113e+01,2.514877999999999858e+01,4.125333999999999612e+00,-7.620889999999999276e+00,7.096124000000000365e+01,2.516067999999999927e+01,-2.568697999999999837e+01,3.224395000000000095e+02,0.000000000000000000e+00,0.000000000000000000e+00,-3.260752000000000095e+00,-6.749286999999999370e-01,2.443465000000000220e-01,-2.476282999999999745e+01,6.670385000000000453e+00,-1.290711000000000119e+01,2.961036999999999964e+01,1.166763999999999868e+01,-9.627193999999999363e+00,6.150810999999999495e+01,2.190756999999999977e+01,-3.524560999999999922e+01,3.249076000000000022e+02,0.000000000000000000e+00,0.000000000000000000e+00
-3.260752000000000095e+00,6.749286999999999370e-01,-2.443465000000000220e-01,-1.715560999999999936e+01,5.987144999999999939e+00,-9.932252000000000081e+00,2.491216000000000008e+01,4.092519000000000240e+00,-7.676133000000000095e+00,7.185478000000000520e+01,2.513561999999999941e+01,-2.681722999999999857e+01,3.207638000000000034e+02,0.000000000000000000e+00,0.000000000000000000e+00,-3.260752000000000095e+00,-6.749286999999999370e-01,2.443465000000000220e-01,-2.479227999999999810e+01,6.921791999999999945e+00,-1.473942999999999870e+01,3.014270999999999745e+01,1.223963999999999963e+01,-9.623150000000000759e+00,6.147903000000000162e+01,2.175417999999999807e+01,-3.521572000000000457e+01,3.247724000000000046e+02,0.000000000000000000e+00,0.000000000000000000e+00
-3.252874000000000265e+00,8.160744000000000886e-01,-7.551645000000000163e-01,-1.744050000000000011e+01,6.332855999999999597e+00,-9.488493000000000066e+00,2.474207000000000178e+01,4.642462000000000089e+00,-7.636572999999999389e+00,7.078741999999999734e+01,2.507537999999999911e+01,-2.670373000000000019e+01,3.211261999999999830e+02,0.000000000000000000e+00,0.000000000000000000e+00,-3.252874000000000265e+00,-8.160744000000000886e-01,7.551645000000000163e-01,-2.419874000000000080e+01,6.400694999999999801e+00,-1.262368000000000023e+01,3.023048000000000002e+01,1.179483999999999888e+01,-9.366472999999999161e+00,6.225254000000000332e+01,2.133227000000000118e+01,-3.596094000000000079e+01,3.240040999999999940e+02,0.000000000000000000e+00,0.000000000000000000e+00
-2.954618999999999662e+00,1.772816999999999865e+00,8.281863000000000419e-02,-1.843721999999999994e+01,6.092360000000000220e+00,-1.076283999999999885e+01,2.368037999999999954e+01,3.754358999999999558e+00,-7.426216999999999402e+00,7.099448000000001002e+01,2.430360999999999905e+01,-2.810792999999999964e+01,3.187026999999999930e+02,0.000000000000000000e+00,0.000000000000000000e+00,-2.954618999999999662e+00,-1.772816999999999865e+00,-8.281863000000000419e-02,-2.257414999999999949e+01,7.345817000000000263e+00,-1.603444999999999965e+01,3.298445999999999856e+01,1.157001999999999953e+01,-1.101951999999999998e+01,5.889450000000000074e+01,2.101565000000000083e+01,-3.376259000000000299e+01,3.232026999999999930e+02,0.000000000000000000e+00,0.000000000000000000e+00
-4.237707000000000335e+00,2.857345999999999719e+00,4.096445999999999699e-01,-1.871409999999999840e+01,6.273973000000000688e+00,-1.021178000000000097e+01,2.250336000000000070e+01,4.685499000000000080e+00,-7.802672000000000274e+00,6.955703000000001168e+01,2.476732000000000156e+01,-2.747252999999999901e+01,3.183380999999999972e+02,0.000000000000000000e+00,0.000000000000000000e+00,-4.237707000000000335e+00,-2.857345999999999719e+00,-4.096445999999999699e-01,-2.233517000000000152e+01,7.575011999999999190e+00,-1.581791000000000125e+01,3.267162000000000432e+01,1.218686000000000114e+01,-1.145571999999999946e+01,5.655414999999999992e+01,2.118006000000000100e+01,-3.413512999999999664e+01,3.186723000000000070e+02,0.000000000000000000e+00,0.000000000000000000e+00
-4.996106000000000158e+00,3.274749000000000354e+00,1.085326000000000013e+00,-1.866325000000000145e+01,6.961792999999999232e+00,-1.171773999999999916e+01,2.293367000000000289e+01,4.506826999999999472e+00,-8.137912000000000035e+00,6.920152000000000214e+01,2.493554999999999922e+01,-2.719357999999999720e+01,3.184520999999999731e+02,0.000000000000000000e+00,0.000000000000000000e+00,-4.996106000000000158e+00,-3.274749000000000354e+00,-1.085326000000000013e+00,-2.423505000000000109e+01,9.000871999999999318e+00,-1.405911000000000044e+01,3.145717000000000141e+01,1.378749999999999964e+01,-1.097666000000000075e+01,5.727270000000000039e+01,2.385627000000000209e+01,-3.916695999999999600e+01,3.122131999999999721e+02,0.000000000000000000e+00,0.000000000000000000e+00
-5.194039000000000073e+00,3.276099000000000316e+00,1.084996999999999989e+00,-1.905001999999999995e+01,7.522077000000000346e+00,-1.196072000000000024e+01,2.224713999999999814e+01,5.122111000000000303e+00,-8.523996000000000350e+00,6.907520999999999844e+01,2.551379999999999981e+01,-2.712987000000000037e+01,3.189107000000000198e+02,0.000000000000000000e+00,0.000000000000000000e+00,-5.194039000000000073e+00,-3.276099000000000316e+00,-1.084996999999999989e+00,-2.600602999999999909e+01,1.099502999999999986e+01,-9.692759999999999820e+00,2.933317999999999870e+01,1.681932000000000116e+01,-1.134060000000000024e+01,6.334131000000000000e+01,2.731582000000000221e+01,-4.925919999999999987e+01,3.015926999999999794e+02,0.000000000000000000e+00,0.000000000000000000e+00
