-2.276321999999999957e+00,4.558810000000000251e+00,1.843420999999999976e+00,-2.479664999999999964e+01,1.217868999999999896e-01,-6.530058999999999614e+00,3.118382000000000076e+01,-3.456560000000000188e-01,-5.238906000000000063e+00,3.485450000000000159e+01,2.110678000000000054e+01,9.058835999999999000e-01,-3.679379000000000133e+02,0.000000000000000000e+00,0.000000000000000000e+00,-2.276321999999999957e+00,-4.558810000000000251e+00,-1.843420999999999976e+00,-2.004767999999999972e+01,4.991262999999999672e-01,4.339935999999999794e+00,3.331412999999999869e+01,-3.645460999999999840e-02,-1.121263000000000076e+01,3.043930999999999898e+01,2.526525000000000176e+01,1.399406000000000105e+01,-3.561788000000000238e+02,0.000000000000000000e+00,0.000000000000000000e+00
-1.899425999999999837e+00,4.537196999999999925e+00,1.843775999999999859e+00,-2.456712999999999880e+01,6.019859000000000737e-01,-5.436183999999999905e+00,3.156319000000000230e+01,-5.826780999999999766e-01,-4.891040000000000276e+00,4.036336000000000013e+01,2.352497999999999934e+01,-3.130124000000000350e+00,-3.749748999999999910e+02,0.000000000000000000e+00,0.000000000000000000e+00,-1.899425999999999837e+00,-4.537196999999999925e+00,-1.843775999999999859e+00,-1.942431000000000196e+01,6.737173000000000744e-01,4.155734999999999957e+00,3.327457000000000420e+01,2.328896000000000299e-01,-1.146811999999999898e+01,3.569097999999999615e+01,2.609336000000000055e+01,8.384583000000001007e+00,-3.636490999999999758e+02,0.000000000000000000e+00,0.000000000000000000e+00
-1.899425999999999837e+00,4.537196999999999925e+00,1.843775999999999859e+00,-2.432777000000000100e+01,1.078950999999999993e+00,-6.231870999999999938e+00,3.227235000000000298e+01,-4.893354999999999788e-01,-4.371547000000000516e+00,4.403962999999999539e+01,2.608324999999999960e+01,-4.120772000000000546e+00,-2.188094000000000108e+02,0.000000000000000000e+00,0.000000000000000000e+00,-1.899425999999999837e+00,-4.537196999999999925e+00,-1.843775999999999859e+00,-1.956706000000000145e+01,4.978407000000000249e-01,5.561825999999999937e+00,3.335104000000000468e+01,2.353862999999999928e-01,-1.111340000000000039e+01,3.998957999999999657e+01,2.794392999999999816e+01,4.461180999999999841e+00,-3.661107999999999834e+02,0.000000000000000000e+00,0.000000000000000000e+00
-1.948365000000000125e+00,4.919783999999999935e+00,2.270749000000000350e+00,-2.472991999999999990e+01,1.104586000000000068e+00,-5.464495999999999576e+00,3.263072999999999979e+01,-8.893641999999999381e-01,-3.667429000000000272e+00,4.759136999999999773e+01,2.762062999999999846e+01,-7.090577999999999825e+00,-2.234685000000000059e+02,0.000000000000000000e+00,0.000000000000000000e+00,-1.948365000000000125e+00,-4.919783999999999935e+00,-2.270749000000000350e+00,-1.918382000000000076e+01,7.586289000000000504e-01,7.430342999999999698e+00,3.373803000000000196e+01,4.286583999999999950e-01,-1.139744999999999919e+01,4.252360999999999791e+01,3.028344999999999843e+01,2.972068999999999850e+00,-3.671227999999999838e+02,0.000000000000000000e+00,0.000000000000000000e+00
-2.083279999999999799e+00,5.304667000000000243e+00,2.694049999999999834e+00,-2.303265000000000029e+01,4.440286000000000399e+00,-2.358722000000000207e+00,3.369057999999999709e+01,-1.032537999999999956e+00,-2.440265000000000128e+00,5.112779000000000451e+01,3.165527000000000157e+01,-8.896133999999999986e+00,-2.261802000000000135e+02,0.000000000000000000e+00,0.000000000000000000e+00,-2.083279999999999799e+00,-5.304667000000000243e+00,-2.694049999999999834e+00,-1.755479000000000056e+01,3.936856999999999829e+00,7.854905000000000470e+00,3.451225999999999772e+01,7.683763000000001231e-01,-1.120926000000000045e+01,4.797301999999999822e+01,3.348966000000000065e+01,-1.665016000000000052e+00,-3.727380999999999744e+02,0.000000000000000000e+00,0.000000000000000000e+00
-2.226554000000000144e+00,5.685420999999999836e+00,3.120934000000000097e+00,-2.347777999999999921e+01,4.489630000000000010e+00,-5.512315000000000076e+00,3.449499999999999744e+01,-7.087771999999999961e-01,-1.796127999999999947e+00,5.659396999999999878e+01,3.653732999999999720e+01,-1.454265000000000008e+01,-2.282247000000000128e+02,0.000000000000000000e+00,0.000000000000000000e+00,-2.226554000000000144e+00,-5.685420999999999836e+00,-3.120934000000000097e+00,-1.739982999999999791e+01,4.273711000000000482e+00,6.640492000000000061e+00,3.524002000000000123e+01,1.160676000000000041e+00,-1.096471000000000018e+01,5.377040000000000219e+01,3.776277000000000328e+01,-5.870772000000000546e+00,-3.781689000000000078e+02,0.000000000000000000e+00,0.000000000000000000e+00
-2.599704000000000015e+00,5.710658999999999708e+00,3.115816000000000141e+00,-2.343806000000000012e+01,5.588394000000000084e+00,-2.079293999999999976e+00,3.572167999999999921e+01,7.783771999999999913e-01,8.281486999999998835e-03,5.923649000000000342e+01,4.222576000000000107e+01,-1.820260999999999996e+01,-2.350544999999999902e+02,0.000000000000000000e+00,0.000000000000000000e+00,-2.599704000000000015e+00,-5.710658999999999708e+00,-3.115816000000000141e+00,-1.719797000000000153e+01,4.669508000000000436e+00,4.592862000000000222e+00,3.604464000000000112e+01,1.341902000000000150e+00,-1.042741000000000007e+01,5.974730000000000274e+01,4.184183000000000163e+01,-1.103583000000000069e+01,-3.831895999999999844e+02,0.000000000000000000e+00,0.000000000000000000e+00
-2.665599000000000274e+00,6.088996999999999993e+00,3.542491000000000501e+00,-2.419987000000000066e+01,6.852703999999999240e+00,-6.812603000000000408e-01,3.672858000000000089e+01,1.665300000000000002e+00,1.182482999999999951e+00,6.071260999999999797e+01,4.747700999999999993e+01,-2.004605000000000103e+01,-2.332297000000000082e+02,0.000000000000000000e+00,0.000000000000000000e+00,-2.665599000000000274e+00,-6.088996999999999993e+00,-3.542491000000000501e+00,-1.672909999999999897e+01,5.845553999999999917e+00,6.369533999999999807e+00,3.732465999999999440e+01,2.422366999999999937e+00,-1.147168999999999883e+01,6.355765000000000242e+01,4.697710000000000008e+01,-1.360989999999999966e+01,-3.830432000000000130e+02,0.000000000000000000e+00,0.000000000000000000e+00
-2.665599000000000274e+00,6.088996999999999993e+00,3.542491000000000501e+00,-2.422622000000000142e+01,8.643698999999999799e+00,9.933290999999999649e-01,3.859535000000000338e+01,3.547452999999999967e+00,1.530679000000000123e+00,6.131810999999999723e+01,5.197032999999999703e+01,-2.233164999999999978e+01,-3.938668999999999869e+02,0.000000000000000000e+00,0.000000000000000000e+00,-2.665599000000000274e+00,-6.088996999999999993e+00,-3.542491000000000501e+00,-1.700393000000000043e+01,6.595482999999999763e+00,8.411024000000001166e+00,3.744530000000000314e+01,3.315601000000000020e+00,-1.164363999999999955e+01,6.645349000000000217e+01,5.098349000000000331e+01,-1.651323000000000008e+01,1.774483999999999924e+03,0.000000000000000000e+00,0.000000000000000000e+00
-2.665599000000000274e+00,6.088996999999999993e+00,3.542491000000000501e+00,-2.543121999999999971e+01,1.050605999999999973e+01,3.112281999999999993e+00,3.962584000000000373e+01,5.861773999999999596e+00,1.644570000000000087e+00,6.215044000000000324e+01,5.782254000000000360e+01,-2.482909000000000077e+01,-2.370535999999999888e+02,0.000000000000000000e+00,0.000000000000000000e+00,-2.665599000000000274e+00,-6.088996999999999993e+00,-3.542491000000000501e+00,-1.762200999999999951e+01,7.565805000000000113e+00,8.205702999999999747e+00,3.810589000000000226e+01,4.660904000000000380e+00,-1.303420000000000023e+01,6.919031999999999982e+01,5.706980999999999682e+01,-1.957451999999999970e+01,-2.933340999999999710e+01,0.000000000000000000e+00,0.000000000000000000e+00
-2.599704000000000015e+00,5.710658999999999708e+00,3.115816000000000141e+00,-2.622795999999999594e+01,1.316385000000000005e+01,4.122177999999999898e+00,4.086769999999999925e+01,8.623283999999999949e+00,4.990470999999999657e-01,6.179450999999999539e+01,6.430738000000000909e+01,-2.502006000000000085e+01,-2.318860999999999990e+02,0.000000000000000000e+00,0.000000000000000000e+00,-2.599704000000000015e+00,-5.710658999999999708e+00,-3.115816000000000141e+00,-1.830377000000000010e+01,8.460259999999999891e+00,8.513635000000000730e+00,3.837277999999999878e+01,6.442232999999999876e+00,-1.377456000000000103e+01,7.057428000000000168e+01,6.334679000000000570e+01,-2.174416000000000082e+01,-2.883435000000000059e+01,0.000000000000000000e+00,0.000000000000000000e+00
-3.047036999999999995e+00,5.663688999999999751e+00,3.142241999999999980e+00,-2.778367000000000075e+01,1.468312999999999846e+01,8.916708999999999108e+00,4.245018999999999920e+01,1.187082000000000015e+01,-1.811842999999999926e-01,6.204103000000000634e+01,7.039836999999999989e+01,-2.586667999999999878e+01,-2.310190000000000055e+02,0.000000000000000000e+00,0.000000000000000000e+00,-3.047036999999999995e+00,-5.663688999999999751e+00,-3.142241999999999980e+00,-1.891844999999999999e+01,9.485517999999999006e+00,1.180963000000000029e+01,3.935437999999999903e+01,9.509642999999998736e+00,-1.475876000000000055e+01,7.232947000000000060e+01,6.895484000000000435e+01,-2.276716000000000051e+01,-2.993669000000000224e+01,0.000000000000000000e+00,0.000000000000000000e+00
-3.404841999999999924e+00,5.708008999999999666e+00,3.120887999999999884e+00,-2.957449000000000083e+01,1.621311999999999998e+01,1.220955000000000013e+01,4.366501999999999839e+01,1.522015000000000029e+01,-1.664525999999999950e+00,6.158635000000000304e+01,7.545641999999999427e+01,-2.726355999999999824e+01,-3.907898000000000138e+02,0.000000000000000000e+00,0.000000000000000000e+00,-3.404841999999999924e+00,-5.708008999999999666e+00,-3.120887999999999884e+00,-1.987352000000000274e+01,1.008201000000000036e+01,1.306843999999999895e+01,3.993965999999999639e+01,1.181850000000000023e+01,-1.481037000000000070e+01,7.345426999999999396e+01,7.461530999999999381e+01,-2.405067000000000021e+01,-2.921120999999999768e+01,0.000000000000000000e+00,0.000000000000000000e+00
-3.404841999999999924e+00,5.708008999999999666e+00,3.120887999999999884e+00,-3.086902999999999864e+01,1.735135999999999967e+01,1.362406000000000006e+01,4.449740999999999502e+01,1.753587999999999880e+01,-2.584407000000000121e+00,6.108145999999999987e+01,8.034463999999999828e+01,-2.727784000000000120e+01,-3.915579999999999927e+02,0.000000000000000000e+00,0.000000000000000000e+00,-3.404841999999999924e+00,-5.708008999999999666e+00,-3.120887999999999884e+00,-2.113174000000000063e+01,1.066125000000000078e+01,1.503650000000000020e+01,4.060520999999999958e+01,1.442951000000000050e+01,-1.600005000000000166e+01,7.431389000000000067e+01,7.981551999999999225e+01,-2.404546000000000205e+01,-2.925985999999999621e+01,0.000000000000000000e+00,0.000000000000000000e+00
-3.920597000000000332e+00,6.084524000000000044e+00,2.764942000000000011e+00,-3.301514000000000237e+01,1.842282000000000153e+01,1.747822999999999993e+01,4.492205999999999477e+01,2.128162999999999982e+01,-3.448157000000000139e+00,5.996264999999999645e+01,8.438245000000000573e+01,-2.825864000000000331e+01,-3.922183999999999742e+02,0.000000000000000000e+00,0.000000000000000000e+00,-3.920597000000000332e+00,-6.084524000000000044e+00,-2.764942000000000011e+00,-2.157477000000000089e+01,1.049526000000000003e+01,1.867943999999999960e+01,4.076100999999999885e+01,1.699165999999999954e+01,-1.554046000000000127e+01,7.556669999999999732e+01,8.493195000000000050e+01,-2.588087999999999766e+01,-3.020758000000000010e+01,0.000000000000000000e+00,0.000000000000000000e+00
-3.895770999999999873e+00,6.102848999999999968e+00,2.746954999999999814e+00,-3.475328999999999979e+01,1.960891000000000162e+01,1.951709999999999923e+01,4.537751000000000090e+01,2.302195999999999998e+01,-4.161553999999999753e+00,5.909120000000000061e+01,8.858978000000000463e+01,-2.876892999999999745e+01,-3.901027000000000271e+02,0.000000000000000000e+00,0.000000000000000000e+00,-3.895770999999999873e+00,-6.102848999999999968e+00,-2.746954999999999814e+00,-2.211317000000000021e+01,1.045069999999999943e+01,2.035661999999999949e+01,4.084660000000000224e+01,1.890777999999999892e+01,-1.609044000000000096e+01,7.571963000000000932e+01,8.945896999999999366e+01,-2.619003000000000014e+01,-3.201303000000000054e+01,0.000000000000000000e+00,0.000000000000000000e+00
-3.895770999999999873e+00,6.102848999999999968e+00,2.746954999999999814e+00,-3.732487000000000421e+01,2.086210000000000164e+01,2.164414999999999978e+01,4.676625999999999550e+01,2.486153999999999797e+01,-5.366932000000000258e+00,5.835674000000000206e+01,9.240773000000000081e+01,-2.881115999999999744e+01,-3.925178000000000225e+02,0.000000000000000000e+00,0.000000000000000000e+00,-3.895770999999999873e+00,-6.102848999999999968e+00,-2.746954999999999814e+00,-2.351474999999999937e+01,1.110922000000000054e+01,2.217737999999999943e+01,4.078450999999999738e+01,2.067056000000000182e+01,-1.621997000000000000e+01,7.644901000000000124e+01,9.450797000000000025e+01,-2.636657999999999902e+01,-3.062684000000000140e+01,0.000000000000000000e+00,0.000000000000000000e+00
-3.895770999999999873e+00,6.102848999999999968e+00,2.746954999999999814e+00,-3.895403999999999911e+01,2.115129999999999910e+01,2.533862999999999843e+01,4.767842999999999876e+01,2.683497000000000199e+01,-5.904180000000000206e+00,5.610173000000000343e+01,9.820857999999999777e+01,-2.936305000000000121e+01,-3.887216999999999985e+02,0.000000000000000000e+00,0.000000000000000000e+00,-3.895770999999999873e+00,-6.102848999999999968e+00,-2.746954999999999814e+00,-2.467082000000000264e+01,1.120842999999999989e+01,2.479300999999999888e+01,4.027752000000000265e+01,2.305156000000000205e+01,-1.601514999999999844e+01,7.650959000000000287e+01,9.891891999999999996e+01,-2.595636000000000010e+01,-2.944160999999999717e+01,0.000000000000000000e+00,0.000000000000000000e+00
-3.913080000000000336e+00,5.685431999999999597e+00,3.121779999999999777e+00,-4.073546999999999940e+01,2.153554000000000102e+01,2.699527000000000143e+01,4.841154999999999831e+01,2.788317999999999941e+01,-5.993458000000000396e+00,5.560904000000000025e+01,1.021265999999999963e+02,-2.982170999999999594e+01,-3.902126000000000090e+02,0.000000000000000000e+00,0.000000000000000000e+00,-3.913080000000000336e+00,-5.685431999999999597e+00,-3.121779999999999777e+00,-2.636655000000000015e+01,1.155213999999999963e+01,2.682444999999999879e+01,3.880312999999999590e+01,2.559965000000000046e+01,-1.539527000000000179e+01,7.578341000000000349e+01,1.030123999999999995e+02,-2.555142000000000024e+01,-3.082845999999999620e+01,0.000000000000000000e+00,0.000000000000000000e+00
-3.509826000000000334e+00,5.729392999999999958e+00,3.139384999999999870e+00,-4.171210999999999558e+01,2.138617999999999952e+01,2.697434000000000154e+01,4.906587000000000387e+01,2.880219999999999914e+01,-6.954485000000000916e+00,5.521345000000000169e+01,1.060280000000000058e+02,-3.020410999999999646e+01,-3.901587000000000103e+02,0.000000000000000000e+00,0.000000000000000000e+00,-3.509826000000000334e+00,-5.729392999999999958e+00,-3.139384999999999870e+00,-2.704039000000000215e+01,1.163241000000000014e+01,2.700762000000000285e+01,3.795758000000000010e+01,2.692126999999999981e+01,-1.505896000000000079e+01,7.495295000000000130e+01,1.063496999999999986e+02,-2.549374999999999858e+01,-3.064982000000000184e+01,0.000000000000000000e+00,0.000000000000000000e+00
-3.576501999999999626e+00,6.109976999999999769e+00,3.569294999999999884e+00,-4.365520000000000067e+01,2.122537999999999769e+01,2.898254000000000374e+01,4.890899000000000285e+01,3.027235999999999905e+01,-6.943980999999999959e+00,5.377761999999999887e+01,1.082896999999999963e+02,-3.000812999999999775e+01,-3.530134000000000327e+01,0.000000000000000000e+00,0.000000000000000000e+00,-3.576501999999999626e+00,-6.109976999999999769e+00,-3.569294999999999884e+00,-2.823577000000000226e+01,1.191225999999999985e+01,2.968279000000000067e+01,3.682121000000000066e+01,2.879990999999999701e+01,-1.383924000000000021e+01,7.414660000000000650e+01,1.099853999999999985e+02,-2.518179999999999907e+01,-3.197802000000000078e+01,0.000000000000000000e+00,0.000000000000000000e+00
-3.571508000000000127e+00,6.113347000000000087e+00,3.564140000000000086e+00,-4.444489999999999696e+01,2.066632999999999853e+01,3.110688000000000031e+01,4.857947999999999666e+01,3.145758000000000010e+01,-7.450408999999999615e+00,5.294491000000000014e+01,1.114506999999999977e+02,-3.199282000000000181e+01,-3.413033000000000072e+01,0.000000000000000000e+00,0.000000000000000000e+00,-3.571508000000000127e+00,-6.113347000000000087e+00,-3.564140000000000086e+00,-2.923242000000000118e+01,1.167253000000000007e+01,3.076217000000000112e+01,3.526300999999999419e+01,3.030897999999999826e+01,-1.294833999999999996e+01,7.342683999999999855e+01,1.129746999999999986e+02,-2.540812999999999988e+01,-3.404598000000000013e+01,0.000000000000000000e+00,0.000000000000000000e+00
-3.571508000000000127e+00,6.113347000000000087e+00,3.564140000000000086e+00,-4.549249999999999972e+01,2.023640999999999934e+01,3.161939000000000277e+01,4.805369000000000312e+01,3.268449999999999989e+01,-7.178194000000000408e+00,5.214240000000000208e+01,1.147158000000000015e+02,-3.253264000000000067e+01,-3.702933000000000163e+01,0.000000000000000000e+00,0.000000000000000000e+00,-3.571508000000000127e+00,-6.113347000000000087e+00,-3.564140000000000086e+00,-2.953529999999999944e+01,1.189104000000000028e+01,3.411202000000000112e+01,3.423089000000000226e+01,3.179914000000000129e+01,-1.160146999999999906e+01,7.177473000000000525e+01,1.154060000000000059e+02,-2.529394999999999882e+01,-3.355120000000000147e+01,0.000000000000000000e+00,0.000000000000000000e+00
-3.239558000000000160e+00,6.447284999999999933e+00,3.965444999999999887e+00,-4.602700000000000102e+01,2.042442999999999742e+01,3.304198000000000235e+01,4.730190999999999946e+01,3.338842000000000354e+01,-7.454049000000000369e+00,5.010417000000000343e+01,1.170831000000000017e+02,-3.426612999999999687e+01,-3.803401999999999816e+01,0.000000000000000000e+00,0.000000000000000000e+00,-3.239558000000000160e+00,-6.447284999999999933e+00,-3.965444999999999887e+00,-2.946549999999999869e+01,1.238583000000000034e+01,3.502107999999999777e+01,3.382875999999999550e+01,3.286502999999999730e+01,-1.143223000000000056e+01,7.159275999999999840e+01,1.172313000000000045e+02,-2.545074999999999932e+01,-3.443397999999999826e+01,0.000000000000000000e+00,0.000000000000000000e+00
-3.168306999999999984e+00,6.070755999999999375e+00,3.538853000000000026e+00,-4.716842000000000468e+01,2.034209999999999852e+01,3.399842999999999904e+01,4.697827000000000197e+01,3.464234000000000435e+01,-7.928358000000000239e+00,4.928732999999999720e+01,1.190574000000000012e+02,-3.463770999999999844e+01,-4.058793000000000006e+01,0.000000000000000000e+00,0.000000000000000000e+00,-3.168306999999999984e+00,-6.070755999999999375e+00,-3.538853000000000026e+00,-3.093192999999999770e+01,1.274660000000000082e+01,3.755467000000000155e+01,3.179785000000000039e+01,3.463474000000000075e+01,-9.549585000000000434e+00,7.003609000000000151e+01,1.200833999999999975e+02,-2.572015999999999991e+01,-2.574536000000000158e+01,0.000000000000000000e+00,0.000000000000000000e+00
-3.187615000000000087e+00,6.046005999999999325e+00,3.561911000000000271e+00,-4.841472000000000264e+01,1.987363999999999820e+01,3.516379000000000588e+01,4.559432000000000329e+01,3.585226000000000113e+01,-7.755816000000000265e+00,4.786597000000000435e+01,1.208486999999999938e+02,-3.604809999999999803e+01,-4.175177999999999656e+01,0.000000000000000000e+00,0.000000000000000000e+00,-3.187615000000000087e+00,-6.046005999999999325e+00,-3.561911000000000271e+00,-3.217840999999999951e+01,1.268283000000000094e+01,3.954856999999999800e+01,3.022640999999999778e+01,3.631702999999999548e+01,-8.212502999999999886e+00,6.837626999999999100e+01,1.230123999999999995e+02,-2.585419999999999874e+01,-3.553860999999999848e+01,0.000000000000000000e+00,0.000000000000000000e+00
-2.620061999999999891e+00,5.728861000000000203e+00,3.139056999999999764e+00,-4.866527999999999565e+01,1.976054999999999851e+01,3.581554000000000570e+01,4.495203000000000060e+01,3.690183999999999997e+01,-8.122830000000000439e+00,4.701001000000000118e+01,1.239103000000000065e+02,-3.537720999999999805e+01,-4.202477000000000373e+01,0.000000000000000000e+00,0.000000000000000000e+00,-2.620061999999999891e+00,-5.728861000000000203e+00,-3.139056999999999764e+00,-3.283757999999999555e+01,1.335872999999999955e+01,4.111392000000000024e+01,2.783924999999999983e+01,3.801994000000000540e+01,-6.698334000000000010e+00,6.689539000000000613e+01,1.238284000000000020e+02,-2.594327000000000183e+01,-3.758035000000000281e+01,0.000000000000000000e+00,0.000000000000000000e+00
-2.599704000000000015e+00,5.710658999999999708e+00,3.115816000000000141e+00,-4.942249999999999943e+01,1.870629999999999882e+01,3.709877000000000180e+01,4.289262999999999693e+01,3.877907000000000437e+01,-7.091961999999999655e+00,4.586070999999999742e+01,1.264463999999999970e+02,-3.620257999999999754e+01,-4.578699999999999903e+01,0.000000000000000000e+00,0.000000000000000000e+00,-2.599704000000000015e+00,-5.710658999999999708e+00,-3.115816000000000141e+00,-3.307567000000000235e+01,1.314642000000000088e+01,4.142614000000000374e+01,2.618822000000000116e+01,3.882567000000000235e+01,-5.510699999999999932e+00,6.602904000000000906e+01,1.253015999999999934e+02,-2.646307000000000187e+01,-4.073742000000000019e+01,0.000000000000000000e+00,0.000000000000000000e+00
-2.599704000000000015e+00,5.710658999999999708e+00,3.115816000000000141e+00,-5.132972000000000179e+01,1.824237999999999715e+01,3.898302000000000334e+01,4.082213000000000136e+01,4.063987000000000194e+01,-6.500594000000000428e+00,4.366812999999999789e+01,1.296533000000000015e+02,-3.825410000000000110e+01,-4.922744000000000142e+01,0.000000000000000000e+00,0.000000000000000000e+00,-2.599704000000000015e+00,-5.710658999999999708e+00,-3.115816000000000141e+00,-3.329422000000000281e+01,1.295791000000000004e+01,4.478896999999999906e+01,2.518147000000000091e+01,3.916275000000000261e+01,-4.350261999999999851e+00,6.456586999999998966e+01,1.262974999999999994e+02,-2.811412999999999940e+01,-4.206180999999999415e+01,0.000000000000000000e+00,0.000000000000000000e+00
-2.165077999999999836e+00,5.246527999999999636e+00,3.512958999999999499e+00,-5.330740999999999730e+01,1.406097000000000108e+01,3.944762999999999664e+01,3.798122999999999649e+01,4.225202999999999776e+01,-4.851987000000000272e+00,4.267186999999999841e+01,1.318187000000000069e+02,-4.023201999999999856e+01,-5.315588999999999942e+01,0.000000000000000000e+00,0.000000000000000000e+00,-2.165077999999999836e+00,-5.246527999999999636e+00,-3.512958999999999499e+00,-3.474266000000000076e+01,1.013654999999999973e+01,4.609680999999999784e+01,2.265472999999999715e+01,4.034615000000000151e+01,-3.029568999999999956e+00,6.331009000000000242e+01,1.277610999999999990e+02,-2.857420000000000115e+01,-4.302130999999999972e+01,0.000000000000000000e+00,0.000000000000000000e+00
-1.742623000000000033e+00,5.308517000000000152e+00,3.514053000000000093e+00,-5.370020999999999844e+01,1.414766000000000012e+01,4.120195999999999970e+01,3.578790000000000049e+01,4.369175999999999505e+01,-3.667176999999999687e+00,4.163759000000000299e+01,1.337038000000000011e+02,-4.199992000000000303e+01,-5.609449000000000041e+01,0.000000000000000000e+00,0.000000000000000000e+00,-1.742623000000000033e+00,-5.308517000000000152e+00,-3.514053000000000093e+00,-3.561590999999999951e+01,1.035529999999999973e+01,4.631808000000000192e+01,2.026450000000000173e+01,4.130828999999999951e+01,-9.579620000000000912e-01,6.219673000000000229e+01,1.288564000000000078e+02,-2.998122000000000043e+01,-4.567022000000000048e+01,0.000000000000000000e+00,0.000000000000000000e+00
-1.601729000000000180e+00,4.460348000000000646e+00,3.458201999999999554e+00,-5.273160999999999632e+01,1.353093999999999930e+01,4.267065000000000197e+01,3.433702000000000254e+01,4.491290999999999656e+01,-2.411624999999999908e+00,4.109640000000000271e+01,1.348444000000000074e+02,-4.312912999999999641e+01,-5.855930999999999642e+01,0.000000000000000000e+00,0.000000000000000000e+00,-1.601729000000000180e+00,-4.460348000000000646e+00,-3.458201999999999554e+00,-3.801519000000000403e+01,1.011992000000000047e+01,4.717634000000000327e+01,1.675857000000000241e+01,4.210247999999999990e+01,8.114335999999999771e-01,5.957645999999999731e+01,1.307656000000000063e+02,-3.093964000000000070e+01,-4.805745999999999896e+01,0.000000000000000000e+00,0.000000000000000000e+00
-1.223541999999999907e+00,4.449729000000000489e+00,3.458605999999999625e+00,-5.278333000000000652e+01,1.295480000000000054e+01,4.215288999999999930e+01,3.234429000000000087e+01,4.543657000000000323e+01,-1.781908000000000269e+00,3.972209999999999752e+01,1.356707000000000107e+02,-4.448850999999999800e+01,-6.041723999999999961e+01,0.000000000000000000e+00,0.000000000000000000e+00,-1.223541999999999907e+00,-4.449729000000000489e+00,-3.458605999999999625e+00,-3.871307999999999794e+01,1.054121000000000130e+01,4.926953999999999922e+01,1.374951000000000079e+01,4.271376000000000062e+01,2.896367999999999832e+00,5.810005999999999915e+01,1.319438000000000102e+02,-3.200583999999999918e+01,-5.130860999999999450e+01,0.000000000000000000e+00,0.000000000000000000e+00
-7.106151999999998914e-01,4.483871999999999858e+00,3.433655000000000346e+00,-5.348105000000000331e+01,1.266802999999999990e+01,4.400280000000000058e+01,3.023226999999999975e+01,4.631701999999999941e+01,-7.751326999999998968e-01,3.815442000000000178e+01,1.362581000000000131e+02,-4.613654000000000366e+01,-6.283200000000000074e+01,0.000000000000000000e+00,0.000000000000000000e+00,-7.106151999999998914e-01,-4.483871999999999858e+00,-3.433655000000000346e+00,-3.899267000000000394e+01,1.043153000000000041e+01,4.786128000000000071e+01,1.145393999999999934e+01,4.292117999999999967e+01,4.140183000000000391e+00,5.640050999999999704e+01,1.333115999999999985e+02,-3.328849999999999909e+01,-5.241929000000000372e+01,0.000000000000000000e+00,0.000000000000000000e+00
-5.788107000000000113e-01,3.658147000000000038e+00,3.404220999999999719e+00,-5.302315000000000111e+01,1.192942000000000036e+01,4.514632999999999896e+01,2.669245000000000090e+01,4.714325000000000188e+01,1.967727999999999922e+00,3.688672000000000395e+01,1.378367000000000075e+02,-4.807059000000000282e+01,-6.608630999999999744e+01,0.000000000000000000e+00,0.000000000000000000e+00,-5.788107000000000113e-01,-3.658147000000000038e+00,-3.404220999999999719e+00,-4.016179000000000343e+01,1.037710000000000043e+01,4.883342000000000382e+01,6.484553000000000011e+00,4.298543000000000092e+01,7.408894000000000091e+00,5.321406999999999243e+01,1.338514999999999873e+02,-3.652575000000000216e+01,-5.823556999999999562e+01,0.000000000000000000e+00,0.000000000000000000e+00
3.077816999999999914e-01,3.656948000000000309e+00,3.401264999999999983e+00,-5.394993000000000194e+01,1.194482999999999961e+01,4.483307999999999538e+01,2.296474999999999866e+01,4.798565999999999576e+01,4.152505000000000557e+00,3.460484000000000293e+01,1.381491000000000042e+02,-4.977894000000000574e+01,-6.908341000000000065e+01,0.000000000000000000e+00,0.000000000000000000e+00,3.077816999999999914e-01,-3.656948000000000309e+00,-3.401264999999999983e+00,-3.947035000000000338e+01,1.020046999999999926e+01,4.853279000000000565e+01,4.561487000000000513e+00,4.247200000000000131e+01,8.663724999999999454e+00,5.068572000000000344e+01,1.342429999999999950e+02,-3.865962999999999994e+01,-6.159759000000000384e+01,0.000000000000000000e+00,0.000000000000000000e+00
4.402872000000000452e-01,2.860695000000000210e+00,3.345259999999999678e+00,-5.352140999999999593e+01,1.076731999999999978e+01,4.654415999999999798e+01,1.876470000000000127e+01,4.943887999999999749e+01,7.375053000000000303e+00,3.160927999999999827e+01,1.395946000000000140e+02,-5.252270999999999646e+01,-7.433441999999999439e+01,0.000000000000000000e+00,0.000000000000000000e+00,4.402872000000000452e-01,-2.860695000000000210e+00,-3.345259999999999678e+00,-4.053941999999999979e+01,9.874678999999998652e+00,4.873134000000000299e+01,6.839581000000000133e-01,4.236580000000000013e+01,1.078630000000000067e+01,4.808164000000000016e+01,1.344850999999999885e+02,-4.161397000000000190e+01,-6.692203999999999553e+01,0.000000000000000000e+00,0.000000000000000000e+00
5.317920000000000424e-01,2.444309999999999761e+00,3.719508000000000258e+00,-5.312873000000000445e+01,9.801754999999999995e+00,4.848611999999999966e+01,1.379998999999999931e+01,5.025491999999999848e+01,1.118088000000000015e+01,2.800365000000000038e+01,1.403712999999999909e+02,-5.633016999999999541e+01,-8.152492999999999768e+01,0.000000000000000000e+00,0.000000000000000000e+00,5.317920000000000424e-01,-2.444309999999999761e+00,-3.719508000000000258e+00,-4.189887000000000228e+01,9.608886000000000038e+00,5.043395999999999901e+01,-2.085520000000000262e+00,4.230031999999999925e+01,1.247465000000000046e+01,4.472769000000000261e+01,1.358873000000000104e+02,-4.409484000000000492e+01,-7.067956999999999823e+01,0.000000000000000000e+00,0.000000000000000000e+00
5.347501000000000060e-01,2.391897999999999858e+00,3.716230999999999618e+00,-5.338660999999999746e+01,9.697024000000000754e+00,5.023644999999999783e+01,1.014738000000000007e+01,5.023169000000000040e+01,1.387216000000000093e+01,2.376271000000000200e+01,1.403848999999999876e+02,-6.058713000000000193e+01,-8.931055000000000632e+01,0.000000000000000000e+00,0.000000000000000000e+00,5.347501000000000060e-01,-2.391897999999999858e+00,-3.716230999999999618e+00,-4.236450999999999567e+01,9.300439000000000789e+00,5.105682999999999794e+01,-4.525942999999999827e+00,4.178867999999999938e+01,1.432172999999999874e+01,4.252569000000000443e+01,1.368828000000000031e+02,-4.678126999999999924e+01,-7.433983999999999526e+01,0.000000000000000000e+00,0.000000000000000000e+00
1.468344000000000094e+00,1.645120999999999833e+00,3.665184999999999693e+00,-5.222988000000000142e+01,9.692548000000000386e+00,4.911281999999999925e+01,8.291721000000000785e+00,5.039557999999999538e+01,1.520121000000000144e+01,2.275704999999999956e+01,1.402204000000000121e+02,-6.178189000000000419e+01,-9.267620999999999754e+01,0.000000000000000000e+00,0.000000000000000000e+00,1.468344000000000094e+00,-1.645120999999999833e+00,-3.665184999999999693e+00,-4.282236999999999938e+01,9.977586999999999762e+00,4.959640000000000271e+01,-6.254558999999999536e+00,4.200082000000000448e+01,1.463421000000000127e+01,3.966984999999999673e+01,1.364825999999999908e+02,-4.893160000000000309e+01,-7.698038000000001091e+01,0.000000000000000000e+00,0.000000000000000000e+00
1.894906000000000201e+00,1.626821999999999990e+00,3.666523000000000199e+00,-5.235166999999999859e+01,1.009604999999999997e+01,5.123422000000000054e+01,6.982130999999999865e+00,5.050050999999999846e+01,1.603920000000000101e+01,2.137303999999999959e+01,1.402506999999999948e+02,-6.285199999999999676e+01,-9.387869000000000597e+01,0.000000000000000000e+00,0.000000000000000000e+00,1.894906000000000201e+00,-1.626821999999999990e+00,-3.666523000000000199e+00,-4.325312000000000268e+01,1.000313000000000052e+01,4.960837000000000074e+01,-6.697474999999999845e+00,4.197827000000000197e+01,1.452226000000000106e+01,3.897764999999999702e+01,1.369401000000000010e+02,-4.893447000000000457e+01,-7.783043999999999585e+01,0.000000000000000000e+00,0.000000000000000000e+00
2.352815999999999796e+00,1.643723000000000045e+00,3.665413999999999728e+00,-5.216590999999999667e+01,9.782778999999999670e+00,5.133444000000000074e+01,6.674757999999999747e+00,5.048152999999999935e+01,1.598322999999999894e+01,2.088433999999999813e+01,1.404928999999999917e+02,-6.275378000000000611e+01,-9.385339999999999350e+01,0.000000000000000000e+00,0.000000000000000000e+00,2.352815999999999796e+00,-1.643723000000000045e+00,-3.665413999999999728e+00,-4.300502999999999787e+01,9.911071000000001519e+00,5.440350999999999715e+01,-7.234633999999999787e+00,4.241780999999999580e+01,1.486891000000000140e+01,3.862286999999999892e+01,1.377312000000000012e+02,-4.881936999999999927e+01,-7.736253999999999564e+01,0.000000000000000000e+00,0.000000000000000000e+00
2.370051999999999826e+00,1.617474000000000078e+00,3.689497000000000249e+00,-5.212603000000000009e+01,1.005333000000000077e+01,4.865892999999999802e+01,6.717250999999999195e+00,5.045532000000000039e+01,1.596352999999999867e+01,2.045009999999999906e+01,1.405708999999999946e+02,-6.310396000000000072e+01,-9.405741999999999337e+01,0.000000000000000000e+00,0.000000000000000000e+00,2.370051999999999826e+00,-1.617474000000000078e+00,-3.689497000000000249e+00,-4.321064000000000505e+01,1.015463999999999878e+01,4.991722999999999644e+01,-7.232594999999999885e+00,4.239044000000000523e+01,1.483605000000000018e+01,3.872775000000000034e+01,1.377516999999999996e+02,-4.826671999999999940e+01,-7.685781999999998959e+01,0.000000000000000000e+00,0.000000000000000000e+00
2.370051999999999826e+00,1.617474000000000078e+00,3.689497000000000249e+00,-5.243454000000000548e+01,1.008254999999999946e+01,4.865545999999999793e+01,6.717250999999999195e+00,5.045532000000000039e+01,1.596352999999999867e+01,2.076892999999999745e+01,1.404831000000000074e+02,-6.234184000000000481e+01,-9.329656999999998845e+01,0.000000000000000000e+00,0.000000000000000000e+00,2.370051999999999826e+00,-1.617474000000000078e+00,-3.689497000000000249e+00,-4.344677000000000078e+01,1.025616999999999912e+01,5.051088000000000022e+01,-7.265919999999999490e+00,4.256871999999999900e+01,1.495122000000000106e+01,3.895031999999999783e+01,1.376698000000000093e+02,-4.800999000000000194e+01,-7.746602000000000032e+01,0.000000000000000000e+00,0.000000000000000000e+00
2.370051999999999826e+00,1.617474000000000078e+00,3.689497000000000249e+00,-5.230248999999999882e+01,1.009726999999999997e+01,4.883737999999999602e+01,6.717250999999999195e+00,5.045532000000000039e+01,1.596352999999999867e+01,2.093795000000000073e+01,1.407034999999999911e+02,-6.199201000000000050e+01,-9.270611999999999853e+01,0.000000000000000000e+00,0.000000000000000000e+00,2.370051999999999826e+00,-1.617474000000000078e+00,-3.689497000000000249e+00,-4.344677000000000078e+01,1.025616999999999912e+01,5.051088000000000022e+01,-7.265919999999999490e+00,4.256871999999999900e+01,1.495122000000000106e+01,3.896782000000000323e+01,1.377483000000000004e+02,-4.797113000000000227e+01,-7.654430999999999585e+01,0.000000000000000000e+00,0.000000000000000000e+00
2.356504000000000154e+00,2.036040999999999990e+00,3.312941000000000358e+00,-5.305468000000000472e+01,1.101121999999999979e+01,4.920389999999999731e+01,6.385333999999999399e+00,5.093444999999999823e+01,1.564047999999999838e+01,2.179251999999999967e+01,1.409208999999999889e+02,-6.093304000000000542e+01,-9.201161000000000456e+01,0.000000000000000000e+00,0.000000000000000000e+00,2.356504000000000154e+00,-2.036040999999999990e+00,-3.312941000000000358e+00,-4.285728999999999900e+01,1.038414999999999999e+01,4.952040000000000219e+01,-6.556375000000000064e+00,4.220819999999999794e+01,1.433458999999999861e+01,3.904630999999999830e+01,1.369928999999999917e+02,-4.845409000000000077e+01,-7.772303000000000850e+01,0.000000000000000000e+00,0.000000000000000000e+00
2.273066000000000031e+00,2.033036999999999761e+00,3.313140000000000196e+00,-5.269205000000000183e+01,1.103914999999999935e+01,4.931945999999999941e+01,7.302363000000000604e+00,5.128220999999999918e+01,1.519519000000000020e+01,2.167409999999999926e+01,1.412584999999999980e+02,-6.100810999999999495e+01,-9.130235999999999308e+01,0.000000000000000000e+00,0.000000000000000000e+00,2.273066000000000031e+00,-2.033036999999999761e+00,-3.313140000000000196e+00,-4.293869000000000113e+01,1.033796000000000070e+01,4.965234999999999843e+01,-6.610897999999999719e+00,4.213927000000000334e+01,1.444092000000000198e+01,3.898027000000000442e+01,1.369193999999999960e+02,-4.866360999999999848e+01,-7.794852000000000203e+01,0.000000000000000000e+00,0.000000000000000000e+00
2.273066000000000031e+00,2.033036999999999761e+00,3.313140000000000196e+00,-5.281710999999999956e+01,1.119749000000000017e+01,4.964853000000000094e+01,7.331058999999999770e+00,5.160405999999999693e+01,1.519282999999999895e+01,2.207924999999999827e+01,1.415259000000000071e+02,-6.076573000000000491e+01,-9.083396000000000470e+01,0.000000000000000000e+00,0.000000000000000000e+00,2.273066000000000031e+00,-2.033036999999999761e+00,-3.313140000000000196e+00,-4.306809000000000509e+01,1.006308999999999898e+01,4.926153000000000048e+01,-6.670697000000000543e+00,4.182813000000000159e+01,1.446362999999999843e+01,3.822124999999999773e+01,1.371179999999999950e+02,-4.849739000000000289e+01,-7.760159000000000162e+01,0.000000000000000000e+00,0.000000000000000000e+00
2.697756000000000043e+00,2.070399000000000100e+00,3.312097000000000069e+00,-5.320705999999999847e+01,1.179166000000000025e+01,5.099575999999999709e+01,8.054434999999999789e+00,5.231837000000000160e+01,1.433547999999999867e+01,2.264834000000000103e+01,1.427318999999999960e+02,-5.980794999999999817e+01,-8.925748000000000104e+01,0.000000000000000000e+00,0.000000000000000000e+00,2.697756000000000043e+00,-2.070399000000000100e+00,-3.312097000000000069e+00,-4.321804999999999808e+01,1.072729999999999961e+01,4.934689000000000192e+01,-6.367486000000000423e+00,4.230660999999999916e+01,1.356282999999999817e+01,3.815169999999999817e+01,1.369963999999999942e+02,-4.787492999999999910e+01,-7.743751999999999214e+01,0.000000000000000000e+00,0.000000000000000000e+00
2.649394000000000027e+00,2.009611000000000036e+00,4.078549999999999898e+00,-5.282374999999999687e+01,1.142506999999999984e+01,4.965106000000000108e+01,7.039728999999999459e+00,5.168077000000000254e+01,1.510042000000000151e+01,2.268552999999999997e+01,1.422813999999999908e+02,-5.977006999999999692e+01,-8.978270999999999447e+01,0.000000000000000000e+00,0.000000000000000000e+00,2.649394000000000027e+00,-2.009611000000000036e+00,-4.078549999999999898e+00,-4.381130000000000280e+01,1.099223999999999890e+01,5.026171000000000078e+01,-6.552173000000000691e+00,4.306062000000000012e+01,1.375037000000000198e+01,3.853856999999999999e+01,1.378092000000000041e+02,-4.715769999999999840e+01,-7.663975000000000648e+01,0.000000000000000000e+00,0.000000000000000000e+00
2.670183999999999891e+00,1.924127000000000143e+00,4.188169000000000253e+00,-5.203322999999999610e+01,1.158381999999999934e+01,4.868880999999999659e+01,8.016975000000000406e+00,5.148147999999999769e+01,1.450290000000000035e+01,2.499832999999999927e+01,1.428769000000000062e+02,-5.750990000000000180e+01,-8.532368000000001018e+01,0.000000000000000000e+00,0.000000000000000000e+00,2.670183999999999891e+00,-1.924127000000000143e+00,-4.188169000000000253e+00,-4.327064000000000021e+01,1.105359999999999943e+01,5.104735000000000156e+01,-5.894244000000000483e+00,4.281197000000000230e+01,1.320570999999999984e+01,4.116223000000000098e+01,1.373375000000000057e+02,-4.384425999999999846e+01,-7.127736000000000161e+01,0.000000000000000000e+00,0.000000000000000000e+00
2.666018000000000221e+00,1.927999999999999936e+00,4.182116000000000611e+00,-5.140793000000000035e+01,1.261148999999999987e+01,4.796660999999999575e+01,1.083161999999999914e+01,5.086117000000000132e+01,1.187333999999999889e+01,2.879269999999999996e+01,1.417569000000000017e+02,-5.334669000000000239e+01,-7.817971999999998900e+01,0.000000000000000000e+00,0.000000000000000000e+00,2.666018000000000221e+00,-1.927999999999999936e+00,-4.182116000000000611e+00,-4.196703000000000117e+01,1.179676000000000080e+01,4.790411999999999892e+01,-4.035116999999999621e+00,4.262592999999999677e+01,1.081403000000000070e+01,4.605664000000000158e+01,1.352152000000000100e+02,-3.945464000000000482e+01,-6.603403000000000134e+01,0.000000000000000000e+00,0.000000000000000000e+00
2.618084999999999773e+00,2.372329999999999828e+00,4.610666000000000153e+00,-5.071650999999999954e+01,1.257652999999999999e+01,4.779189999999999827e+01,1.385854999999999926e+01,4.962087000000000359e+01,9.116573999999999955e+00,3.339262000000000086e+01,1.394967000000000041e+02,-4.945199999999999818e+01,-7.375155999999999779e+01,0.000000000000000000e+00,0.000000000000000000e+00,2.618084999999999773e+00,-2.372329999999999828e+00,-4.610666000000000153e+00,-4.053575000000000017e+01,1.240347000000000044e+01,4.684082999999999686e+01,-4.361399999999999721e-01,4.327820999999999430e+01,8.492585000000000051e+00,5.057715000000000316e+01,1.331603000000000065e+02,-3.536220999999999748e+01,-6.058050999999999675e+01,0.000000000000000000e+00,0.000000000000000000e+00
1.820190999999999892e+00,2.309461999999999904e+00,4.613165000000000404e+00,-4.996680999999999528e+01,1.301459000000000010e+01,4.650858000000000203e+01,1.706826000000000221e+01,4.804644000000000403e+01,7.417880999999999503e+00,3.611251000000000033e+01,1.372100000000000080e+02,-4.585961999999999961e+01,-7.020931000000000211e+01,0.000000000000000000e+00,0.000000000000000000e+00,1.820190999999999892e+00,-2.309461999999999904e+00,-4.613165000000000404e+00,-3.962107999999999919e+01,1.244621000000000066e+01,4.681075999999999482e+01,1.412484999999999991e+00,4.311865999999999843e+01,6.835157999999999845e+00,5.287773000000000678e+01,1.306289999999999907e+02,-3.356604000000000099e+01,-5.555604999999999905e+01,0.000000000000000000e+00,0.000000000000000000e+00
1.310767999999999933e+00,2.321841999999999739e+00,4.618354000000000070e+00,-4.821152000000000015e+01,1.239954999999999963e+01,4.311572000000000315e+01,2.085636000000000223e+01,4.569923000000000002e+01,5.529230999999999341e+00,4.014849000000000245e+01,1.344025000000000034e+02,-4.353519000000000005e+01,-6.530611999999999284e+01,0.000000000000000000e+00,0.000000000000000000e+00,1.310767999999999933e+00,-2.321841999999999739e+00,-4.618354000000000070e+00,-3.904930000000000234e+01,1.228787999999999947e+01,4.496641999999999939e+01,3.534473999999999894e+00,4.211627000000000010e+01,4.722741000000000078e+00,5.586956999999999596e+01,1.273170999999999964e+02,-3.156555999999999784e+01,-5.271764000000000294e+01,0.000000000000000000e+00,0.000000000000000000e+00
1.194395000000000095e+00,3.239155999999999924e+00,3.766353000000000062e+00,-4.786884000000000583e+01,1.359317000000000064e+01,3.943874000000000279e+01,2.462444999999999951e+01,4.336287999999999698e+01,2.272433000000000369e+00,4.311563999999999908e+01,1.310314999999999941e+02,-3.921642999999999546e+01,-5.836166000000000054e+01,0.000000000000000000e+00,0.000000000000000000e+00,1.194395000000000095e+00,-3.239155999999999924e+00,-3.766353000000000062e+00,-3.666423999999999950e+01,1.168048000000000108e+01,4.319369000000000369e+01,6.770191000000000514e+00,4.006935999999999609e+01,2.305790000000000006e+00,5.858534000000000219e+01,1.223255999999999943e+02,-2.918390000000000128e+01,-4.735932999999999993e+01,0.000000000000000000e+00,0.000000000000000000e+00
1.714222000000000246e-01,4.038287000000000404e+00,3.822258000000000155e+00,-4.747605999999999682e+01,1.325592999999999932e+01,3.775809000000000282e+01,2.802062000000000097e+01,4.120122999999999536e+01,7.755991999999999331e-01,4.528979000000000354e+01,1.275259999999999962e+02,-3.727507999999999555e+01,-5.445954000000000406e+01,0.000000000000000000e+00,0.000000000000000000e+00,1.714222000000000246e-01,-4.038287000000000404e+00,-3.822258000000000155e+00,-3.452900999999999954e+01,1.135591999999999935e+01,4.193484000000000123e+01,1.022236000000000011e+01,3.891225999999999630e+01,5.575010000000000243e-01,6.111091999999999302e+01,1.189959999999999951e+02,-2.797755000000000081e+01,-4.512474999999999881e+01,0.000000000000000000e+00,0.000000000000000000e+00
-7.112074000000000451e-01,4.067566000000000237e+00,3.800695999999999852e+00,-4.560884999999999678e+01,1.263258000000000081e+01,3.427494999999999692e+01,3.052669000000000210e+01,3.847200999999999738e+01,2.286592999999999820e-01,4.794200000000000017e+01,1.243034999999999997e+02,-3.590634000000000015e+01,-5.172637000000000285e+01,0.000000000000000000e+00,0.000000000000000000e+00,-7.112074000000000451e-01,-4.067566000000000237e+00,-3.800695999999999852e+00,-3.309714000000000311e+01,1.071915000000000084e+01,3.911124999999999829e+01,1.212297000000000047e+01,3.728213000000000221e+01,-1.121937000000000184e+00,6.278688000000000358e+01,1.157835000000000036e+02,-2.773532000000000153e+01,-4.286346999999999952e+01,0.000000000000000000e+00,0.000000000000000000e+00
-1.658536000000000010e+00,4.841578000000000159e+00,3.880446000000000062e+00,-4.475863999999999976e+01,1.176121000000000016e+01,3.314831999999999823e+01,3.146042000000000272e+01,3.588953000000000060e+01,6.587625999999999760e-01,4.850872999999999990e+01,1.206694999999999993e+02,-3.448286999999999836e+01,-4.860547000000000395e+01,0.000000000000000000e+00,0.000000000000000000e+00,-1.658536000000000010e+00,-4.841578000000000159e+00,-3.880446000000000062e+00,-3.103010000000000090e+01,9.737575999999998899e+00,3.714217999999999620e+01,1.451337000000000188e+01,3.544779000000000480e+01,-2.101420999999999761e+00,6.507008000000000436e+01,1.123686000000000007e+02,-2.747754000000000119e+01,-4.284056999999999960e+01,0.000000000000000000e+00,0.000000000000000000e+00
-1.732309000000000099e+00,4.868986000000000480e+00,3.855182000000000109e+00,-4.141544999999999987e+01,1.100496000000000052e+01,2.637304999999999922e+01,3.362355000000000160e+01,3.274267000000000394e+01,3.890210999999999530e-01,5.068957000000000335e+01,1.161099999999999994e+02,-3.359042999999999779e+01,-4.730890000000000128e+01,0.000000000000000000e+00,0.000000000000000000e+00,-1.732309000000000099e+00,-4.868986000000000480e+00,-3.855182000000000109e+00,-2.945660000000000167e+01,8.909041000000000210e+00,3.457822000000000173e+01,1.680838999999999928e+01,3.312687999999999988e+01,-3.914627999999999997e+00,6.652770999999999901e+01,1.082766000000000020e+02,-2.767929000000000173e+01,-4.228840000000000288e+01,0.000000000000000000e+00,0.000000000000000000e+00
-1.726127999999999885e+00,5.290199999999999569e+00,3.483025000000000038e+00,-3.771869000000000227e+01,1.531588999999999956e+01,2.608578999999999937e+01,3.544388000000000005e+01,3.078005999999999887e+01,-5.037749999999999728e-01,5.261284000000000560e+01,1.129549999999999983e+02,-3.299866000000000099e+01,-4.629635999999999996e+01,0.000000000000000000e+00,0.000000000000000000e+00,-1.726127999999999885e+00,-5.290199999999999569e+00,-3.483025000000000038e+00,-2.659335000000000093e+01,1.218996999999999886e+01,3.007335000000000136e+01,1.916162999999999883e+01,3.068137000000000114e+01,-5.480010000000000048e+00,6.819123000000000445e+01,1.043305000000000007e+02,-2.711924000000000134e+01,-4.308107000000000397e+01,0.000000000000000000e+00,0.000000000000000000e+00
-1.716727000000000114e+00,5.708096000000000281e+00,3.114725999999999662e+00,-3.593984000000000378e+01,1.605753999999999948e+01,2.403520999999999930e+01,3.700189000000000306e+01,2.871702000000000155e+01,-5.799463999999999730e-01,5.410190999999999661e+01,1.095784000000000020e+02,-3.168812999999999747e+01,-4.635520000000000351e+01,0.000000000000000000e+00,0.000000000000000000e+00,-1.716727000000000114e+00,-5.708096000000000281e+00,-3.114725999999999662e+00,-2.501602999999999710e+01,1.117205000000000048e+01,2.105187000000000097e+01,2.113650000000000162e+01,2.841042999999999807e+01,-6.482092999999999883e+00,6.984933000000000902e+01,1.016684999999999945e+02,-2.796444999999999936e+01,-4.250695999999999941e+01,0.000000000000000000e+00,0.000000000000000000e+00
-1.431599000000000066e+00,5.664901000000000408e+00,3.135327999999999893e+00,-3.421638000000000090e+01,1.602462999999999838e+01,2.144925999999999888e+01,3.809653000000000134e+01,2.609597999999999729e+01,-5.063748999999999612e-01,5.537781999999999272e+01,1.061693000000000069e+02,-3.037792999999999921e+01,-4.477295999999999765e+01,0.000000000000000000e+00,0.000000000000000000e+00,-1.431599000000000066e+00,-5.664901000000000408e+00,-3.135327999999999893e+00,-2.427045000000000030e+01,1.133056000000000019e+01,2.607352999999999810e+01,2.212476000000000198e+01,2.708577000000000012e+01,-7.578135999999999761e+00,7.098224000000000444e+01,9.902461999999999875e+01,-2.719255999999999673e+01,-4.203019000000000460e+01,0.000000000000000000e+00,0.000000000000000000e+00
-1.431599000000000066e+00,5.664901000000000408e+00,3.135327999999999893e+00,-3.246665999999999741e+01,1.538788999999999874e+01,1.992034999999999911e+01,3.844476999999999833e+01,2.430686999999999998e+01,2.533657999999999744e-01,5.595006999999999664e+01,1.032335000000000065e+02,-3.057134999999999891e+01,-4.504017999999999944e+01,0.000000000000000000e+00,0.000000000000000000e+00,-1.431599000000000066e+00,-5.664901000000000408e+00,-3.135327999999999893e+00,-2.394141000000000119e+01,1.109421999999999997e+01,2.491969999999999885e+01,2.278062000000000253e+01,2.604539000000000115e+01,-7.936758999999999453e+00,7.115355999999999881e+01,9.710587999999999909e+01,-2.640934000000000381e+01,-4.108599000000000245e+01,0.000000000000000000e+00,0.000000000000000000e+00
-1.433521999999999963e+00,5.661906000000000105e+00,3.139875999999999667e+00,-3.139005999999999830e+01,1.425997999999999877e+01,1.905968999999999980e+01,3.814607999999999777e+01,2.251181000000000054e+01,3.381994000000000389e-01,5.671070999999999884e+01,1.012596000000000060e+02,-3.027775999999999712e+01,-4.484084000000000003e+01,0.000000000000000000e+00,0.000000000000000000e+00,-1.433521999999999963e+00,-5.661906000000000105e+00,-3.139875999999999667e+00,-2.328734999999999999e+01,1.073000000000000043e+01,2.514122000000000057e+01,2.341873999999999967e+01,2.484695999999999927e+01,-8.318101999999999663e+00,7.063602000000000203e+01,9.513464999999999350e+01,-2.654542000000000002e+01,-3.979549999999999699e+01,0.000000000000000000e+00,0.000000000000000000e+00
-9.925510000000000721e-01,6.143009999999999415e+00,2.763533000000000239e+00,-3.134500999999999848e+01,1.363027000000000122e+01,1.676288999999999874e+01,3.666589000000000453e+01,2.068758000000000052e+01,2.081782999999999828e-01,5.671271999999999736e+01,9.956045000000000300e+01,-2.999074999999999847e+01,-4.247239000000000431e+01,0.000000000000000000e+00,0.000000000000000000e+00,-9.925510000000000721e-01,-6.143009999999999415e+00,-2.763533000000000239e+00,-2.213343000000000060e+01,1.030640000000000001e+01,2.312179000000000073e+01,2.471743999999999986e+01,2.315953999999999979e+01,-8.955378999999998868e+00,7.098770999999999276e+01,9.342473999999999990e+01,-2.677373000000000047e+01,-3.775077999999999889e+01,0.000000000000000000e+00,0.000000000000000000e+00
-9.843712999999999491e-01,6.125599000000000238e+00,2.743036000000000030e+00,-3.058150999999999797e+01,1.289653000000000027e+01,1.565852000000000110e+01,3.622818000000000183e+01,1.938289999999999935e+01,7.981340000000000101e-01,5.636925999999999704e+01,9.694946999999999093e+01,-3.123867000000000260e+01,-4.634099000000000501e+01,0.000000000000000000e+00,0.000000000000000000e+00,-9.843712999999999491e-01,-6.125599000000000238e+00,-2.743036000000000030e+00,-2.173281000000000063e+01,1.009201999999999977e+01,2.239718999999999838e+01,2.463728000000000051e+01,2.308005999999999958e+01,-8.827391000000000432e+00,7.147866999999999393e+01,9.165316999999998870e+01,-2.687065999999999732e+01,-3.930734999999999957e+01,0.000000000000000000e+00,0.000000000000000000e+00
-5.848098000000000463e-01,6.514427999999999663e+00,2.368079000000000267e+00,-2.997152000000000172e+01,1.146053000000000033e+01,1.357283999999999935e+01,3.513698000000000121e+01,1.830362999999999829e+01,8.957456999999999780e-01,5.624591999999999814e+01,9.626475000000000648e+01,-3.075799000000000305e+01,-4.484290000000000020e+01,0.000000000000000000e+00,0.000000000000000000e+00,-5.848098000000000463e-01,-6.514427999999999663e+00,-2.368079000000000267e+00,-2.071384000000000114e+01,9.906487000000000265e+00,2.148916000000000182e+01,2.504172999999999760e+01,2.204400000000000048e+01,-8.947891999999999513e+00,7.179049999999999443e+01,9.007171999999999912e+01,-2.739322999999999908e+01,-6.873933999999999855e+01,0.000000000000000000e+00,0.000000000000000000e+00
-9.844796999999998466e-01,6.169122999999999912e+00,1.943493999999999833e+00,-2.958594000000000079e+01,1.124169999999999980e+01,1.310275999999999996e+01,3.538002999999999787e+01,1.776116000000000028e+01,1.486855999999999955e+00,5.627316999999999325e+01,9.487860999999999478e+01,-3.051857000000000042e+01,-4.674492999999999654e+01,0.000000000000000000e+00,0.000000000000000000e+00,-9.844796999999998466e-01,-6.169122999999999912e+00,-1.943493999999999833e+00,-2.094852000000000203e+01,9.554142999999999830e+00,2.209486000000000061e+01,2.448284999999999911e+01,2.179007000000000005e+01,-8.335027000000000186e+00,7.172574000000000183e+01,8.961780999999999153e+01,-2.787347000000000108e+01,-3.981937999999999533e+01,0.000000000000000000e+00,0.000000000000000000e+00
-9.844796999999998466e-01,6.169122999999999912e+00,1.943493999999999833e+00,-2.852520999999999773e+01,1.187335999999999991e+01,1.200081999999999915e+01,3.587630000000000052e+01,1.648242999999999725e+01,1.346375000000000099e+00,5.640576000000000079e+01,9.226079000000000008e+01,-3.077322000000000202e+01,-4.652250999999999692e+01,0.000000000000000000e+00,0.000000000000000000e+00,-9.844796999999998466e-01,-6.169122999999999912e+00,-1.943493999999999833e+00,-2.013952000000000098e+01,9.409580999999999307e+00,1.984405999999999892e+01,2.530010000000000048e+01,2.009251000000000076e+01,-8.962405000000000399e+00,7.155818999999999619e+01,8.768220999999999776e+01,-2.774445000000000050e+01,-4.015212999999999965e+01,0.000000000000000000e+00,0.000000000000000000e+00
-9.012771000000000532e-01,6.165934000000000026e+00,1.943518000000000079e+00,-2.745512000000000086e+01,1.197977000000000025e+01,9.985860000000000625e+00,3.596732999999999691e+01,1.475337000000000032e+01,1.217610999999999999e+00,5.607925999999999789e+01,8.977718000000000131e+01,-3.024395999999999773e+01,-4.591185999999999723e+01,0.000000000000000000e+00,0.000000000000000000e+00,-9.012771000000000532e-01,-6.165934000000000026e+00,-1.943518000000000079e+00,-1.931259000000000015e+01,9.591538999999999149e+00,1.844199000000000055e+01,2.613025999999999982e+01,1.853262000000000143e+01,-9.880905000000000271e+00,7.069622999999999990e+01,8.327369000000000199e+01,-2.826217999999999719e+01,-4.185022000000000020e+01,0.000000000000000000e+00,0.000000000000000000e+00
-9.029258999999999480e-01,6.191904000000000075e+00,1.945254999999999956e+00,-2.679830999999999719e+01,1.146114999999999995e+01,8.203198999999999685e+00,3.693771999999999878e+01,1.318948999999999927e+01,5.383248000000000477e-01,5.558950999999999709e+01,8.713788999999999874e+01,-3.007759000000000071e+01,-4.645167999999999608e+01,0.000000000000000000e+00,0.000000000000000000e+00,-9.029258999999999480e-01,-6.191904000000000075e+00,-1.945254999999999956e+00,-1.888058999999999799e+01,9.008471999999999369e+00,1.609170999999999907e+01,2.676380999999999943e+01,1.684355000000000047e+01,-9.989041000000000281e+00,7.034626999999998986e+01,8.075043999999999755e+01,-2.903410999999999831e+01,-4.227015000000000100e+01,0.000000000000000000e+00,0.000000000000000000e+00
-1.408894000000000091e+00,6.138923000000000130e+00,1.944775999999999838e+00,-2.630380999999999858e+01,1.114677000000000007e+01,8.264078999999998842e+00,3.689846000000000004e+01,1.234663999999999895e+01,1.158638999999999974e+00,5.640576000000000079e+01,8.359168999999999983e+01,-3.106114000000000175e+01,-5.177862000000000364e+01,0.000000000000000000e+00,0.000000000000000000e+00,-1.408894000000000091e+00,-6.138923000000000130e+00,-1.944775999999999838e+00,-1.864457999999999771e+01,9.058989999999999654e+00,1.815237999999999730e+01,2.736270999999999631e+01,1.584606000000000137e+01,-9.990377000000000507e+00,7.016585999999999501e+01,7.814600000000000080e+01,-2.956187999999999860e+01,-4.374459000000000231e+01,0.000000000000000000e+00,0.000000000000000000e+00
-1.408894000000000091e+00,6.138923000000000130e+00,1.944775999999999838e+00,-2.524581000000000230e+01,1.076496999999999993e+01,5.935230000000000672e+00,3.704520999999999731e+01,1.006558000000000064e+01,7.860734999999999806e-01,5.611754000000000531e+01,8.021249000000000251e+01,-3.074900999999999840e+01,-5.188837999999999795e+01,0.000000000000000000e+00,0.000000000000000000e+00,-1.408894000000000091e+00,-6.138923000000000130e+00,-1.944775999999999838e+00,-1.846942999999999913e+01,9.010891000000000872e+00,1.490784999999999982e+01,2.749700999999999596e+01,1.420066000000000095e+01,-1.013823999999999970e+01,6.969259999999999877e+01,7.460653000000000645e+01,-2.956934000000000395e+01,-4.366834000000000060e+01,0.000000000000000000e+00,0.000000000000000000e+00
-1.786104999999999832e+00,6.171737000000000251e+00,1.944586999999999843e+00,-2.496073999999999771e+01,9.981225999999999487e+00,5.510454000000000185e+00,3.739997999999999934e+01,8.570503999999999678e+00,1.337790999999999952e+00,5.574936999999999188e+01,7.705070000000000618e+01,-2.953314999999999912e+01,-4.997865000000000180e+01,0.000000000000000000e+00,0.000000000000000000e+00,-1.786104999999999832e+00,-6.171737000000000251e+00,-1.944586999999999843e+00,-1.838101999999999947e+01,8.562158999999999409e+00,1.395337000000000138e+01,2.802114999999999867e+01,1.299727000000000032e+01,-1.000366999999999962e+01,6.903716000000000008e+01,7.218798999999999921e+01,-2.926582000000000150e+01,-4.213653000000000048e+01,0.000000000000000000e+00,0.000000000000000000e+00
-1.788638999999999868e+00,6.169948000000000654e+00,1.947402999999999773e+00,-2.451347999999999772e+01,9.981736999999998972e+00,3.401111000000000217e+00,3.784667000000000314e+01,7.504227999999999454e+00,1.338624999999999954e+00,5.582608000000000459e+01,7.585998000000000729e+01,-2.977182000000000173e+01,-4.922554000000000229e+01,0.000000000000000000e+00,0.000000000000000000e+00,-1.788638999999999868e+00,-6.169948000000000654e+00,-1.947402999999999773e+00,-1.808262000000000214e+01,8.525730000000001141e+00,1.240638000000000041e+01,2.885097000000000023e+01,1.196349999999999980e+01,-1.031024999999999991e+01,6.882399000000000910e+01,7.052060999999999069e+01,-2.900155000000000172e+01,-4.101675999999999789e+01,0.000000000000000000e+00,0.000000000000000000e+00
-1.788638999999999868e+00,6.169948000000000654e+00,1.947402999999999773e+00,-2.442746999999999957e+01,9.771995000000000431e+00,4.224841999999999764e+00,3.791882999999999981e+01,6.926147999999999527e+00,1.024870000000000170e+00,5.582374000000000080e+01,7.462373999999999796e+01,-2.965805999999999898e+01,-4.867781000000000091e+01,0.000000000000000000e+00,0.000000000000000000e+00,-1.788638999999999868e+00,-6.169948000000000654e+00,-1.947402999999999773e+00,-1.805856999999999957e+01,8.419349999999999667e+00,1.267341000000000051e+01,2.899019000000000190e+01,1.140921999999999947e+01,-1.040018000000000065e+01,6.852320999999999174e+01,6.932383000000000095e+01,-2.900441999999999965e+01,-4.117723000000000155e+01,0.000000000000000000e+00,0.000000000000000000e+00
-1.788638999999999868e+00,6.169948000000000654e+00,1.947402999999999773e+00,-2.440405000000000157e+01,1.001208999999999882e+01,3.237627000000000255e+00,3.787908000000000186e+01,6.823808000000000540e+00,1.313988999999999852e+00,5.581446999999999292e+01,7.323261999999999716e+01,-2.949620999999999782e+01,-4.883411999999999864e+01,0.000000000000000000e+00,0.000000000000000000e+00,-1.788638999999999868e+00,-6.169948000000000654e+00,-1.947402999999999773e+00,-1.789267999999999859e+01,8.383905999999999636e+00,1.209811000000000014e+01,2.957420000000000115e+01,1.079096000000000011e+01,-1.006179999999999986e+01,6.839943000000000950e+01,6.821058000000000732e+01,-2.875165999999999755e+01,-4.415999000000000052e+01,0.000000000000000000e+00,0.000000000000000000e+00
-1.702881000000000089e+00,6.168523000000000422e+00,1.944649999999999990e+00,-2.478522999999999854e+01,1.012146000000000079e+01,3.359107999999999983e+00,3.780142999999999631e+01,6.253954000000000235e+00,1.823945000000000149e+00,5.400313000000000585e+01,7.070024999999999693e+01,-2.804850000000000065e+01,-4.653358000000000061e+01,0.000000000000000000e+00,0.000000000000000000e+00,-1.702881000000000089e+00,-6.168523000000000422e+00,-1.944649999999999990e+00,-1.794742000000000104e+01,8.225172999999999845e+00,1.128141000000000105e+01,2.972864000000000217e+01,9.403861000000000914e+00,-1.019345000000000034e+01,6.767726999999999293e+01,6.626748000000000616e+01,-2.874480999999999753e+01,-4.483449999999999847e+01,0.000000000000000000e+00,0.000000000000000000e+00
-1.726347000000000076e+00,5.746663999999999994e+00,2.320758000000000099e+00,-2.430013999999999896e+01,1.000712000000000046e+01,6.806265000000000231e-01,3.753230999999999540e+01,4.188002000000000002e+00,1.660597000000000101e+00,5.356419999999999959e+01,6.621259999999999479e+01,-2.681917999999999935e+01,-4.655429999999999779e+01,0.000000000000000000e+00,0.000000000000000000e+00,-1.726347000000000076e+00,-5.746663999999999994e+00,-2.320758000000000099e+00,-1.849937999999999860e+01,7.934760000000000701e+00,2.049940000000000140e+01,2.932800999999999902e+01,8.363234000000000279e+00,-1.007728999999999964e+01,6.593899999999999295e+01,6.258121999999999474e+01,-2.827468000000000004e+01,-3.970213999999999999e+01,0.000000000000000000e+00,0.000000000000000000e+00
-1.737356000000000122e+00,5.762795999999999808e+00,2.334718000000000071e+00,-2.343085999999999913e+01,9.039626000000000161e+00,-5.458066999999998670e-01,3.727615000000000123e+01,3.066891000000000034e+00,1.019625000000000004e+00,5.287816999999999723e+01,6.118103000000000691e+01,-2.613409000000000049e+01,-4.515597999999999956e+01,0.000000000000000000e+00,0.000000000000000000e+00,-1.737356000000000122e+00,-5.762795999999999808e+00,-2.334718000000000071e+00,-1.806963000000000008e+01,7.493510000000000559e+00,1.034060999999999986e+01,3.012445999999999913e+01,6.692660000000000942e+00,-9.880494000000000554e+00,6.421116999999999564e+01,5.825039000000000300e+01,-2.723380999999999830e+01,-3.884863000000000000e+01,0.000000000000000000e+00,0.000000000000000000e+00
-1.784902999999999906e+00,6.128288999999999653e+00,2.744632000000000183e+00,-2.359991000000000128e+01,8.651308999999999472e+00,-2.534333000000000169e+00,3.699278999999999940e+01,1.008515999999999968e+00,1.246593999999999980e+00,5.147375999999999863e+01,5.562283000000000754e+01,-2.455388999999999911e+01,-4.541232999999999720e+01,0.000000000000000000e+00,0.000000000000000000e+00,-1.784902999999999906e+00,-6.128288999999999653e+00,-2.744632000000000183e+00,-1.773149000000000086e+01,7.614788000000000778e+00,9.999235999999999791e+00,3.062930999999999671e+01,5.820166999999999646e+00,-9.621857000000000326e+00,6.143619000000000341e+01,5.454249000000000080e+01,-2.460243999999999787e+01,-3.376900999999999442e+01,0.000000000000000000e+00,0.000000000000000000e+00
-1.796516000000000002e+00,6.147434999999999761e+00,2.761131999999999920e+00,-2.353646000000000171e+01,7.681810000000000471e+00,-3.541224999999999845e+00,3.663174000000000063e+01,-1.373025000000000218e-01,1.134608999999999979e+00,4.962057000000000073e+01,5.171403000000000105e+01,-2.290224999999999866e+01,-4.123100000000000165e+01,0.000000000000000000e+00,0.000000000000000000e+00,-1.796516000000000002e+00,-6.147434999999999761e+00,-2.761131999999999920e+00,-1.790174000000000021e+01,7.272108000000000239e+00,9.084778999999999272e+00,3.070505999999999602e+01,4.486023999999999567e+00,-9.469225999999999033e+00,5.836990000000000123e+01,5.091562000000000410e+01,-2.289647000000000077e+01,-3.337684000000000140e+01,0.000000000000000000e+00,0.000000000000000000e+00
-1.814108999999999972e+00,5.728265000000000384e+00,3.137856999999999896e+00,-2.280227999999999966e+01,7.450247000000000064e+00,-3.334709999999999841e+00,3.633970999999999663e+01,-1.079879999999999951e+00,9.061011999999998290e-01,4.914399000000000228e+01,4.720786999999999978e+01,-2.175215999999999994e+01,-4.051205999999999818e+01,0.000000000000000000e+00,0.000000000000000000e+00,-1.814108999999999972e+00,-5.728265000000000384e+00,-3.137856999999999896e+00,-1.797024000000000044e+01,7.761052000000000284e+00,8.507839999999999847e+00,3.106400999999999613e+01,3.490200000000000191e+00,-9.434146000000000143e+00,5.562191999999999581e+01,4.669201999999999941e+01,-2.015875000000000128e+01,-2.892430999999999841e+01,0.000000000000000000e+00,0.000000000000000000e+00
-1.880756000000000094e+00,6.109027999999999459e+00,3.567558999999999703e+00,-2.285153000000000034e+01,6.795722999999999736e+00,-4.812908999999999438e+00,3.606537999999999755e+01,-1.854897000000000018e+00,9.063805000000000334e-01,4.857074000000000069e+01,4.290843999999999880e+01,-2.181183000000000050e+01,-4.040780000000000172e+01,0.000000000000000000e+00,0.000000000000000000e+00,-1.880756000000000094e+00,-6.109027999999999459e+00,-3.567558999999999703e+00,-1.761537999999999826e+01,7.754608999999999419e+00,7.347132000000001106e+00,3.164934999999999832e+01,3.154298999999999964e+00,-9.313973999999999975e+00,5.295081999999999312e+01,4.396197000000000088e+01,-1.781144000000000105e+01,-2.449330000000000140e+01,0.000000000000000000e+00,0.000000000000000000e+00
-1.880756000000000094e+00,6.109027999999999459e+00,3.567558999999999703e+00,-2.298335000000000150e+01,6.748207000000000733e+00,-4.657916999999999419e+00,3.606537999999999755e+01,-1.854897000000000018e+00,9.063805000000000334e-01,4.807317000000000462e+01,3.872838000000000136e+01,-2.213484000000000052e+01,-4.091638999999999982e+01,0.000000000000000000e+00,0.000000000000000000e+00,-1.880756000000000094e+00,-6.109027999999999459e+00,-3.567558999999999703e+00,-1.798950999999999922e+01,7.668941999999999481e+00,7.261638000000000481e+00,3.173236999999999952e+01,2.619234000000000062e+00,-9.488329000000000235e+00,5.031712000000000273e+01,4.059452000000000282e+01,-1.506564999999999976e+01,-2.182893000000000029e+03,0.000000000000000000e+00,0.000000000000000000e+00
-1.878229999999999844e+00,6.112413000000000096e+00,3.562403999999999904e+00,-2.232404000000000011e+01,6.486606000000000094e+00,-4.341199999999999726e+00,3.538662000000000063e+01,-1.956180000000000030e+00,1.399009999999999976e-01,4.714020000000000010e+01,3.431837999999999766e+01,-2.146924999999999883e+01,-3.949104000000000525e+01,0.000000000000000000e+00,0.000000000000000000e+00,-1.878229999999999844e+00,-6.112413000000000096e+00,-3.562403999999999904e+00,-1.746931000000000012e+01,7.291322999999999332e+00,6.303691000000000599e+00,3.161489000000000260e+01,1.812177000000000149e+00,-9.493585000000001273e+00,4.681730000000000302e+01,3.731259000000000015e+01,-1.117391999999999896e+01,-3.786738000000000284e+02,0.000000000000000000e+00,0.000000000000000000e+00
-2.033859000000000083e+00,6.492239999999999789e+00,3.991706999999999894e+00,-2.292869999999999919e+01,5.505503000000000036e+00,-5.185920999999999559e+00,3.469700999999999880e+01,-2.208234999999999726e+00,-1.774791000000000285e-01,4.493215000000000003e+01,3.114792999999999878e+01,-2.049624000000000024e+01,-3.947663000000000011e+02,0.000000000000000000e+00,0.000000000000000000e+00,-2.033859000000000083e+00,-6.492239999999999789e+00,-3.991706999999999894e+00,-1.724702000000000268e+01,6.701630000000000642e+00,6.291161999999999921e+00,3.196602000000000032e+01,1.697981000000000185e+00,-9.244082000000000576e+00,4.351605999999999597e+01,3.614250999999999436e+01,-8.447911999999998756e+00,-3.741786999999999921e+02,0.000000000000000000e+00,0.000000000000000000e+00
-2.033859000000000083e+00,6.492239999999999789e+00,3.991706999999999894e+00,-2.314424999999999955e+01,5.689188999999999830e+00,-3.978606999999999783e+00,3.343879000000000445e+01,-1.069315000000000015e+00,-3.480230000000000268e-01,4.076935000000000286e+01,2.737105999999999639e+01,-1.789061000000000234e+01,-3.875851000000000113e+02,0.000000000000000000e+00,0.000000000000000000e+00,-2.033859000000000083e+00,-6.492239999999999789e+00,-3.991706999999999894e+00,-1.732500999999999891e+01,6.494528999999999996e+00,6.039676999999999296e+00,3.188636999999999944e+01,9.941975000000000673e-01,-9.125283999999998841e+00,3.881468999999999880e+01,3.397407000000000465e+01,-3.543198000000000292e+00,-3.682463999999999942e+02,0.000000000000000000e+00,0.000000000000000000e+00
-2.052954999999999863e+00,6.044812999999999548e+00,4.388183999999999862e+00,-2.269574000000000069e+01,5.278108000000000466e+00,-4.634318000000000382e+00,3.157754999999999868e+01,-2.712872000000000061e-01,-1.244529999999999914e+00,3.339723000000000042e+01,2.216705999999999932e+01,-1.159980999999999973e+01,-3.768870999999999754e+02,0.000000000000000000e+00,0.000000000000000000e+00,-2.052954999999999863e+00,-6.044812999999999548e+00,-4.388183999999999862e+00,-1.775723999999999947e+01,6.489792999999999701e+00,6.224819999999999354e+00,3.144487000000000165e+01,1.356970999999999927e+00,-9.288420000000000343e+00,3.110787999999999798e+01,3.042644999999999911e+01,4.207537000000000305e+00,-3.604952000000000112e+02,0.000000000000000000e+00,0.000000000000000000e+00
-1.160127000000000130e+00,6.019766000000000616e+00,4.440118000000000009e+00,-2.158902000000000143e+01,5.854848999999999748e+00,-5.413973999999999620e+00,3.117214999999999847e+01,-2.597570000000000157e-01,-3.755189000000000110e+00,1.918801000000000201e+01,1.788785000000000025e+01,3.105331000000000063e+00,-3.567860000000000014e+02,0.000000000000000000e+00,0.000000000000000000e+00,-1.160127000000000130e+00,-6.019766000000000616e+00,-4.440118000000000009e+00,-1.692870999999999881e+01,6.242477000000000054e+00,4.308779000000000359e+00,3.177890999999999622e+01,-7.545370999999999329e-02,-1.078345000000000020e+01,2.137094000000000094e+01,2.896002999999999972e+01,1.547552999999999912e+01,-3.440129999999999768e+02,0.000000000000000000e+00,0.000000000000000000e+00
-1.244151000000000007e+00,5.945073999999999970e+00,5.266669999999999519e+00,-2.007457000000000136e+01,6.420510000000000161e+00,-7.621322000000000152e+00,3.316784000000000532e+01,-2.604055999999999926e+00,-3.993055000000000465e+00,1.811663999999999941e+00,2.081015999999999977e+01,2.423072000000000159e+01,-3.304965000000000259e+02,0.000000000000000000e+00,0.000000000000000000e+00,-1.244151000000000007e+00,-5.945073999999999970e+00,-5.266669999999999519e+00,-1.650835000000000008e+01,7.969161999999999857e+00,3.358492000000000033e+00,3.283317999999999870e+01,-6.242514000000000118e-01,-1.122693999999999903e+01,1.334270000000000067e+01,3.668904000000000565e+01,3.059617000000000075e+01,-3.220278999999999883e+02,0.000000000000000000e+00,0.000000000000000000e+00
-7.769778000000000517e-01,5.943975000000000009e+00,4.436020000000000074e+00,-1.976062999999999903e+01,8.935257000000000005e+00,-9.129696000000000922e+00,3.306145999999999674e+01,-1.470030999999999866e+00,-6.726099000000000494e+00,-6.783435000000000770e+00,3.285013000000000005e+01,4.283485000000000298e+01,-3.113690000000000282e+02,0.000000000000000000e+00,0.000000000000000000e+00,-7.769778000000000517e-01,-5.943975000000000009e+00,-4.436020000000000074e+00,-1.572726000000000113e+01,9.118671000000000859e+00,4.435311000000000448e+00,3.391755999999999460e+01,-3.352689000000000363e-01,-1.266760000000000019e+01,1.028800000000000026e+01,4.483896000000000015e+01,4.403112000000000137e+01,-3.087348000000000070e+02,0.000000000000000000e+00,0.000000000000000000e+00
-4.974258000000000152e-02,5.307468000000000075e+00,3.504045999999999772e+00,-2.178062999999999860e+01,7.202669000000000210e+00,-7.570974000000000537e+00,3.187057000000000073e+01,-4.683841999999999867e-02,-8.660957000000001571e+00,-8.111744999999999095e+00,3.425630999999999915e+01,4.897509000000000157e+01,-3.097783999999999764e+02,0.000000000000000000e+00,0.000000000000000000e+00,-4.974258000000000152e-02,-5.307468000000000075e+00,-3.504045999999999772e+00,-1.722982999999999976e+01,6.171355999999999398e+00,2.854933000000000387e+00,3.331824000000000296e+01,-9.100613000000000452e-02,-1.316310000000000002e+01,6.463155999999999679e+00,4.170367000000000246e+01,4.541559000000000168e+01,-3.114805999999999813e+02,0.000000000000000000e+00,0.000000000000000000e+00
9.631317999999999824e-02,4.877847000000000044e+00,3.078044999999999920e+00,-2.182348999999999961e+01,6.604075999999999169e+00,-9.579577999999999705e+00,3.169425000000000026e+01,-9.271559999999999802e-01,-8.110988000000000753e+00,-6.940205000000000624e+00,2.269158999999999793e+01,4.209476000000000084e+01,-3.227173000000000229e+02,0.000000000000000000e+00,0.000000000000000000e+00,9.631317999999999824e-02,-4.877847000000000044e+00,-3.078044999999999920e+00,-1.809271000000000029e+01,4.586714999999999876e+00,2.036583000000000254e+00,3.201294999999999646e+01,-1.191143000000000063e+00,-1.266628000000000043e+01,7.302838999999999636e+00,2.968702000000000041e+01,3.814480999999999966e+01,-3.241682000000000130e+02,0.000000000000000000e+00,0.000000000000000000e+00
-7.256789999999999630e-01,4.921682999999999808e+00,2.282856000000000218e+00,-2.400071000000000154e+01,2.838672000000000306e+00,-9.094478000000000506e+00,2.964001999999999981e+01,-1.668341999999999770e+00,-8.319499999999999673e+00,3.499387999999999721e+00,1.429659000000000013e+01,2.988892000000000237e+01,-3.472017000000000166e+02,0.000000000000000000e+00,0.000000000000000000e+00,-7.256789999999999630e-01,-4.921682999999999808e+00,-2.282856000000000218e+00,-1.905036000000000129e+01,1.815228999999999981e+00,2.024216000000000015e+00,3.148482000000000269e+01,-1.213713999999999960e+00,-1.285426999999999964e+01,1.505279999999999951e+01,1.786126000000000147e+01,2.746869999999999834e+01,-3.462239999999999895e+02,0.000000000000000000e+00,0.000000000000000000e+00
-1.658741999999999717e+00,5.325375000000000192e+00,2.692434999999999690e+00,-2.248787000000000091e+01,4.831373999999999391e+00,-9.265530000000000044e+00,3.008734000000000108e+01,-8.058885999999999550e-01,-7.689083999999999364e+00,4.956819999999999560e+00,1.633272999999999797e+01,3.220000000000000284e+01,-3.435751000000000204e+02,0.000000000000000000e+00,0.000000000000000000e+00,-1.658741999999999717e+00,-5.325375000000000192e+00,-2.692434999999999690e+00,-1.811191000000000173e+01,4.570772999999999975e+00,2.996796999999999933e+00,3.181705999999999790e+01,3.583879999999999844e-01,-1.282933000000000057e+01,1.614842999999999762e+01,1.995122999999999891e+01,2.970474000000000103e+01,-3.472977000000000203e+02,0.000000000000000000e+00,0.000000000000000000e+00
-2.542964000000000002e+00,5.328037000000000134e+00,2.693376999999999910e+00,-2.334697999999999851e+01,4.076435000000000031e+00,-6.810255999999999865e+00,3.003545000000000087e+01,-2.951124000000000525e-01,-6.871274000000000548e+00,1.294301999999999886e+01,1.636765000000000114e+01,2.384880000000000067e+01,-3.581619000000000028e+02,0.000000000000000000e+00,0.000000000000000000e+00,-2.542964000000000002e+00,-5.328037000000000134e+00,-2.693376999999999910e+00,-1.807150000000000034e+01,3.479706999999999883e+00,5.174107000000000234e+00,3.185212000000000288e+01,8.403359000000000245e-01,-1.213284999999999947e+01,1.619884000000000057e+01,2.067804999999999893e+01,3.131305999999999656e+01,-3.451480000000000246e+02,0.000000000000000000e+00,0.000000000000000000e+00
-2.986749999999999794e+00,5.287257000000000318e+00,2.712349999999999817e+00,-2.397857999999999734e+01,4.089569000000000010e+00,-6.293534999999999435e+00,2.987664000000000186e+01,1.130694000000000088e+00,-6.072207999999999828e+00,1.600897999999999755e+01,1.665297999999999945e+01,2.115836000000000183e+01,-3.590781000000000063e+02,0.000000000000000000e+00,0.000000000000000000e+00,-2.986749999999999794e+00,-5.287257000000000318e+00,-2.712349999999999817e+00,-1.808852999999999867e+01,3.118168999999999969e+00,5.529766999999999655e+00,3.182769000000000403e+01,9.683895000000000142e-01,-1.165117000000000047e+01,1.855902000000000029e+01,1.873442999999999969e+01,2.749019000000000190e+01,-3.504889000000000010e+02,0.000000000000000000e+00,0.000000000000000000e+00
-3.411747000000000085e+00,5.288910999999999696e+00,3.489901999999999838e+00,-2.401046000000000191e+01,3.032958000000000265e+00,-4.925698999999999828e+00,3.037712999999999752e+01,1.237233000000000027e+00,-5.766484999999999417e+00,2.146486000000000161e+01,1.570151000000000074e+01,1.781231000000000009e+01,-3.594972999999999956e+02,0.000000000000000000e+00,0.000000000000000000e+00,-3.411747000000000085e+00,-5.288910999999999696e+00,-3.489901999999999838e+00,-1.856024999999999991e+01,2.481384999999999952e+00,4.750245999999999746e+00,3.177344000000000079e+01,1.824284000000000017e+00,-1.150675000000000026e+01,1.834812999999999761e+01,1.847706000000000159e+01,2.804684000000000310e+01,-3.517427999999999884e+02,0.000000000000000000e+00,0.000000000000000000e+00
-4.003252999999999950e+00,5.625070000000000014e+00,3.937062999999999757e+00,-2.457206000000000046e+01,2.195171999999999901e+00,-4.969934999999999548e+00,2.996567000000000291e+01,1.844193999999999889e+00,-5.271392999999999773e+00,2.532725999999999900e+01,1.574102000000000068e+01,1.552291000000000132e+01,-3.632411999999999921e+02,0.000000000000000000e+00,0.000000000000000000e+00,-4.003252999999999950e+00,-5.625070000000000014e+00,-3.937062999999999757e+00,-1.856495999999999924e+01,2.372322999999999737e+00,6.472781999999999591e+00,3.237742000000000075e+01,2.439184000000000019e+00,-1.121621999999999986e+01,2.025394000000000005e+01,1.970478999999999914e+01,2.668669000000000224e+01,-3.510215999999999781e+02,0.000000000000000000e+00,0.000000000000000000e+00
-4.003252999999999950e+00,5.625070000000000014e+00,3.937062999999999757e+00,-2.424437999999999960e+01,2.538534999999999986e+00,-4.239430000000000476e+00,3.045499999999999829e+01,1.874708999999999959e+00,-5.437084999999999724e+00,2.350599000000000061e+01,1.589911000000000030e+01,1.732016000000000133e+01,-3.599071000000000140e+02,0.000000000000000000e+00,0.000000000000000000e+00,-4.003252999999999950e+00,-5.625070000000000014e+00,-3.937062999999999757e+00,-1.860357000000000127e+01,2.029158999999999935e+00,5.911762000000000405e+00,3.241684999999999661e+01,2.436520000000000241e+00,-1.103161000000000058e+01,2.211726000000000170e+01,1.947785999999999973e+01,2.577965000000000018e+01,-3.536630999999999858e+02,0.000000000000000000e+00,0.000000000000000000e+00
-4.003252999999999950e+00,5.625070000000000014e+00,3.937062999999999757e+00,-2.425972999999999757e+01,2.684819000000000067e+00,-4.674096999999999724e+00,3.040397000000000105e+01,2.431038999999999728e+00,-5.456044999999999590e+00,2.340240999999999971e+01,1.592803999999999931e+01,1.751477000000000217e+01,-3.602613000000000056e+02,0.000000000000000000e+00,0.000000000000000000e+00,-4.003252999999999950e+00,-5.625070000000000014e+00,-3.937062999999999757e+00,-1.837977000000000061e+01,1.958291000000000004e+00,5.413812999999999320e+00,3.243069000000000557e+01,1.896800999999999737e+00,-1.101848000000000027e+01,2.324328999999999823e+01,1.923757000000000161e+01,2.385707999999999984e+01,-3.546172000000000253e+02,0.000000000000000000e+00,0.000000000000000000e+00
-3.997700000000000031e+00,5.628866000000000369e+00,3.931394000000000055e+00,-2.478382999999999825e+01,3.055250999999999717e+00,-4.614802000000000071e+00,3.043765000000000143e+01,2.438943999999999779e+00,-5.704960999999999949e+00,2.368152000000000257e+01,1.606944999999999979e+01,1.799887999999999977e+01,-3.608183000000000220e+02,0.000000000000000000e+00,0.000000000000000000e+00,-3.997700000000000031e+00,-5.628866000000000369e+00,-3.931394000000000055e+00,-1.812696000000000041e+01,1.883995000000000086e+00,6.299362999999999602e+00,3.283544000000000551e+01,1.835140000000000216e+00,-1.071651999999999916e+01,2.319376000000000104e+01,1.909949999999999903e+01,2.461871000000000009e+01,-3.543643999999999892e+02,0.000000000000000000e+00,0.000000000000000000e+00
-4.068265000000000242e+00,6.002782999999999980e+00,4.359482999999999997e+00,-2.486419000000000068e+01,3.020758999999999972e+00,-4.671875000000000000e+00,3.038128000000000029e+01,2.156188000000000216e+00,-5.402655999999999459e+00,2.536610999999999905e+01,1.615278999999999954e+01,1.630996999999999986e+01,-3.611510000000000105e+02,0.000000000000000000e+00,0.000000000000000000e+00,-4.068265000000000242e+00,-6.002782999999999980e+00,-4.359482999999999997e+00,-1.822025000000000006e+01,2.214675999999999867e+00,6.571399999999999686e+00,3.322029000000000565e+01,2.211485999999999841e+00,-1.091003000000000078e+01,2.279583999999999833e+01,1.920683999999999969e+01,2.460922000000000054e+01,-3.558587999999999738e+02,0.000000000000000000e+00,0.000000000000000000e+00
-4.457863999999999827e+00,6.020008999999999943e+00,4.444696999999999676e+00,-2.487781000000000020e+01,2.811050999999999966e+00,-4.446672000000000402e+00,3.071982999999999819e+01,2.334925999999999835e+00,-4.644128000000000256e+00,2.749690000000000012e+01,1.628187000000000140e+01,1.491058999999999912e+01,-3.636768000000000143e+02,0.000000000000000000e+00,0.000000000000000000e+00,-4.457863999999999827e+00,-6.020008999999999943e+00,-4.444696999999999676e+00,-1.855552999999999741e+01,2.152452999999999950e+00,6.170817999999999692e+00,3.277774000000000143e+01,2.341018999999999739e+00,-1.081756000000000029e+01,2.379296000000000078e+01,1.966430000000000078e+01,2.450197999999999965e+01,-3.561129000000000246e+02,0.000000000000000000e+00,0.000000000000000000e+00
