1.168510000000000026e+01,-4.326769000000000531e+00,-7.529898999999999898e-01,-8.260631000000000057e+00,1.092126000000000019e+01,-8.992869000000000668e+00,3.616438000000000130e+01,1.346335000000000015e+01,-1.770117000000000118e+01,-7.148414999999999075e+00,2.030033999999999850e+01,3.743575999999999482e+01,7.517223000000000184e+02,0.000000000000000000e+00,0.000000000000000000e+00,1.168510000000000026e+01,4.326769000000000531e+00,7.529898999999999898e-01,-1.244500999999999991e+01,4.088995999999999853e+00,-8.413897999999999655e+00,2.971677999999999997e+01,2.671750999999999987e+00,-1.581317000000000128e+01,-2.038363000000000014e+01,1.894242999999999810e+01,4.360899000000000569e+01,7.531644999999999754e+02,0.000000000000000000e+00,0.000000000000000000e+00
1.168510000000000026e+01,-4.326769000000000531e+00,-7.529898999999999898e-01,-8.236599000000000004e+00,1.116861000000000104e+01,-9.094388000000000361e+00,3.616810000000000258e+01,1.348207000000000200e+01,-1.773264999999999958e+01,-1.757299999999999834e-02,2.082692999999999728e+01,3.038232999999999961e+01,7.436083999999999605e+02,0.000000000000000000e+00,0.000000000000000000e+00,1.168510000000000026e+01,4.326769000000000531e+00,7.529898999999999898e-01,-1.224125000000000085e+01,4.172081999999999624e+00,-8.431405999999999068e+00,3.029166999999999987e+01,2.819375999999999660e+00,-1.569604999999999961e+01,-1.206126000000000076e+01,1.948940999999999946e+01,3.519274999999999665e+01,7.456811999999999898e+02,0.000000000000000000e+00,0.000000000000000000e+00
1.193764000000000003e+01,-4.837060000000000137e+00,-1.043501000000000012e+00,-8.403136999999999190e+00,1.142200000000000060e+01,-7.318208999999999520e+00,3.719747999999999877e+01,1.423027000000000086e+01,-1.788787999999999911e+01,1.045054999999999978e+01,2.248646000000000100e+01,2.165428999999999959e+01,7.354497000000000071e+02,0.000000000000000000e+00,0.000000000000000000e+00,1.193764000000000003e+01,4.837060000000000137e+00,1.043501000000000012e+00,-1.261523000000000039e+01,3.961616000000000248e+00,-8.339339000000000723e+00,3.047552999999999912e+01,2.877744999999999997e+00,-1.541234999999999999e+01,-2.094843999999999706e+00,2.031782999999999717e+01,2.572365999999999886e+01,7.380992999999999711e+02,0.000000000000000000e+00,0.000000000000000000e+00
1.254896999999999885e+01,-4.805418000000000411e+00,-1.044645000000000046e+00,-7.869549000000000127e+00,1.194203000000000081e+01,-8.747127000000000763e+00,3.729542999999999608e+01,1.472286000000000072e+01,-1.730257000000000289e+01,1.989291000000000054e+01,2.390827999999999776e+01,1.354982000000000042e+01,7.282939000000000078e+02,0.000000000000000000e+00,0.000000000000000000e+00,1.254896999999999885e+01,4.805418000000000411e+00,1.044645000000000046e+00,-1.261881999999999948e+01,4.050933999999999813e+00,-7.396942999999999380e+00,3.111872999999999934e+01,2.664559000000000122e+00,-1.579441000000000095e+01,8.476428999999999547e+00,2.259937000000000040e+01,1.525006000000000128e+01,7.283800999999999704e+02,0.000000000000000000e+00,0.000000000000000000e+00
1.254896999999999885e+01,-4.805418000000000411e+00,-1.044645000000000046e+00,-7.778025999999999662e+00,1.222674999999999912e+01,-6.913841999999999821e+00,3.832879000000000502e+01,1.550811000000000028e+01,-1.673020999999999958e+01,2.964994000000000085e+01,2.611600999999999928e+01,4.886022000000000531e+00,7.205610000000000355e+02,0.000000000000000000e+00,0.000000000000000000e+00,1.254896999999999885e+01,4.805418000000000411e+00,1.044645000000000046e+00,-1.231494999999999962e+01,4.619833999999999996e+00,-7.321788999999999881e+00,3.178832000000000235e+01,3.311163999999999774e+00,-1.483397999999999861e+01,1.853918999999999784e+01,2.487342999999999904e+01,5.088187000000000459e+00,7.173024000000000342e+02,0.000000000000000000e+00,0.000000000000000000e+00
1.257033000000000023e+01,-4.809908999999999324e+00,-1.046406999999999865e+00,-7.952263999999999555e+00,1.218412999999999968e+01,-5.610666999999999405e+00,3.888586000000000098e+01,1.584273999999999916e+01,-1.589729999999999954e+01,3.790529999999999688e+01,2.874077000000000126e+01,-2.905095999999999901e+00,7.096511000000000422e+02,0.000000000000000000e+00,0.000000000000000000e+00,1.257033000000000023e+01,4.809908999999999324e+00,1.046406999999999865e+00,-1.268953999999999915e+01,4.685087999999999475e+00,-5.597007999999999761e+00,3.222796999999999912e+01,4.720188999999999524e+00,-1.424147999999999925e+01,2.663352000000000075e+01,2.769810999999999623e+01,-2.845816000000000123e+00,7.114267999999999574e+02,0.000000000000000000e+00,0.000000000000000000e+00
1.333771000000000129e+01,-4.504887999999999337e+00,-1.533001000000000058e+00,-8.011724000000000956e+00,1.332141000000000020e+01,-5.297511000000000081e+00,3.943965999999999639e+01,1.687152000000000029e+01,-1.659059999999999846e+01,4.237603000000000009e+01,3.193945999999999685e+01,-6.517844000000000193e+00,7.095131999999999834e+02,0.000000000000000000e+00,0.000000000000000000e+00,1.333771000000000129e+01,4.504887999999999337e+00,1.533001000000000058e+00,-1.186645000000000039e+01,4.967966000000000548e+00,-6.243276999999999965e+00,3.317334999999999923e+01,4.342190000000000438e+00,-1.443588999999999878e+01,3.171520999999999901e+01,2.945305999999999713e+01,-7.381649999999999601e+00,7.083028000000000475e+02,0.000000000000000000e+00,0.000000000000000000e+00
1.333771000000000129e+01,-4.504887999999999337e+00,-1.533001000000000058e+00,-8.062847999999998905e+00,1.427911000000000108e+01,-3.616994000000000042e+00,4.015000999999999465e+01,1.821157000000000181e+01,-1.563627999999999929e+01,4.713821000000000083e+01,3.604834999999999923e+01,-9.892839999999999634e+00,7.078388999999999669e+02,0.000000000000000000e+00,0.000000000000000000e+00,1.333771000000000129e+01,4.504887999999999337e+00,1.533001000000000058e+00,-1.172912999999999961e+01,5.679594999999999949e+00,-4.316881999999999664e+00,3.359692000000000434e+01,5.820606999999999864e+00,-1.371762000000000192e+01,3.633586999999999989e+01,3.252190999999999832e+01,-1.196209999999999951e+01,7.045946000000000140e+02,0.000000000000000000e+00,0.000000000000000000e+00
1.333771000000000129e+01,-4.504887999999999337e+00,-1.533001000000000058e+00,-8.327796000000001087e+00,1.438551000000000002e+01,-8.997649999999999260e-01,4.046099999999999852e+01,1.950515000000000043e+01,-1.474563999999999986e+01,5.093460999999999927e+01,3.940912000000000148e+01,-1.305442000000000036e+01,7.049270000000000209e+02,0.000000000000000000e+00,0.000000000000000000e+00,1.333771000000000129e+01,4.504887999999999337e+00,1.533001000000000058e+00,-1.175091999999999892e+01,5.786394999999999733e+00,-3.224584000000000117e+00,3.398053000000000168e+01,7.060278000000000276e+00,-1.301891999999999960e+01,4.002419000000000437e+01,3.576090999999999553e+01,-1.443702999999999825e+01,7.019415000000000191e+02,0.000000000000000000e+00,0.000000000000000000e+00
1.333771000000000129e+01,-4.504887999999999337e+00,-1.533001000000000058e+00,-8.225894000000000261e+00,1.535407000000000188e+01,3.315138000000000112e-02,4.118417999999999779e+01,2.082606000000000179e+01,-1.383622999999999870e+01,5.424036999999999864e+01,4.258046999999999827e+01,-1.545074999999999932e+01,7.033868999999999687e+02,0.000000000000000000e+00,0.000000000000000000e+00,1.333771000000000129e+01,4.504887999999999337e+00,1.533001000000000058e+00,-1.213203000000000031e+01,6.509168999999999983e+00,-1.941251999999999978e+00,3.470179000000000258e+01,8.519816999999999751e+00,-1.286271999999999949e+01,4.299625999999999948e+01,3.938060999999999723e+01,-1.669463000000000008e+01,7.006372999999999820e+02,0.000000000000000000e+00,0.000000000000000000e+00
1.333771000000000129e+01,-4.504887999999999337e+00,-1.533001000000000058e+00,-8.187049999999999272e+00,1.571687000000000189e+01,1.214801999999999937e+00,4.159555999999999898e+01,2.196098999999999890e+01,-1.345131000000000121e+01,5.764415999999999940e+01,4.573423999999999978e+01,-1.855712999999999724e+01,7.011254999999999882e+02,0.000000000000000000e+00,0.000000000000000000e+00,1.333771000000000129e+01,4.504887999999999337e+00,1.533001000000000058e+00,-1.228017999999999965e+01,6.884071999999999747e+00,-6.853768000000000082e-01,3.517497000000000185e+01,9.628425999999999263e+00,-1.251238999999999990e+01,4.672126000000000090e+01,4.247457999999999601e+01,-1.979061000000000092e+01,6.976645999999999503e+02,0.000000000000000000e+00,0.000000000000000000e+00
1.355170999999999992e+01,-4.522908000000000150e+00,-1.523716000000000070e+00,-8.479971000000000814e+00,1.618055999999999983e+01,2.540754000000000179e+00,4.241735999999999507e+01,2.312544000000000111e+01,-1.277660000000000018e+01,6.017449000000000581e+01,4.908535999999999433e+01,-2.050492999999999810e+01,6.995127999999999702e+02,0.000000000000000000e+00,0.000000000000000000e+00,1.355170999999999992e+01,4.522908000000000150e+00,1.523716000000000070e+00,-1.204523000000000010e+01,7.153636999999999802e+00,1.910488999999999882e+00,3.571287000000000234e+01,1.142186000000000057e+01,-1.205837999999999965e+01,4.919270999999999816e+01,4.540277999999999992e+01,-2.158199000000000112e+01,6.959089999999999918e+02,0.000000000000000000e+00,0.000000000000000000e+00
1.413807000000000080e+01,-4.503275000000000361e+00,-1.533085000000000031e+00,-8.740285000000000082e+00,1.718019999999999925e+01,3.559258000000000255e+00,4.304467999999999961e+01,2.390202000000000027e+01,-1.271096000000000004e+01,6.243231999999999715e+01,5.247135000000000105e+01,-2.223009000000000057e+01,6.983320999999999685e+02,0.000000000000000000e+00,0.000000000000000000e+00,1.413807000000000080e+01,4.503275000000000361e+00,1.533085000000000031e+00,-1.171199999999999974e+01,7.969989999999999242e+00,2.112468000000000234e+00,3.544156999999999869e+01,1.249324000000000012e+01,-1.168529999999999980e+01,5.183349000000000473e+01,4.845703999999999922e+01,-2.412398999999999916e+01,6.936894999999999527e+02,0.000000000000000000e+00,0.000000000000000000e+00
1.413807000000000080e+01,-4.503275000000000361e+00,-1.533085000000000031e+00,-9.383171000000000816e+00,1.787528999999999968e+01,5.555772000000000155e+00,4.339750999999999692e+01,2.583242000000000260e+01,-1.266882999999999981e+01,6.523468000000001155e+01,5.593763000000000574e+01,-2.482685000000000031e+01,6.960540999999999485e+02,0.000000000000000000e+00,0.000000000000000000e+00,1.413807000000000080e+01,4.503275000000000361e+00,1.533085000000000031e+00,-1.211363000000000056e+01,8.782935000000000159e+00,5.202942000000000178e+00,3.635325999999999880e+01,1.444449000000000005e+01,-1.126506000000000007e+01,5.362098000000000297e+01,5.202367999999999881e+01,-2.571787999999999741e+01,6.925984999999999445e+02,0.000000000000000000e+00,0.000000000000000000e+00
1.413807000000000080e+01,-4.503275000000000361e+00,-1.533085000000000031e+00,-9.659955000000000069e+00,1.846020000000000039e+01,8.413142999999999816e+00,4.402434999999999832e+01,2.688579999999999970e+01,-1.177158999999999978e+01,6.736413000000000295e+01,5.953618000000000166e+01,-2.674049000000000120e+01,6.940896999999999935e+02,0.000000000000000000e+00,0.000000000000000000e+00,1.413807000000000080e+01,4.503275000000000361e+00,1.533085000000000031e+00,-1.212124000000000024e+01,8.919200999999999269e+00,6.329962999999999340e+00,3.661878000000000100e+01,1.641650999999999883e+01,-1.111317999999999984e+01,5.584701999999999344e+01,5.596489000000000402e+01,-2.748294000000000281e+01,6.919479999999999791e+02,0.000000000000000000e+00,0.000000000000000000e+00
1.413807000000000080e+01,-4.503275000000000361e+00,-1.533085000000000031e+00,-9.692960000000001131e+00,1.940159999999999840e+01,1.030654000000000003e+01,4.497064999999999912e+01,2.895927999999999969e+01,-1.138196000000000119e+01,6.879600999999999544e+01,6.343618000000000734e+01,-2.799654000000000309e+01,6.935612999999999602e+02,0.000000000000000000e+00,0.000000000000000000e+00,1.413807000000000080e+01,4.503275000000000361e+00,1.533085000000000031e+00,-1.189136000000000060e+01,9.475816000000000017e+00,8.476771000000001166e+00,3.731653000000000020e+01,1.869732999999999734e+01,-1.085716000000000037e+01,5.756884000000000157e+01,5.968014999999999759e+01,-2.829699000000000098e+01,6.896004000000000360e+02,0.000000000000000000e+00,0.000000000000000000e+00
1.413807000000000080e+01,-4.503275000000000361e+00,-1.533085000000000031e+00,-1.063658999999999999e+01,1.992842000000000269e+01,1.306261000000000116e+01,4.507944000000000528e+01,3.102317999999999998e+01,-1.060932000000000031e+01,6.941890999999999678e+01,6.767112000000000194e+01,-2.890130999999999872e+01,6.926183999999999514e+02,0.000000000000000000e+00,0.000000000000000000e+00,1.413807000000000080e+01,4.503275000000000361e+00,1.533085000000000031e+00,-1.177792999999999957e+01,1.065188999999999986e+01,1.045467000000000013e+01,3.800272999999999968e+01,2.100714999999999932e+01,-1.054199999999999982e+01,5.888770000000000238e+01,6.399020999999999759e+01,-2.948034000000000177e+01,6.884337000000000444e+02,0.000000000000000000e+00,0.000000000000000000e+00
1.414669999999999916e+01,-4.802515000000000533e+00,-1.044972999999999930e+00,-1.107965000000000089e+01,2.008416000000000068e+01,1.280207000000000050e+01,4.517797999999999803e+01,3.253305000000000291e+01,-9.754089999999999705e+00,7.004075000000000273e+01,7.187733000000000061e+01,-3.015803000000000011e+01,6.929121000000000095e+02,0.000000000000000000e+00,0.000000000000000000e+00,1.414669999999999916e+01,4.802515000000000533e+00,1.044972999999999930e+00,-1.219216999999999906e+01,1.170190999999999981e+01,1.300321000000000105e+01,3.880055999999999727e+01,2.447372000000000014e+01,-1.087736000000000125e+01,6.012521999999999878e+01,7.023908000000000129e+01,-2.900290999999999642e+01,6.897616000000000440e+02,0.000000000000000000e+00,0.000000000000000000e+00
1.424202999999999797e+01,-4.812986000000000431e+00,-1.044545999999999975e+00,-1.149469999999999992e+01,2.055678999999999945e+01,1.669986000000000104e+01,4.510479999999999734e+01,3.442895999999999646e+01,-9.056819000000000841e+00,7.087727999999999895e+01,7.544020000000000437e+01,-3.085735999999999635e+01,6.926495999999999640e+02,0.000000000000000000e+00,0.000000000000000000e+00,1.424202999999999797e+01,4.812986000000000431e+00,1.044545999999999975e+00,-1.265208999999999939e+01,1.295767999999999986e+01,1.525098999999999982e+01,3.952289999999999992e+01,2.732457999999999743e+01,-1.108173999999999992e+01,6.041100000000000136e+01,7.390127999999999986e+01,-2.927039000000000257e+01,6.890744999999999436e+02,0.000000000000000000e+00,0.000000000000000000e+00
1.424202999999999797e+01,-4.812986000000000431e+00,-1.044545999999999975e+00,-1.207336000000000098e+01,2.174066000000000187e+01,1.885011000000000081e+01,4.543207999999999913e+01,3.612119000000000568e+01,-8.184993999999999659e+00,7.192163000000000750e+01,7.942551000000000272e+01,-3.200780000000000314e+01,6.915951999999999771e+02,0.000000000000000000e+00,0.000000000000000000e+00,1.424202999999999797e+01,4.812986000000000431e+00,1.044545999999999975e+00,-1.297409999999999997e+01,1.447882000000000069e+01,1.710732000000000141e+01,3.903097000000000349e+01,3.013979000000000141e+01,-1.109600000000000009e+01,6.112924999999999898e+01,7.723753000000000668e+01,-2.899820000000000064e+01,6.883244999999999436e+02,0.000000000000000000e+00,0.000000000000000000e+00
1.424202999999999797e+01,-4.812986000000000431e+00,-1.044545999999999975e+00,-1.258169999999999966e+01,2.361797999999999931e+01,2.175103999999999971e+01,4.600162000000000262e+01,3.866420000000000101e+01,-7.669516999999999918e+00,7.256889999999999930e+01,8.341939000000000703e+01,-3.294507999999999726e+01,6.901249000000000251e+02,0.000000000000000000e+00,0.000000000000000000e+00,1.424202999999999797e+01,4.812986000000000431e+00,1.044545999999999975e+00,-1.347842000000000162e+01,1.617952999999999975e+01,1.953561000000000192e+01,3.981575000000000131e+01,3.297849000000000075e+01,-1.170728000000000080e+01,6.129811000000000121e+01,8.081173000000001139e+01,-2.889239000000000246e+01,6.877381000000000313e+02,0.000000000000000000e+00,0.000000000000000000e+00
1.420662000000000091e+01,-5.282254000000000005e+00,-1.336508999999999947e+00,-1.358478999999999992e+01,2.475847999999999871e+01,2.124500000000000099e+01,4.659112999999999971e+01,4.056694000000000244e+01,-7.363286999999999694e+00,7.366840000000000543e+01,8.755186999999999387e+01,-3.267586000000000013e+01,6.904334999999999809e+02,0.000000000000000000e+00,0.000000000000000000e+00,1.420662000000000091e+01,5.282254000000000005e+00,1.336508999999999947e+00,-1.405208999999999975e+01,1.625157000000000096e+01,2.135412999999999784e+01,3.932240999999999786e+01,3.567421999999999827e+01,-1.172785000000000011e+01,6.181154000000000082e+01,8.387345999999999435e+01,-2.930169000000000068e+01,6.857568999999999733e+02,0.000000000000000000e+00,0.000000000000000000e+00
1.434215000000000018e+01,-5.598332000000000086e+00,-8.501642999999999839e-01,-1.388836000000000048e+01,2.499089000000000027e+01,2.255207000000000050e+01,4.643089000000000510e+01,4.180915000000000248e+01,-6.813303999999999583e+00,7.422484000000000037e+01,9.057489999999999952e+01,-3.299457999999999913e+01,6.896186999999999898e+02,0.000000000000000000e+00,0.000000000000000000e+00,1.434215000000000018e+01,5.598332000000000086e+00,8.501642999999999839e-01,-1.533507999999999960e+01,1.798742999999999981e+01,2.334882999999999953e+01,3.923085999999999984e+01,3.792732000000000170e+01,-1.211993000000000009e+01,6.166223000000000809e+01,8.617920999999999765e+01,-2.881719999999999970e+01,6.854750000000000227e+02,0.000000000000000000e+00,0.000000000000000000e+00
1.434215000000000018e+01,-5.598332000000000086e+00,-8.501642999999999839e-01,-1.473385999999999996e+01,2.557629999999999981e+01,2.504328999999999894e+01,4.616882999999999981e+01,4.401140000000000185e+01,-5.949772000000000283e+00,7.392994000000000199e+01,9.386471000000000231e+01,-3.326335999999999871e+01,6.897990999999999531e+02,0.000000000000000000e+00,0.000000000000000000e+00,1.434215000000000018e+01,5.598332000000000086e+00,8.501642999999999839e-01,-1.580968999999999980e+01,1.867190000000000083e+01,2.455949000000000026e+01,3.912395999999999674e+01,3.991747000000000156e+01,-1.261682000000000059e+01,6.181716999999999729e+01,8.842488000000000170e+01,-2.876842000000000255e+01,6.851444999999999936e+02,0.000000000000000000e+00,0.000000000000000000e+00
1.438768999999999920e+01,-5.901709999999999567e+00,-3.637602000000000335e-01,-1.431446000000000041e+01,2.553950999999999993e+01,2.903612000000000037e+01,4.556094000000000221e+01,4.503932000000000357e+01,-4.705744999999999401e+00,7.416225000000000023e+01,9.650558999999999799e+01,-3.338063999999999965e+01,6.885335999999999785e+02,0.000000000000000000e+00,0.000000000000000000e+00,1.438768999999999920e+01,5.901709999999999567e+00,3.637602000000000335e-01,-1.703105000000000047e+01,1.929723999999999862e+01,2.455800999999999945e+01,3.898196000000000083e+01,4.150596999999999781e+01,-1.327782000000000195e+01,6.236241999999999308e+01,9.160724999999999341e+01,-2.837954999999999828e+01,6.858087000000000444e+02,0.000000000000000000e+00,0.000000000000000000e+00
1.416708999999999996e+01,-6.331783000000000605e+00,-6.563231999999999955e-01,-1.447452000000000183e+01,2.616695999999999955e+01,3.116066999999999965e+01,4.484722999999999615e+01,4.679337999999999909e+01,-3.285858999999999863e+00,7.495104999999999507e+01,1.003898999999999972e+02,-3.282880000000000109e+01,6.889691000000000258e+02,0.000000000000000000e+00,0.000000000000000000e+00,1.416708999999999996e+01,6.331783000000000605e+00,6.563231999999999955e-01,-1.797393999999999892e+01,1.993507999999999925e+01,2.825612000000000279e+01,3.811827000000000254e+01,4.377947999999999951e+01,-1.268773000000000017e+01,6.225285000000000224e+01,9.478501999999998873e+01,-2.906915000000000049e+01,6.848999000000000024e+02,0.000000000000000000e+00,0.000000000000000000e+00
1.371918999999999933e+01,-6.362910000000000288e+00,-6.588119999999999532e-01,-1.526507999999999932e+01,2.681112999999999857e+01,3.318020999999999532e+01,4.402447999999999695e+01,4.860635999999999513e+01,-2.241016000000000119e+00,7.522677000000000191e+01,1.045910999999999973e+02,-3.375374000000000052e+01,6.881648000000000138e+02,0.000000000000000000e+00,0.000000000000000000e+00,1.371918999999999933e+01,6.362910000000000288e+00,6.588119999999999532e-01,-1.885690999999999917e+01,2.150384999999999991e+01,3.053631999999999991e+01,3.757198999999999955e+01,4.651689000000000362e+01,-1.218332000000000015e+01,6.253515999999999764e+01,9.800831999999999766e+01,-2.885597999999999885e+01,6.828352999999999611e+02,0.000000000000000000e+00,0.000000000000000000e+00
1.359961000000000020e+01,-7.433289000000000257e+00,-1.335812999999999917e+00,-1.627140999999999948e+01,2.746450999999999709e+01,3.529150999999999527e+01,4.486634999999999707e+01,5.068135999999999797e+01,-2.174116000000000160e+00,7.650464999999999804e+01,1.079360999999999962e+02,-3.299434999999999718e+01,6.878476000000000568e+02,0.000000000000000000e+00,0.000000000000000000e+00,1.359961000000000020e+01,7.433289000000000257e+00,1.335812999999999917e+00,-2.129267000000000110e+01,2.133204999999999885e+01,3.085467000000000226e+01,3.584412000000000376e+01,4.841483000000000203e+01,-1.229678999999999967e+01,6.164556999999999221e+01,1.004972000000000065e+02,-2.938700000000000045e+01,6.806808999999999514e+02,0.000000000000000000e+00,0.000000000000000000e+00
1.371761000000000053e+01,-7.455780999999999992e+00,-1.337556999999999885e+00,-1.692511999999999972e+01,2.826524000000000214e+01,3.688935999999999638e+01,4.365337999999999852e+01,5.224634000000000356e+01,-1.243003000000000080e+00,7.632125000000000625e+01,1.106082999999999998e+02,-3.348125999999999891e+01,6.877800999999999476e+02,0.000000000000000000e+00,0.000000000000000000e+00,1.371761000000000053e+01,7.455780999999999992e+00,1.337556999999999885e+00,-2.276641000000000048e+01,2.236644000000000077e+01,3.345246999999999815e+01,3.489656000000000091e+01,4.996094999999999686e+01,-1.184088999999999992e+01,6.176885000000000048e+01,1.033148999999999944e+02,-2.939019000000000403e+01,6.806679000000000315e+02,0.000000000000000000e+00,0.000000000000000000e+00
1.366637000000000057e+01,-7.922606000000000037e+00,-1.630779999999999896e+00,-1.747202000000000055e+01,2.853984000000000165e+01,3.628899000000000541e+01,4.289804000000000173e+01,5.410169000000000494e+01,-3.110789999999999944e-01,7.628995999999999356e+01,1.132332999999999998e+02,-3.340559999999999974e+01,6.872201000000000022e+02,0.000000000000000000e+00,0.000000000000000000e+00,1.366637000000000057e+01,7.922606000000000037e+00,1.630779999999999896e+00,-2.418020999999999887e+01,2.278406999999999982e+01,3.535132999999999726e+01,3.311798999999999893e+01,5.187680000000000291e+01,-1.109102000000000032e+01,6.074595000000000056e+01,1.055956999999999937e+02,-2.937302999999999997e+01,6.795213999999999714e+02,0.000000000000000000e+00,0.000000000000000000e+00
1.354282999999999859e+01,-8.175717999999999819e+00,-1.145059000000000049e+00,-1.765484999999999971e+01,2.784302999999999884e+01,3.774535999999999802e+01,4.094453000000000031e+01,5.488395999999999475e+01,1.639515000000000056e+00,7.552594999999999459e+01,1.159706999999999937e+02,-3.449457000000000306e+01,6.849065000000000509e+02,0.000000000000000000e+00,0.000000000000000000e+00,1.354282999999999859e+01,8.175717999999999819e+00,1.145059000000000049e+00,-2.569464999999999932e+01,2.320877000000000123e+01,3.687917000000000201e+01,3.289148000000000138e+01,5.407841999999999416e+01,-1.156359999999999921e+01,6.000560999999999723e+01,1.084669999999999987e+02,-2.958535999999999788e+01,6.786287999999999556e+02,0.000000000000000000e+00,0.000000000000000000e+00
1.308266000000000062e+01,-8.698461999999999250e+00,-1.449186000000000085e+00,-1.811446000000000112e+01,2.753025999999999840e+01,4.061108000000000118e+01,4.046087999999999596e+01,5.644780999999999693e+01,2.435465000000000213e+00,7.545740999999999588e+01,1.185253000000000014e+02,-3.550072000000000116e+01,6.830519000000000460e+02,0.000000000000000000e+00,0.000000000000000000e+00,1.308266000000000062e+01,8.698461999999999250e+00,1.449186000000000085e+00,-2.734434000000000253e+01,2.309126000000000190e+01,3.790006999999999948e+01,3.083415999999999713e+01,5.501163999999999987e+01,-1.087689999999999912e+01,5.913816999999999524e+01,1.107989000000000033e+02,-3.033680000000000021e+01,6.774715999999999667e+02,0.000000000000000000e+00,0.000000000000000000e+00
1.297301000000000037e+01,-8.713711999999999236e+00,-1.437365000000000004e+00,-1.960362000000000293e+01,2.802742999999999896e+01,4.210947000000000173e+01,3.839220999999999862e+01,5.740908000000000300e+01,4.208403999999999812e+00,7.416825000000000045e+01,1.198375999999999948e+02,-3.676498000000000133e+01,6.809204999999999472e+02,0.000000000000000000e+00,0.000000000000000000e+00,1.297301000000000037e+01,8.713711999999999236e+00,1.437365000000000004e+00,-2.800235999999999592e+01,2.283877999999999986e+01,3.859890000000000043e+01,3.070424000000000220e+01,5.509129999999999683e+01,-1.074033000000000015e+01,5.792328000000000543e+01,1.127295000000000016e+02,-3.174324999999999974e+01,6.750566000000000031e+02,0.000000000000000000e+00,0.000000000000000000e+00
1.297301000000000037e+01,-8.713711999999999236e+00,-1.437365000000000004e+00,-2.063948999999999856e+01,2.767574000000000112e+01,4.294912999999999670e+01,3.673561000000000121e+01,5.817524999999999835e+01,5.263899999999999579e+00,7.299351000000000056e+01,1.210450000000000017e+02,-3.670800999999999448e+01,6.813588999999999487e+02,0.000000000000000000e+00,0.000000000000000000e+00,1.297301000000000037e+01,8.713711999999999236e+00,1.437365000000000004e+00,-2.849867000000000061e+01,2.257594999999999885e+01,3.887570999999999799e+01,2.933674999999999855e+01,5.567963000000000306e+01,-1.019345000000000034e+01,5.662953000000000259e+01,1.137342000000000013e+02,-3.246424999999999983e+01,6.749356000000000222e+02,0.000000000000000000e+00,0.000000000000000000e+00
1.306813999999999965e+01,-8.732302999999999926e+00,-1.436873000000000067e+00,-2.034587000000000145e+01,2.772878000000000043e+01,4.467184000000000310e+01,3.468260000000000076e+01,5.891048000000000684e+01,6.789752000000000010e+00,7.244048000000000798e+01,1.222515999999999963e+02,-3.684515999999999991e+01,6.805271999999999935e+02,0.000000000000000000e+00,0.000000000000000000e+00,1.306813999999999965e+01,8.732302999999999926e+00,1.436873000000000067e+00,-2.872677000000000191e+01,2.294662999999999897e+01,3.917687000000000097e+01,2.838724000000000203e+01,5.590033999999999992e+01,-9.376547000000000409e+00,5.631090999999999980e+01,1.153756000000000057e+02,-3.280998999999999910e+01,6.739044000000000096e+02,0.000000000000000000e+00,0.000000000000000000e+00
1.278828999999999994e+01,-8.658535000000000537e+00,-1.438239000000000045e+00,-2.138181000000000154e+01,2.742304999999999993e+01,4.549647000000000219e+01,3.307129000000000474e+01,5.984263000000000687e+01,7.630378000000000327e+00,7.165946999999999889e+01,1.243541000000000025e+02,-3.807797999999999661e+01,6.786330000000000382e+02,0.000000000000000000e+00,0.000000000000000000e+00,1.278828999999999994e+01,8.658535000000000537e+00,1.438239000000000045e+00,-2.950499999999999901e+01,2.299840999999999980e+01,4.054490999999999445e+01,2.742282000000000153e+01,5.686299000000000348e+01,-8.637081000000000230e+00,5.632913000000000636e+01,1.172122999999999990e+02,-3.294200000000000017e+01,6.731295000000000073e+02,0.000000000000000000e+00,0.000000000000000000e+00
1.244632999999999967e+01,-9.023282000000000025e+00,-9.572393000000000152e-01,-2.236448000000000036e+01,2.634637000000000029e+01,4.721164000000000271e+01,3.132779999999999987e+01,6.058546999999999372e+01,9.671958000000000055e+00,7.075315999999999406e+01,1.264574999999999960e+02,-3.972679999999999723e+01,6.765307000000000244e+02,0.000000000000000000e+00,0.000000000000000000e+00,1.244632999999999967e+01,9.023282000000000025e+00,9.572393000000000152e-01,-3.085119000000000256e+01,2.323401000000000138e+01,4.099255999999999744e+01,2.625549000000000177e+01,5.777600999999999942e+01,-8.165808000000000177e+00,5.566855999999999938e+01,1.193414999999999964e+02,-3.272390999999999650e+01,6.727386000000000195e+02,0.000000000000000000e+00,0.000000000000000000e+00
1.206096000000000146e+01,-8.961788999999999561e+00,-9.502369000000000510e-01,-2.268665000000000020e+01,2.605923999999999907e+01,4.665601999999999805e+01,2.798842999999999748e+01,6.059305999999999415e+01,1.244233000000000011e+01,7.001111999999999114e+01,1.275087999999999937e+02,-4.047045999999999566e+01,6.749025000000000318e+02,0.000000000000000000e+00,0.000000000000000000e+00,1.206096000000000146e+01,8.961788999999999561e+00,9.502369000000000510e-01,-3.151557999999999993e+01,2.293955000000000055e+01,4.225244000000000000e+01,2.493234999999999957e+01,5.843604000000000553e+01,-6.808011999999999730e+00,5.545163000000000153e+01,1.202828999999999979e+02,-3.327354000000000411e+01,6.716368999999999687e+02,0.000000000000000000e+00,0.000000000000000000e+00
1.206096000000000146e+01,-8.961788999999999561e+00,-9.502369000000000510e-01,-2.374987000000000137e+01,2.572158999999999907e+01,4.760622000000000043e+01,2.710297000000000267e+01,6.136769999999999925e+01,1.290951000000000093e+01,6.967918000000000234e+01,1.285537999999999954e+02,-4.112552000000000163e+01,6.746416000000000395e+02,0.000000000000000000e+00,0.000000000000000000e+00,1.206096000000000146e+01,8.961788999999999561e+00,9.502369000000000510e-01,-3.189277999999999835e+01,2.304660000000000153e+01,4.275831999999999766e+01,2.459207999999999927e+01,5.912655000000000172e+01,-6.956593999999999944e+00,5.552431999999999590e+01,1.208491000000000071e+02,-3.345805000000000007e+01,6.714666999999999462e+02,0.000000000000000000e+00,0.000000000000000000e+00
1.206096000000000146e+01,-8.961788999999999561e+00,-9.502369000000000510e-01,-2.395373000000000019e+01,2.579142000000000223e+01,4.800377999999999901e+01,2.658179000000000158e+01,6.199405999999999750e+01,1.317130000000000045e+01,6.930348000000000752e+01,1.293298000000000059e+02,-4.096119999999999806e+01,6.744112000000000080e+02,0.000000000000000000e+00,0.000000000000000000e+00,1.206096000000000146e+01,8.961788999999999561e+00,9.502369000000000510e-01,-3.216205999999999676e+01,2.283105000000000118e+01,4.378500999999999976e+01,2.465622000000000114e+01,5.955493000000000592e+01,-6.679322999999999233e+00,5.543084000000000344e+01,1.214290000000000020e+02,-3.343713999999999942e+01,6.720680999999999585e+02,0.000000000000000000e+00,0.000000000000000000e+00
1.206096000000000146e+01,-8.961788999999999561e+00,-9.502369000000000510e-01,-2.411468999999999951e+01,2.584444999999999837e+01,5.002913000000000210e+01,2.509237999999999857e+01,6.213324000000000069e+01,1.468813999999999886e+01,6.884933999999999799e+01,1.300456000000000074e+02,-4.149289000000000271e+01,6.738759000000000015e+02,0.000000000000000000e+00,0.000000000000000000e+00,1.206096000000000146e+01,8.961788999999999561e+00,9.502369000000000510e-01,-3.257713999999999999e+01,2.286361000000000132e+01,4.351276000000000010e+01,2.465622000000000114e+01,5.955493000000000592e+01,-6.679322999999999233e+00,5.581794000000000011e+01,1.219424000000000063e+02,-3.356074999999999875e+01,6.712468999999999824e+02,0.000000000000000000e+00,0.000000000000000000e+00
1.158880000000000088e+01,-9.488070000000000448e+00,-1.253055999999999948e+00,-2.465604000000000084e+01,2.597135000000000105e+01,5.074455999999999989e+01,2.377758000000000038e+01,6.305346000000000117e+01,1.635801000000000016e+01,6.925645000000000095e+01,1.308281000000000063e+02,-4.160857000000000028e+01,6.734827999999999975e+02,0.000000000000000000e+00,0.000000000000000000e+00,1.158880000000000088e+01,9.488070000000000448e+00,1.253055999999999948e+00,-3.336842000000000041e+01,2.208108000000000004e+01,4.447939000000000220e+01,2.211843000000000004e+01,5.982804000000000144e+01,-4.443056999999999590e+00,5.495600000000000307e+01,1.227900000000000063e+02,-3.434122999999999593e+01,6.701277000000000044e+02,0.000000000000000000e+00,0.000000000000000000e+00
1.176247000000000043e+01,-9.810900000000000176e+00,-7.607646999999999604e-01,-2.397720999999999947e+01,2.522521000000000058e+01,4.858590999999999838e+01,2.326418999999999926e+01,6.290775999999999613e+01,1.662359999999999971e+01,6.890724000000000160e+01,1.311509000000000071e+02,-4.219042000000000314e+01,6.728737999999999602e+02,0.000000000000000000e+00,0.000000000000000000e+00,1.176247000000000043e+01,9.810900000000000176e+00,7.607646999999999604e-01,-3.395768999999999949e+01,2.258027999999999835e+01,4.481157999999999930e+01,2.238618999999999915e+01,6.018975999999999971e+01,-5.121418000000000248e+00,5.497576999999999714e+01,1.236715999999999980e+02,-3.362554000000000087e+01,6.703814999999999600e+02,0.000000000000000000e+00,0.000000000000000000e+00
1.176247000000000043e+01,-9.810900000000000176e+00,-7.607646999999999604e-01,-2.434083000000000041e+01,2.524953999999999965e+01,5.080107999999999890e+01,2.346105999999999980e+01,6.308899999999999864e+01,1.655552000000000135e+01,6.855164000000000613e+01,1.317972000000000037e+02,-4.238750999999999891e+01,6.725549999999999500e+02,0.000000000000000000e+00,0.000000000000000000e+00,1.176247000000000043e+01,9.810900000000000176e+00,7.607646999999999604e-01,-3.401232000000000255e+01,2.287546000000000035e+01,4.508189000000000135e+01,2.254991000000000057e+01,6.037404000000000082e+01,-5.228971999999999731e+00,5.447435000000000116e+01,1.240168000000000035e+02,-3.437921000000000049e+01,6.703052999999999884e+02,0.000000000000000000e+00,0.000000000000000000e+00
1.176247000000000043e+01,-9.810900000000000176e+00,-7.607646999999999604e-01,-2.448081000000000174e+01,2.574813999999999936e+01,5.028149000000000513e+01,2.266985000000000028e+01,6.344211999999999563e+01,1.686242999999999981e+01,6.863278999999999996e+01,1.321021000000000072e+02,-4.234250999999999721e+01,6.722337999999999738e+02,0.000000000000000000e+00,0.000000000000000000e+00,1.176247000000000043e+01,9.810900000000000176e+00,7.607646999999999604e-01,-3.392374000000000223e+01,2.305577000000000254e+01,4.495597000000000065e+01,2.194513999999999854e+01,6.079839000000000482e+01,-5.112182999999999922e+00,5.433688000000000784e+01,1.243010000000000019e+02,-3.443097000000000207e+01,6.697727999999999611e+02,0.000000000000000000e+00,0.000000000000000000e+00
1.170376000000000083e+01,-9.787724000000000757e+00,-7.569501000000000701e-01,-2.820304000000000144e+01,2.157505000000000095e+01,5.215814000000000306e+01,2.199537000000000120e+01,6.352236999999999512e+01,1.782847999999999900e+01,6.767671999999998889e+01,1.326108000000000118e+02,-4.297212000000000387e+01,6.716896000000000413e+02,0.000000000000000000e+00,0.000000000000000000e+00,1.170376000000000083e+01,9.787724000000000757e+00,7.569501000000000701e-01,-3.598807999999999652e+01,1.844010000000000105e+01,4.438259000000000043e+01,2.144597999999999871e+01,6.097024000000000399e+01,-4.477494000000000085e+00,5.438104000000000582e+01,1.244489999999999981e+02,-3.473165999999999798e+01,6.694773999999999887e+02,0.000000000000000000e+00,0.000000000000000000e+00
1.217704999999999949e+01,-9.743897999999999726e+00,-7.555174000000000056e-01,-2.827946999999999989e+01,2.171893000000000029e+01,5.340303000000000111e+01,2.123610000000000042e+01,6.351713000000000164e+01,1.824285000000000068e+01,6.772848000000000468e+01,1.323341000000000065e+02,-4.288918999999999926e+01,6.718722000000000207e+02,0.000000000000000000e+00,0.000000000000000000e+00,1.217704999999999949e+01,9.743897999999999726e+00,7.555174000000000056e-01,-3.661967999999999535e+01,1.889777999999999736e+01,4.567501000000000033e+01,2.132842999999999734e+01,6.092578999999999922e+01,-4.688457999999999792e+00,5.421940000000000026e+01,1.245354999999999990e+02,-3.465744999999999720e+01,6.689972999999999956e+02,0.000000000000000000e+00,0.000000000000000000e+00
1.168515000000000015e+01,-9.508058000000000121e+00,-1.252685000000000048e+00,-2.499400999999999939e+01,2.528026000000000195e+01,5.270270000000000010e+01,2.037934999999999874e+01,6.407871000000000095e+01,1.894437000000000282e+01,6.745141999999999882e+01,1.330819999999999936e+02,-4.277038999999999902e+01,6.722383999999999560e+02,0.000000000000000000e+00,0.000000000000000000e+00,1.168515000000000015e+01,9.508058000000000121e+00,1.252685000000000048e+00,-3.489869999999999806e+01,2.280104000000000042e+01,4.194821999999999917e+01,2.034881000000000029e+01,6.093401000000000067e+01,-3.136049000000000309e+00,5.415426999999999680e+01,1.252283999999999935e+02,-3.553829000000000349e+01,6.681861000000000104e+02,0.000000000000000000e+00,0.000000000000000000e+00
1.151103999999999949e+01,-9.509205999999998937e+00,-1.244896999999999920e+00,-2.523179000000000016e+01,2.501829000000000036e+01,5.230203000000000202e+01,1.991488000000000014e+01,6.386763000000000545e+01,1.951504999999999868e+01,6.700659000000000276e+01,1.330230999999999995e+02,-4.309037000000000006e+01,6.717618999999999687e+02,0.000000000000000000e+00,0.000000000000000000e+00,1.151103999999999949e+01,9.509205999999998937e+00,1.244896999999999920e+00,-3.530116999999999905e+01,2.269522999999999868e+01,4.594136999999999915e+01,2.008540999999999954e+01,6.199234000000000577e+01,-3.082047000000000203e+00,5.345841000000000065e+01,1.258842999999999961e+02,-3.576583000000000112e+01,6.684162000000000035e+02,0.000000000000000000e+00,0.000000000000000000e+00
1.143939999999999912e+01,-9.207053000000000154e+00,-1.732758000000000242e+00,-2.587584999999999980e+01,2.515847000000000122e+01,5.189507000000000403e+01,1.979572999999999894e+01,6.434219000000000221e+01,1.931376000000000204e+01,6.662087999999999965e+01,1.335252000000000123e+02,-4.298527999999999594e+01,6.720630999999999631e+02,0.000000000000000000e+00,0.000000000000000000e+00,1.143939999999999912e+01,9.207053000000000154e+00,1.732758000000000242e+00,-3.589782000000000295e+01,2.219569999999999865e+01,4.630243000000000109e+01,1.906539000000000073e+01,6.181641999999999371e+01,-2.038838999999999846e+00,5.302831999999999368e+01,1.260482999999999976e+02,-3.663635999999999626e+01,6.673401000000000067e+02,0.000000000000000000e+00,0.000000000000000000e+00
1.115813999999999950e+01,-9.127777999999999281e+00,-1.734125999999999834e+00,-2.629570000000000007e+01,2.472466000000000008e+01,5.084179000000000315e+01,1.914461999999999975e+01,6.439454000000000633e+01,1.995737000000000094e+01,6.663306000000000040e+01,1.340391999999999939e+02,-4.309924000000000177e+01,6.711033999999999651e+02,0.000000000000000000e+00,0.000000000000000000e+00,1.115813999999999950e+01,9.127777999999999281e+00,1.734125999999999834e+00,-3.596177999999999741e+01,2.202449000000000012e+01,4.660979999999999990e+01,1.866676999999999964e+01,6.194805000000000206e+01,-1.506562999999999874e+00,5.276578000000000657e+01,1.267164999999999964e+02,-3.691516000000000020e+01,6.671349000000000160e+02,0.000000000000000000e+00,0.000000000000000000e+00
1.151103999999999949e+01,-9.509205999999998937e+00,-1.244896999999999920e+00,-2.600724999999999909e+01,2.453134000000000015e+01,5.271206999999999709e+01,2.001822999999999908e+01,6.408610000000000184e+01,1.922295000000000087e+01,6.627563000000000670e+01,1.338788999999999874e+02,-4.357229000000000241e+01,6.710040000000000191e+02,0.000000000000000000e+00,0.000000000000000000e+00,1.151103999999999949e+01,9.509205999999998937e+00,1.244896999999999920e+00,-3.650444999999999851e+01,2.261261999999999972e+01,4.685844999999999771e+01,1.919872999999999763e+01,6.224060000000000059e+01,-2.529736000000000207e+00,5.282615999999999445e+01,1.267988000000000000e+02,-3.597034000000000020e+01,6.682901000000000522e+02,0.000000000000000000e+00,0.000000000000000000e+00
1.122917999999999950e+01,-9.429138000000000019e+00,-1.245867999999999975e+00,-2.616728999999999772e+01,2.453869999999999862e+01,5.052367000000000274e+01,1.937011000000000038e+01,6.413760999999999513e+01,1.986110000000000042e+01,6.620926999999998941e+01,1.341630000000000109e+02,-4.370056999999999903e+01,6.707889000000000124e+02,0.000000000000000000e+00,0.000000000000000000e+00,1.122917999999999950e+01,9.429138000000000019e+00,1.245867999999999975e+00,-3.642401999999999873e+01,2.254723999999999862e+01,4.698362999999999801e+01,1.879701999999999984e+01,6.237458000000000169e+01,-1.992480000000000029e+00,5.275290999999999997e+01,1.271353000000000009e+02,-3.604634000000000071e+01,6.680483000000000402e+02,0.000000000000000000e+00,0.000000000000000000e+00
1.122917999999999950e+01,-9.429138000000000019e+00,-1.245867999999999975e+00,-2.611247000000000185e+01,2.464622999999999919e+01,5.206067000000000178e+01,1.828077000000000041e+01,6.413620000000000232e+01,2.070322999999999780e+01,6.626321999999998980e+01,1.340974999999999966e+02,-4.360529000000000366e+01,6.706823000000000548e+02,0.000000000000000000e+00,0.000000000000000000e+00,1.122917999999999950e+01,9.429138000000000019e+00,1.245867999999999975e+00,-3.652624000000000137e+01,2.269829999999999970e+01,4.725719999999999743e+01,1.873621999999999943e+01,6.231369000000000113e+01,-1.865529999999999911e+00,5.267629999999999768e+01,1.272215000000000060e+02,-3.609225999999999601e+01,6.679919999999999618e+02,0.000000000000000000e+00,0.000000000000000000e+00
1.068206999999999951e+01,-9.159667999999999921e+00,-1.737125999999999948e+00,-2.672312000000000154e+01,2.483944999999999936e+01,5.271905999999999892e+01,1.719426999999999950e+01,6.468653000000000475e+01,2.162477999999999767e+01,6.600441999999999609e+01,1.347021000000000015e+02,-4.348004999999999853e+01,6.707813999999999623e+02,0.000000000000000000e+00,0.000000000000000000e+00,1.068206999999999951e+01,9.159667999999999921e+00,1.737125999999999948e+00,-3.687929000000000457e+01,2.182042000000000215e+01,4.776675000000000182e+01,1.677232000000000056e+01,6.226465000000000316e+01,3.480073000000000194e-02,5.244834999999999781e+01,1.276200999999999937e+02,-3.660020999999999702e+01,6.667794000000000096e+02,0.000000000000000000e+00,0.000000000000000000e+00
1.112043999999999855e+01,-8.646822999999999482e+00,-1.439786000000000010e+00,-2.666272999999999982e+01,2.506912000000000162e+01,5.225610999999999962e+01,1.846290000000000120e+01,6.434564000000000306e+01,2.000280000000000058e+01,6.525364999999999327e+01,1.343285999999999945e+02,-4.365905000000000058e+01,6.707197999999999638e+02,0.000000000000000000e+00,0.000000000000000000e+00,1.112043999999999855e+01,8.646822999999999482e+00,1.439786000000000010e+00,-3.641295999999999822e+01,2.274393999999999849e+01,4.701346999999999809e+01,1.851262999999999792e+01,6.227519000000000204e+01,-1.684893999999999892e+00,5.267990999999999957e+01,1.279564000000000021e+02,-3.589459999999999695e+01,6.681358999999999924e+02,0.000000000000000000e+00,0.000000000000000000e+00
1.140236999999999945e+01,-8.721280999999999395e+00,-1.438625999999999960e+00,-2.650835000000000008e+01,2.506742000000000203e+01,5.188154999999999717e+01,1.911032000000000153e+01,6.429451000000000249e+01,1.935925999999999902e+01,6.547144000000000119e+01,1.340909000000000049e+02,-4.344342000000000326e+01,6.708908999999999878e+02,0.000000000000000000e+00,0.000000000000000000e+00,1.140236999999999945e+01,8.721280999999999395e+00,1.438625999999999960e+00,-3.612910000000000110e+01,2.270990000000000109e+01,4.609241000000000099e+01,1.818102000000000018e+01,6.251938000000000528e+01,-2.005818000000000101e+00,5.274010999999999427e+01,1.274317000000000064e+02,-3.490620999999999441e+01,6.679133000000000493e+02,0.000000000000000000e+00,0.000000000000000000e+00
1.140236999999999945e+01,-8.721280999999999395e+00,-1.438625999999999960e+00,-2.646852999999999767e+01,2.529334000000000060e+01,5.133899999999999864e+01,1.911032000000000153e+01,6.429451000000000249e+01,1.935925999999999902e+01,6.513727000000000089e+01,1.339750999999999976e+02,-4.369010999999999711e+01,6.708614000000000033e+02,0.000000000000000000e+00,0.000000000000000000e+00,1.140236999999999945e+01,8.721280999999999395e+00,1.438625999999999960e+00,-3.653424000000000404e+01,2.272626999999999953e+01,4.662742000000000075e+01,1.818102000000000018e+01,6.251938000000000528e+01,-2.005818000000000101e+00,5.267931999999999704e+01,1.274843999999999937e+02,-3.516825999999999652e+01,6.683057999999999765e+02,0.000000000000000000e+00,0.000000000000000000e+00
1.147951000000000121e+01,-8.700217999999999563e+00,-1.448068000000000133e+00,-2.611270000000000024e+01,2.529627999999999943e+01,5.287628000000000128e+01,1.925025000000000119e+01,6.428959999999999297e+01,1.917845000000000155e+01,6.497190000000000509e+01,1.341025999999999954e+02,-4.375847999999999871e+01,6.709569999999999936e+02,0.000000000000000000e+00,0.000000000000000000e+00,1.147951000000000121e+01,8.700217999999999563e+00,1.448068000000000133e+00,-3.691224000000000416e+01,2.345995999999999881e+01,4.660909000000000191e+01,1.768622999999999834e+01,6.295545999999999509e+01,-1.892252000000000045e+00,5.280743999999999971e+01,1.275165999999999968e+02,-3.493384999999999962e+01,6.681603999999999814e+02,0.000000000000000000e+00,0.000000000000000000e+00
1.147951000000000121e+01,-8.700217999999999563e+00,-1.448068000000000133e+00,-2.628435999999999595e+01,2.551279999999999859e+01,5.285999999999999943e+01,1.925025000000000119e+01,6.428959999999999297e+01,1.917845000000000155e+01,6.511480999999999142e+01,1.337583999999999946e+02,-4.362595000000000312e+01,6.707173999999999978e+02,0.000000000000000000e+00,0.000000000000000000e+00,1.147951000000000121e+01,8.700217999999999563e+00,1.448068000000000133e+00,-3.703080999999999534e+01,2.354586000000000112e+01,4.682694000000000045e+01,1.768622999999999834e+01,6.295545999999999509e+01,-1.892252000000000045e+00,5.227266999999999797e+01,1.280392999999999972e+02,-3.490337999999999852e+01,6.687201999999999771e+02,0.000000000000000000e+00,0.000000000000000000e+00
1.147951000000000121e+01,-8.700217999999999563e+00,-1.448068000000000133e+00,-2.636884000000000228e+01,2.555668000000000006e+01,5.242949999999999733e+01,1.936548999999999765e+01,6.452646999999998911e+01,1.900253000000000014e+01,6.508566999999999325e+01,1.338154000000000110e+02,-4.365097999999999701e+01,6.708931000000000040e+02,0.000000000000000000e+00,0.000000000000000000e+00,1.147951000000000121e+01,8.700217999999999563e+00,1.448068000000000133e+00,-3.691312999999999533e+01,2.346059999999999945e+01,4.710522999999999882e+01,1.816704999999999970e+01,6.334733000000000658e+01,-2.212234999999999729e+00,5.228810000000000002e+01,1.279582000000000050e+02,-3.490335999999999927e+01,6.684221999999999753e+02,0.000000000000000000e+00,0.000000000000000000e+00
1.147951000000000121e+01,-8.700217999999999563e+00,-1.448068000000000133e+00,-2.665989000000000075e+01,2.560261000000000209e+01,5.194162000000000035e+01,1.825857000000000241e+01,6.453225000000000477e+01,1.986167000000000016e+01,6.506176999999999566e+01,1.335647999999999911e+02,-4.316969000000000278e+01,6.710176999999999907e+02,0.000000000000000000e+00,0.000000000000000000e+00,1.147951000000000121e+01,8.700217999999999563e+00,1.448068000000000133e+00,-3.683377999999999730e+01,2.317002000000000095e+01,4.682105999999999568e+01,1.816704999999999970e+01,6.334733000000000658e+01,-2.212234999999999729e+00,5.231633000000000067e+01,1.280344000000000051e+02,-3.498370999999999498e+01,6.684814999999999827e+02,0.000000000000000000e+00,0.000000000000000000e+00
1.195608999999999966e+01,-8.668721000000001453e+00,-1.445410000000000084e+00,-2.599126000000000047e+01,2.586406000000000205e+01,5.222652999999999679e+01,1.953519000000000005e+01,6.472664000000000328e+01,1.843912000000000262e+01,6.534220000000000539e+01,1.333306000000000040e+02,-4.278772999999999627e+01,6.725724000000000160e+02,0.000000000000000000e+00,0.000000000000000000e+00,1.195608999999999966e+01,8.668721000000001453e+00,1.445410000000000084e+00,-3.669227999999999668e+01,2.342177999999999827e+01,4.596399000000000257e+01,1.830862000000000123e+01,6.254084999999999894e+01,-2.527458000000000204e+00,5.285440999999999434e+01,1.272625000000000028e+02,-3.441694000000000386e+01,6.683481000000000449e+02,0.000000000000000000e+00,0.000000000000000000e+00
1.189687999999999946e+01,-8.641073000000000448e+00,-1.438174000000000063e+00,-2.492937999999999832e+01,2.616376999999999953e+01,5.160130999999999801e+01,2.095730000000000004e+01,6.453973000000000582e+01,1.730919000000000096e+01,6.539085000000000036e+01,1.324153000000000020e+02,-4.149339000000000510e+01,6.741965999999999894e+02,0.000000000000000000e+00,0.000000000000000000e+00,1.189687999999999946e+01,8.641073000000000448e+00,1.438174000000000063e+00,-3.593977000000000288e+01,2.360801000000000016e+01,4.539504999999999768e+01,1.894874000000000080e+01,6.264680999999999500e+01,-3.482130999999999865e+00,5.236084999999999923e+01,1.262891000000000048e+02,-3.430125999999999920e+01,6.697024999999999864e+02,0.000000000000000000e+00,0.000000000000000000e+00
1.213584999999999958e+01,-8.230885000000000673e+00,-1.143755999999999995e+00,-2.438433999999999813e+01,2.647315999999999647e+01,4.994425999999999988e+01,2.276696000000000097e+01,6.384285999999999461e+01,1.472412999999999883e+01,6.576896999999999593e+01,1.295269000000000119e+02,-3.960430999999999813e+01,6.775762999999999465e+02,0.000000000000000000e+00,0.000000000000000000e+00,1.213584999999999958e+01,8.230885000000000673e+00,1.143755999999999995e+00,-3.504859000000000435e+01,2.428272999999999726e+01,4.133147999999999911e+01,2.122326999999999941e+01,6.295213999999999999e+01,-5.796838000000000157e+00,5.217316999999999894e+01,1.230441000000000003e+02,-3.276458000000000226e+01,6.720194000000000187e+02,0.000000000000000000e+00,0.000000000000000000e+00
1.203040999999999983e+01,-7.443138000000000254e+00,-1.337358999999999964e+00,-2.392462000000000089e+01,2.751225999999999772e+01,4.701104000000000127e+01,2.665665999999999869e+01,6.276413000000000153e+01,9.424116999999998967e+00,6.633176999999999168e+01,1.240229999999999961e+02,-3.619144000000000005e+01,6.808206000000000131e+02,0.000000000000000000e+00,0.000000000000000000e+00,1.203040999999999983e+01,7.443138000000000254e+00,1.337358999999999964e+00,-3.276429000000000258e+01,2.377697000000000216e+01,4.313987000000000194e+01,2.441744999999999877e+01,6.149170000000000158e+01,-8.789932000000000301e+00,5.191863000000000028e+01,1.172742999999999967e+02,-3.144020000000000081e+01,6.743022999999999456e+02,0.000000000000000000e+00,0.000000000000000000e+00
1.250737999999999950e+01,-6.622502000000000777e+00,-1.540416999999999925e+00,-2.269112000000000151e+01,2.768737000000000137e+01,4.261166000000000054e+01,3.141032999999999831e+01,6.008171999999999713e+01,3.129874000000000045e+00,6.673640000000000327e+01,1.156389000000000067e+02,-3.266917000000000115e+01,6.857327999999999975e+02,0.000000000000000000e+00,0.000000000000000000e+00,1.250737999999999950e+01,6.622502000000000777e+00,1.540416999999999925e+00,-2.849577999999999989e+01,2.315587000000000018e+01,3.854453000000000173e+01,2.892425999999999675e+01,5.932126999999999839e+01,-1.347207999999999828e+01,5.133850000000000335e+01,1.076919000000000040e+02,-3.028310999999999709e+01,6.783858999999999924e+02,0.000000000000000000e+00,0.000000000000000000e+00
1.258544000000000018e+01,-6.333101999999999343e+00,-2.016786000000000190e+00,-2.128837000000000046e+01,2.672609999999999886e+01,3.844639000000000095e+01,3.619097000000000008e+01,5.722296000000000049e+01,-2.935874000000000095e+00,6.680447999999999809e+01,1.060947000000000031e+02,-2.967815999999999832e+01,6.909982999999999720e+02,0.000000000000000000e+00,0.000000000000000000e+00,1.258544000000000018e+01,6.333101999999999343e+00,2.016786000000000190e+00,-2.481212999999999980e+01,2.076857000000000042e+01,3.219272999999999740e+01,2.998611999999999966e+01,5.423460999999999643e+01,-1.443707000000000029e+01,4.958753000000000100e+01,9.574848000000000070e+01,-2.921954000000000207e+01,6.818002999999999929e+02,0.000000000000000000e+00,0.000000000000000000e+00
1.336139999999999972e+01,-5.575330000000000119e+00,-2.220943000000000112e+00,-2.004779999999999873e+01,2.651020000000000110e+01,3.122547999999999746e+01,3.792757000000000289e+01,5.303455000000000297e+01,-7.332629999999999981e+00,6.507392000000000110e+01,9.407256999999999891e+01,-2.786288000000000054e+01,6.950593000000000075e+02,0.000000000000000000e+00,0.000000000000000000e+00,1.336139999999999972e+01,5.575330000000000119e+00,2.220943000000000112e+00,-2.120375999999999905e+01,1.824937999999999860e+01,2.285350999999999999e+01,3.095042000000000115e+01,4.586254999999999882e+01,-1.530353999999999992e+01,4.744024999999999892e+01,8.056319000000000585e+01,-2.772665999999999897e+01,6.873954999999999700e+02,0.000000000000000000e+00,0.000000000000000000e+00
1.337526000000000082e+01,-5.462130999999999403e+00,-2.121366999999999781e+00,-1.737819999999999965e+01,2.502651000000000181e+01,2.441427999999999798e+01,3.877302000000000248e+01,4.647637999999999892e+01,-9.605283000000000015e+00,6.250443000000000637e+01,8.008966999999999814e+01,-2.606467999999999918e+01,6.972335000000000491e+02,0.000000000000000000e+00,0.000000000000000000e+00,1.337526000000000082e+01,5.462130999999999403e+00,2.121366999999999781e+00,-1.923401000000000138e+01,1.537872999999999912e+01,1.532493999999999978e+01,2.974067999999999756e+01,3.587395000000000067e+01,-1.447191000000000116e+01,4.331056999999999846e+01,6.740716999999999359e+01,-2.487593999999999994e+01,6.934324000000000296e+02,0.000000000000000000e+00,0.000000000000000000e+00
1.337526000000000082e+01,-5.462130999999999403e+00,-2.121366999999999781e+00,-1.527180000000000071e+01,2.307702000000000098e+01,1.662207000000000079e+01,3.947327999999999548e+01,3.894995000000000118e+01,-1.216660000000000075e+01,5.781494000000000000e+01,6.581349000000000160e+01,-2.236983999999999995e+01,7.010963000000000420e+02,0.000000000000000000e+00,0.000000000000000000e+00,1.337526000000000082e+01,5.462130999999999403e+00,2.121366999999999781e+00,-1.718081000000000103e+01,1.216094999999999970e+01,7.614113000000000575e+00,2.984572999999999965e+01,2.602182999999999780e+01,-1.407954999999999934e+01,3.664902000000000015e+01,5.433949000000000495e+01,-2.098376999999999981e+01,7.004358999999999469e+02,0.000000000000000000e+00,0.000000000000000000e+00
1.242384000000000022e+01,-5.540129000000000303e+00,-2.213918000000000053e+00,-1.377759999999999962e+01,1.958954999999999913e+01,9.426410999999999873e+00,3.830948000000000064e+01,3.220139000000000351e+01,-1.307962000000000025e+01,5.107829000000000264e+01,5.364171999999999230e+01,-1.739198000000000022e+01,7.065153999999999996e+02,0.000000000000000000e+00,0.000000000000000000e+00,1.242384000000000022e+01,5.540129000000000303e+00,2.213918000000000053e+00,-1.590492999999999846e+01,9.814667999999999282e+00,4.268286999999999942e+00,2.954102999999999923e+01,1.829692000000000007e+01,-1.321542000000000172e+01,2.939324000000000225e+01,4.352993000000000023e+01,-1.151598999999999862e+01,7.106844999999999573e+02,0.000000000000000000e+00,0.000000000000000000e+00
1.251951000000000036e+01,-5.553552999999999962e+00,-2.213133000000000017e+00,-1.256321999999999939e+01,1.752602999999999867e+01,3.699126000000000136e+00,3.721142000000000394e+01,2.661364999999999981e+01,-1.450048999999999921e+01,4.063424000000000547e+01,4.241760999999999626e+01,-6.918047999999999753e+00,7.163641000000000076e+02,0.000000000000000000e+00,0.000000000000000000e+00,1.251951000000000036e+01,5.553552999999999962e+00,2.213133000000000017e+00,-1.375961000000000034e+01,7.552599000000000729e+00,-3.811511000000000204e-01,3.001392999999999844e+01,9.954660999999999760e+00,-1.301624999999999943e+01,1.806136000000000053e+01,3.375887000000000171e+01,1.037819000000000047e+00,7.224642999999999802e+02,0.000000000000000000e+00,0.000000000000000000e+00
1.258544000000000018e+01,-6.333101999999999343e+00,-2.016786000000000190e+00,-9.670400000000000773e+00,1.520547999999999966e+01,-1.422279999999999989e+00,3.762008000000000152e+01,2.185106999999999999e+01,-1.569963999999999871e+01,2.714234000000000080e+01,3.306304000000000087e+01,6.224648999999999432e+00,7.301459999999999582e+02,0.000000000000000000e+00,0.000000000000000000e+00,1.258544000000000018e+01,6.333101999999999343e+00,2.016786000000000190e+00,-1.306259999999999977e+01,5.252040000000000042e+00,-4.268180000000000085e+00,3.012722000000000122e+01,5.238863999999999521e+00,-1.387185999999999986e+01,3.489823999999999593e+00,2.836199999999999832e+01,1.653969000000000023e+01,7.367667000000000144e+02,0.000000000000000000e+00,0.000000000000000000e+00
1.274050000000000082e+01,-7.150114999999999554e+00,-1.833193000000000072e+00,-7.699264000000000330e+00,1.403938999999999915e+01,-5.004973000000000560e+00,3.883948000000000178e+01,1.778790000000000049e+01,-1.709405999999999892e+01,1.155808000000000035e+01,2.733535999999999788e+01,2.140817999999999799e+01,7.448952000000000453e+02,0.000000000000000000e+00,0.000000000000000000e+00,1.274050000000000082e+01,7.150114999999999554e+00,1.833193000000000072e+00,-1.395707000000000164e+01,5.570329000000000086e+00,-5.805498000000000047e+00,2.911411999999999978e+01,4.289698999999999707e+00,-1.516455000000000020e+01,-1.157776000000000138e+01,2.426910000000000167e+01,3.000342000000000198e+01,7.472218000000000302e+02,0.000000000000000000e+00,0.000000000000000000e+00
1.344887000000000121e+01,-6.820038999999999518e+00,-2.313277999999999945e+00,-7.694763000000000908e+00,1.314262999999999870e+01,-6.576432000000000500e+00,3.790859000000000378e+01,1.636970000000000169e+01,-1.894992000000000232e+01,-2.104884000000000199e+00,2.469640000000000057e+01,3.117890999999999835e+01,7.559479999999999791e+02,0.000000000000000000e+00,0.000000000000000000e+00,1.344887000000000121e+01,6.820038999999999518e+00,2.313277999999999945e+00,-1.349735000000000085e+01,5.364371000000000222e+00,-8.326662999999999926e+00,2.840287000000000006e+01,3.336574999999999847e+00,-1.623708999999999847e+01,-2.557258999999999816e+01,2.083163000000000054e+01,4.273760999999999655e+01,7.599856999999999516e+02,0.000000000000000000e+00,0.000000000000000000e+00
1.408857000000000070e+01,-6.325638999999999790e+00,-2.032227999999999923e+00,-8.468278999999999002e+00,1.172382999999999953e+01,-8.117975999999998749e+00,3.651353999999999900e+01,1.530433999999999983e+01,-1.967858000000000018e+01,-1.193473000000000006e+01,2.257847000000000293e+01,3.663147000000000020e+01,7.598398999999999432e+02,0.000000000000000000e+00,0.000000000000000000e+00,1.408857000000000070e+01,6.325638999999999790e+00,2.032227999999999923e+00,-1.343290000000000006e+01,5.287307000000000201e+00,-8.857608000000000814e+00,2.825815999999999661e+01,3.359755000000000269e+00,-1.780820999999999898e+01,-3.528750999999999749e+01,1.905277999999999849e+01,5.287565000000000026e+01,7.662729000000000497e+02,0.000000000000000000e+00,0.000000000000000000e+00
1.408857000000000070e+01,-6.325638999999999790e+00,-2.032227999999999923e+00,-8.623725999999999559e+00,1.205945000000000000e+01,-8.191466000000000136e+00,3.643762999999999863e+01,1.549690000000000012e+01,-1.958099999999999952e+01,-1.264855000000000018e+01,2.292392999999999859e+01,3.855394000000000432e+01,7.615144000000000233e+02,0.000000000000000000e+00,0.000000000000000000e+00,1.408857000000000070e+01,6.325638999999999790e+00,2.032227999999999923e+00,-1.341961000000000048e+01,5.253612999999999644e+00,-9.127950999999999482e+00,2.825815999999999661e+01,3.359755000000000269e+00,-1.780820999999999898e+01,-3.855474000000000245e+01,1.886457000000000050e+01,5.681890999999999536e+01,7.666669000000000551e+02,0.000000000000000000e+00,0.000000000000000000e+00
1.338233999999999924e+01,-6.331223000000000489e+00,-2.017211000000000087e+00,-8.183955000000000979e+00,1.212211000000000105e+01,-9.038044000000001077e+00,3.673187000000000069e+01,1.560979000000000028e+01,-1.958909999999999840e+01,-1.540803999999999974e+01,2.280076000000000036e+01,4.198037999999999670e+01,7.645457000000000107e+02,0.000000000000000000e+00,0.000000000000000000e+00,1.338233999999999924e+01,6.331223000000000489e+00,2.017211000000000087e+00,-1.400577000000000183e+01,4.605273000000000394e+00,-9.371862000000000137e+00,2.848982000000000170e+01,3.416241000000000305e+00,-1.782811000000000234e+01,-3.957307000000000130e+01,1.986117000000000132e+01,5.828334999999999866e+01,7.667182000000000244e+02,0.000000000000000000e+00,0.000000000000000000e+00
1.344858999999999938e+01,-6.361843000000000359e+00,-2.027277999999999913e+00,-8.013016000000000361e+00,1.153483999999999909e+01,-9.537936000000000192e+00,3.658440999999999832e+01,1.528725000000000023e+01,-1.944184999999999874e+01,-1.784036000000000044e+01,2.277574999999999861e+01,4.474992000000000303e+01,7.664669999999999845e+02,0.000000000000000000e+00,0.000000000000000000e+00,1.344858999999999938e+01,6.361843000000000359e+00,2.027277999999999913e+00,-1.392767000000000088e+01,4.283159999999999634e+00,-9.132433000000000689e+00,2.780019000000000062e+01,2.768197999999999936e+00,-1.796156000000000219e+01,-4.407742999999999967e+01,2.072820000000000107e+01,6.484581000000000017e+01,7.742757000000000289e+02,0.000000000000000000e+00,0.000000000000000000e+00
1.326973999999999876e+01,-6.029460000000000264e+00,-1.147485000000000088e+00,-8.032539999999999125e+00,1.107953999999999972e+01,-8.165445000000000064e+00,3.642222999999999900e+01,1.463612000000000180e+01,-1.939365000000000094e+01,-1.832467999999999719e+01,2.147922000000000153e+01,4.701912999999999698e+01,7.615345999999999549e+02,0.000000000000000000e+00,0.000000000000000000e+00,1.326973999999999876e+01,6.029460000000000264e+00,1.147485000000000088e+00,-1.347536000000000023e+01,4.792417999999999623e+00,-9.106854000000000227e+00,2.833199000000000112e+01,2.853321999999999914e+00,-1.887772999999999968e+01,-4.419710999999999501e+01,2.089728999999999814e+01,6.603145999999999560e+01,7.668662000000000489e+02,0.000000000000000000e+00,0.000000000000000000e+00
1.324717999999999840e+01,-6.024075999999999986e+00,-1.145550000000000068e+00,-7.664169999999999483e+00,1.158258999999999972e+01,-8.170730999999999966e+00,3.663448999999999955e+01,1.482756000000000007e+01,-1.871206000000000103e+01,-1.614780000000000015e+01,2.113032000000000110e+01,4.700553000000000026e+01,7.638070000000000164e+02,0.000000000000000000e+00,0.000000000000000000e+00,1.324717999999999840e+01,6.024075999999999986e+00,1.145550000000000068e+00,-1.347865000000000002e+01,4.658144999999999314e+00,-8.980019000000000418e+00,2.823920000000000030e+01,2.857321999999999917e+00,-1.860848999999999975e+01,-4.262500000000000000e+01,2.026878999999999920e+01,6.588230000000000075e+01,7.755960999999999785e+02,0.000000000000000000e+00,0.000000000000000000e+00
1.352887000000000128e+01,-6.075783999999999629e+00,-1.144303000000000070e+00,-7.769463000000000896e+00,1.154931999999999981e+01,-8.161115999999999815e+00,3.674443000000000126e+01,1.468242000000000047e+01,-1.896273000000000053e+01,-1.527963999999999878e+01,2.124407000000000068e+01,4.681492000000000075e+01,7.635294999999999845e+02,0.000000000000000000e+00,0.000000000000000000e+00,1.352887000000000128e+01,6.075783999999999629e+00,1.144303000000000070e+00,-1.386887000000000114e+01,4.385053000000000090e+00,-1.044663000000000075e+01,2.850280999999999665e+01,2.860792000000000002e+00,-1.820837999999999823e+01,-4.074761999999999773e+01,2.063682000000000016e+01,6.439558000000000959e+01,7.744433000000000220e+02,0.000000000000000000e+00,0.000000000000000000e+00
1.266613999999999862e+01,-6.055642999999999887e+00,-1.138402000000000136e+00,-7.713086999999999804e+00,1.147818999999999967e+01,-6.406825000000000436e+00,3.715787999999999869e+01,1.542282999999999937e+01,-1.814258999999999844e+01,-1.336478999999999928e+01,2.071109999999999829e+01,4.473973000000000155e+01,7.602762999999999920e+02,0.000000000000000000e+00,0.000000000000000000e+00,1.266613999999999862e+01,6.055642999999999887e+00,1.138402000000000136e+00,-1.388734000000000002e+01,4.435008999999999979e+00,-9.490125000000000810e+00,2.846742000000000061e+01,3.355383000000000226e+00,-1.749937999999999860e+01,-3.836684000000000339e+01,2.002337999999999951e+01,6.198084000000000060e+01,7.725191999999999553e+02,0.000000000000000000e+00,0.000000000000000000e+00
1.266613999999999862e+01,-6.055642999999999887e+00,-1.138402000000000136e+00,-7.682583999999999413e+00,1.091052000000000000e+01,-7.220600000000000129e+00,3.715787999999999869e+01,1.542282999999999937e+01,-1.814258999999999844e+01,-1.340562000000000076e+01,2.092840999999999951e+01,4.467788000000000181e+01,7.607297999999999547e+02,0.000000000000000000e+00,0.000000000000000000e+00,1.266613999999999862e+01,6.055642999999999887e+00,1.138402000000000136e+00,-1.390482000000000085e+01,4.174786000000000108e+00,-8.406973999999999947e+00,2.855292999999999992e+01,4.120848000000000511e+00,-1.735947999999999780e+01,-3.894857000000000369e+01,2.033287999999999940e+01,6.253493000000000279e+01,7.735172999999999774e+02,0.000000000000000000e+00,0.000000000000000000e+00
1.270795000000000030e+01,-5.779716000000000520e+00,-1.633424999999999905e+00,-7.689617000000000147e+00,1.169951000000000008e+01,-5.677948999999999913e+00,3.741834000000000060e+01,1.589482999999999890e+01,-1.816304999999999836e+01,-1.429748999999999981e+01,2.122159999999999869e+01,4.522735000000000127e+01,7.606834999999999809e+02,0.000000000000000000e+00,0.000000000000000000e+00,1.270795000000000030e+01,5.779716000000000520e+00,1.633424999999999905e+00,-1.404172999999999938e+01,3.906592999999999982e+00,-8.757160000000000721e+00,2.861100999999999672e+01,3.731173999999999769e+00,-1.698734999999999928e+01,-3.999890999999999508e+01,1.988905000000000101e+01,6.433634999999999593e+01,7.753146000000000413e+02,0.000000000000000000e+00,0.000000000000000000e+00
1.252826999999999913e+01,-5.735141999999999740e+00,-1.623156000000000043e+00,-8.217566999999998956e+00,1.178143000000000029e+01,-7.072405000000000719e+00,3.710114000000000090e+01,1.607661000000000229e+01,-1.779244999999999877e+01,-1.287152999999999992e+01,2.111453999999999809e+01,4.379855999999999483e+01,7.597829000000000406e+02,0.000000000000000000e+00,0.000000000000000000e+00,1.252826999999999913e+01,5.735141999999999740e+00,1.623156000000000043e+00,-1.415758999999999901e+01,4.252555000000000085e+00,-8.708047000000000537e+00,2.864092000000000127e+01,3.842230000000000256e+00,-1.684262000000000015e+01,-3.944077000000000055e+01,1.979364999999999952e+01,6.426430000000000575e+01,7.745254999999999654e+02,0.000000000000000000e+00,0.000000000000000000e+00
1.343067000000000100e+01,-5.289976000000000234e+00,-1.338710999999999984e+00,-8.617860999999999549e+00,1.193024999999999913e+01,-7.240389999999999660e+00,3.702909000000000361e+01,1.528833999999999982e+01,-1.860572999999999766e+01,-1.595472999999999963e+01,2.122503999999999991e+01,4.665785999999999945e+01,7.618894999999999982e+02,0.000000000000000000e+00,0.000000000000000000e+00,1.343067000000000100e+01,5.289976000000000234e+00,1.338710999999999984e+00,-1.356682000000000166e+01,5.025123000000000673e+00,-9.578041999999999945e+00,2.969957999999999743e+01,3.475881999999999916e+00,-1.762218999999999980e+01,-3.948745999999999867e+01,1.999246000000000123e+01,6.530225000000000080e+01,7.756037000000000035e+02,0.000000000000000000e+00,0.000000000000000000e+00
